label,x0,y0,x1,y1,x2,y2,x3,y3,x4,y4,x5,y5,x6,y6,x7,y7,x8,y8,x9,y9,x10,y10,x11,y11,x12,y12,x13,y13,x14,y14,x15,y15,x16,y16,x17,y17,x18,y18,x19,y19,x20,y20
POINTING,0.0,0.0,0.2957394201616977,-0.11297988383902219,0.5094422955237404,-0.39399616689824923,0.622613876689122,-0.7057604402928391,0.48991472787859364,-0.8692722609855837,0.40686362171902285,-0.9392725610040671,0.4736534479431914,-1.3638835733599832,0.5156347711968722,-1.6238449696677224,0.539750034040199,-1.842278335175131,0.2521387109224854,-0.9676911028083017,0.3501712891529064,-1.3336156087785858,0.35199606513096593,-1.0453334754249586,0.32836460982559385,-0.83710597124785,0.09326479187053877,-0.9577195816790001,0.1517748584721137,-1.327207310605369,0.19045129373808908,-1.0707541057763519,0.1720660856704311,-0.8257647922826619,-0.07816178108664974,-0.9158536680401684,-0.017616853886086727,-1.2242186392536623,0.04670542348816821,-1.0667184206342804,0.051204963997491755,-0.8629013894332277
POINTING,0.0,0.0,0.29218900497777406,-0.10579634706204491,0.5118280904194095,-0.4118139275058382,0.6176717593078523,-0.7440728829279616,0.4711392066882654,-0.8919160949852417,0.4047391851647416,-0.9288563401569462,0.4685679248260375,-1.3534316454373052,0.5074534073697549,-1.610685118134904,0.5356605775627133,-1.8274193416265885,0.25280703114070147,-0.9675167207887543,0.3549349023000465,-1.337498153758832,0.3483430753185025,-1.0603898132275074,0.32031756404928463,-0.8388853944813836,0.09416888299656716,-0.960790039531437,0.15633747989570654,-1.337257665788613,0.1888168025144575,-1.0834604965425694,0.17335523615388715,-0.8318639215186365,-0.07863930767237574,-0.9169436521870045,-0.022258196000623388,-1.2273012647256036,0.04259856508605461,-1.0780621880841925,0.05469226550669875,-0.8738551898325845
POINTING,0.0,0.0,0.2969149847388974,-0.11474454504163292,0.5041185110147182,-0.39456376015902184,0.6228834365956712,-0.7058800166318027,0.49484527967126146,-0.8726113560402653,0.40586288078555405,-0.9409668146852694,0.47026153663851394,-1.3683996187746073,0.5108331288771253,-1.6306718967729126,0.5345811111541859,-1.8464387463083651,0.25260728787194153,-0.96756889062949,0.3478289046204456,-1.3322878491686803,0.34117708281170034,-1.0463057615981335,0.31774008431076195,-0.838963093859012,0.09307443467298199,-0.9588858379646399,0.15320803988542459,-1.3320611580206063,0.1886231901989653,-1.078409918327103,0.17264081284839985,-0.8298464618029031,-0.08069931278671208,-0.9192297392303483,-0.02357327375432088,-1.2234245063146099,0.04110431643658531,-1.0700958250480839,0.0508102151954178,-0.864926265556017
POINTING,0.0,0.0,0.30291541430454405,-0.11733315971079288,0.5107496669074986,-0.39359557419765945,0.6296253252670061,-0.7033215778855074,0.5019965355754767,-0.8751851718970177,0.4105290326620269,-0.942469170529788,0.47521728235507255,-1.3699986639822912,0.517609785461279,-1.634833109177181,0.543272201869425,-1.8512356455183627,0.25530172209202456,-0.9668614330382853,0.35275384649809877,-1.3356043993339461,0.34646180256803366,-1.0504342226565675,0.3226967343827595,-0.8439076978067265,0.09407862297504646,-0.9591989944736283,0.15620173459500167,-1.3292343174005308,0.19240926611580725,-1.078112752195041,0.1758872807600144,-0.8303834753473115,-0.0794786847388087,-0.9232550054355178,-0.022261851292454674,-1.2251744498690196,0.0420595935094223,-1.0711313725687144,0.0513277231127124,-0.8668587534183326
POINTING,0.0,0.0,0.2893737154104806,-0.10640163696908088,0.496695823887951,-0.3863629239153993,0.6034471784309645,-0.6893310962616419,0.4944799477186435,-0.8706509349363978,0.4004997946311328,-0.9380373189887383,0.46416492850455693,-1.3614430939119033,0.5059867756222253,-1.6142547874287407,0.5290324606636356,-1.8297327628268052,0.24835233874870882,-0.9686697661422321,0.3439843410024458,-1.3273853414959298,0.33881891087935184,-1.0406319038871599,0.3086537520255022,-0.8347203837179495,0.0896844598943759,-0.9606382403545888,0.15101106906735165,-1.3182361777132612,0.18361669933065536,-1.0611208487947967,0.1623344449747788,-0.8267456251910041,-0.0845506684051113,-0.9198585151512009,-0.030657705980501604,-1.223176925871933,0.02902903243905573,-1.0633647179940355,0.03515612079039488,-0.8646974033706328
POINTING,0.0,0.0,0.28812764792477746,-0.11129616078686447,0.49871624360067945,-0.3967066469494316,0.6054167444054738,-0.7108005588937785,0.47742531002553673,-0.8725228453103786,0.3980472730171301,-0.937236883744954,0.46072527422389037,-1.3506699517056977,0.5011547518071519,-1.5987776719845617,0.523871773787642,-1.8090013795170377,0.249739742027944,-0.9683129975642256,0.3400170586700723,-1.3235209867514046,0.33629314027368973,-1.0436636219109239,0.30613523175078533,-0.8355457115264525,0.09337120771502928,-0.9569665851579248,0.15430366641697701,-1.3118215273689424,0.18700369335991915,-1.0644030402498832,0.16637071681800172,-0.8283946761653418,-0.08104429517588214,-0.9128309509291777,-0.026949981860911534,-1.2111938721624793,0.03596561494118008,-1.0639256610174432,0.045744617184997,-0.8669127061937463
POINTING,0.0,0.0,0.28557153227237814,-0.10626453437037797,0.49559504355928036,-0.3860619685769482,0.6039945842553119,-0.695206741402272,0.49513839302498197,-0.8768254759898116,0.3974444395359239,-0.9378478150661668,0.4611412980585511,-1.3570129984596178,0.4996804280104431,-1.6076632589825137,0.521462930389337,-1.8211360548977809,0.24868810037339448,-0.9685836198969464,0.3407955618709849,-1.3290462282126316,0.3371285040079475,-1.0531048821441416,0.3091170656480231,-0.8467567149789087,0.09257408143680547,-0.9570178154657375,0.15415224720546084,-1.3217684331506963,0.18359565463522937,-1.0765706602804532,0.16208478617211605,-0.8413701289769382,-0.08090560508223431,-0.9116981954426219,-0.024466343866126943,-1.2134069574552555,0.03404292833448919,-1.0691750449785942,0.0399635895998508,-0.8752329606589724
POINTING,0.0,0.0,0.32058910850100175,-0.11687192695526803,0.5367732953380456,-0.4043611800422276,0.6322605384721918,-0.7217106336990066,0.5109753239068007,-0.8957644983148967,0.42239368519265297,-0.9336870112177491,0.4885316467528605,-1.3492233542661534,0.5276850460254476,-1.6175185019493714,0.5489094726459982,-1.8467338999150504,0.2695210094872583,-0.9629945095611757,0.37700585769651973,-1.316047469239629,0.3864121091274132,-1.0555717358057395,0.3600668567117089,-0.8663258323617616,0.11030706742460326,-0.9610267309647215,0.18744896008113607,-1.329612342135183,0.2259533970266571,-1.0797100138528497,0.19763573812504318,-0.8504257264469911,-0.05611302742182789,-0.9329240705846662,0.02172476758339046,-1.2362623905769732,0.07833416920566781,-1.0720852354114756,0.07498569284653561,-0.8763625345618994
POINTING,0.0,0.0,0.3408779855859457,-0.13269363623365826,0.5416366209000429,-0.40246140021020793,0.6493295709263313,-0.697067864732985,0.5210903380606122,-0.8674228299931586,0.4244406020038258,-0.9496845707226789,0.49724270382418984,-1.3657994334453465,0.5511949887883468,-1.6350231090313474,0.5808777484685759,-1.8514975904919855,0.27176770018256324,-0.9623628822525734,0.3769341594473836,-1.3103052499981072,0.3841759030927357,-1.04471741743244,0.3597124266175314,-0.8491407047670507,0.11418802204792235,-0.9597395507711217,0.1927242274468176,-1.3108172379828675,0.2322871683271626,-1.0670064286046128,0.20585895819178832,-0.8334932405773786,-0.04897631743998249,-0.9405351458190413,0.025055715474435886,-1.229239047070725,0.07623455235360112,-1.0637781798123997,0.0711992395414144,-0.8645410767575444
POINTING,0.0,0.0,0.32298939145478267,-0.11289722819212256,0.5308913553922044,-0.39255175777895046,0.6436365562259161,-0.6980528403358573,0.5196357606091252,-0.8653791234794678,0.4213925296516365,-0.9401519931546399,0.49360403043662077,-1.3600014247394037,0.5490683387134803,-1.6269361961458386,0.5804036363482593,-1.8444014825014015,0.27103326052277177,-0.9625699827495118,0.3775222434588406,-1.3166798771530612,0.38150606672129106,-1.0383858497709935,0.3512447425165728,-0.8369873689611589,0.11376415095710896,-0.9584615758519739,0.18825592625823992,-1.3174055055009366,0.22608546853948736,-1.0682923076127364,0.19690151426524116,-0.8306003178676719,-0.054361260803277835,-0.9346207243047902,0.015087390687118856,-1.2318344817180822,0.07494622705616615,-1.0715214284837906,0.07279515541566627,-0.8708042856564678
POINTING,0.0,0.0,0.29898540114557104,-0.10099244143912899,0.5166327734375672,-0.40120991428844816,0.6271992380983463,-0.7185537670972337,0.49826035024672005,-0.8926908181318182,0.41482292980898683,-0.92761448266891,0.4892808630018979,-1.3547727792725075,0.5375689041260295,-1.6115716274923721,0.5684816550653973,-1.8344653762333243,0.2678307935676717,-0.9634659651575199,0.3674008521062719,-1.3435830777437625,0.3744780412586836,-1.0634064726472305,0.35219548937332545,-0.8463468540370951,0.11201733320017031,-0.961574518737057,0.17030532566989456,-1.349157852915032,0.2116440917246966,-1.094132981766798,0.19524504507751658,-0.8418089561204166,-0.059089524088952246,-0.9287772393180931,0.005873738733425333,-1.2459073141895114,0.06957698679678975,-1.0895408254903816,0.07236057629724288,-0.8821994216928997
POINTING,0.0,0.0,0.29661194639968747,-0.10363505244237597,0.5140731152784698,-0.39447161132727426,0.625825685923211,-0.7066877445273856,0.49599940949054455,-0.8594410720621375,0.4150980920054152,-0.9289154830558732,0.48550727049222714,-1.3477271944486986,0.5328323623531349,-1.6026585284406014,0.5623558530837688,-1.8206798809379716,0.2668078223579533,-0.9637497527515153,0.36483738347725786,-1.334227283667446,0.37751962653104054,-1.0528205726124118,0.3603942257813483,-0.843111814343116,0.11114243348452464,-0.9597642994573568,0.17005769463141687,-1.3388900203457987,0.21726974799026538,-1.0835912773783407,0.20487341789019411,-0.8353507397047292,-0.05856152509194534,-0.9240866406984468,0.004684938252409816,-1.2336939535713933,0.06815260508462691,-1.0752910023163589,0.07172272649337517,-0.8686317114690812
POINTING,0.0,0.0,0.29070431168039135,-0.1000471932301121,0.5073423695663404,-0.3930890005058944,0.6261500185299466,-0.707717558629496,0.5030342486678704,-0.8816027097547032,0.4095371313833447,-0.9269901539004431,0.48214497088776626,-1.3521285425761076,0.5282422028177836,-1.6070330259240087,0.5568574089853402,-1.8285635447756365,0.2640597308159138,-0.9645063289379843,0.36517952232594647,-1.3449941265633125,0.3783098520390246,-1.0669022498676046,0.3613629074775234,-0.8551431202917714,0.11019830882100347,-0.9606945858455639,0.16887211419846243,-1.3549652578352165,0.21403802877263653,-1.0988972367620118,0.20213348700045178,-0.8460900443732591,-0.0594476026225493,-0.9232992574222,0.004787988864732675,-1.2407642601517992,0.06926364966170165,-1.085642135964643,0.07451486132635463,-0.8766917090509032
POINTING,0.0,0.0,0.29810793215214954,-0.11627911794212217,0.511326105796611,-0.4058894491589511,0.6079786951327231,-0.7199393224647639,0.4970847122695509,-0.9096073651686175,0.4056239371517447,-0.9236402966207732,0.47151336441461406,-1.3449170047716932,0.5090354563820975,-1.6016503522530194,0.5360568458812784,-1.8229935448104693,0.25789868022171253,-0.9661719674777876,0.3651251094985806,-1.3383520716851618,0.36778807055660034,-1.0815119245675358,0.3419037592104809,-0.8638965800746049,0.10069921403657425,-0.9642480869408457,0.1670918162947705,-1.345469388713366,0.20266096200150907,-1.106206298700096,0.18606078359576445,-0.8625874057987463,-0.07314761165945886,-0.9263224545754443,-0.013499068460069206,-1.2355418749640015,0.05217878737139586,-1.0920241181359465,0.06171180402117344,-0.8961295214463952
POINTING,0.0,0.0,0.2858850480216031,-0.0990096961822587,0.5037689503058078,-0.3984474196320824,0.60210772729105,-0.7171811344281087,0.4701831605146865,-0.8955094654980801,0.4005088881636293,-0.9233382141890902,0.4675877554861959,-1.3433088723693443,0.5068001971472018,-1.5985399371510887,0.533987091732763,-1.8186275385306683,0.25473588174022405,-0.9670106672390075,0.3560211323831217,-1.3345706409744276,0.3541187144915414,-1.065796185446491,0.3274858059336812,-0.8445282184038089,0.09794061214288924,-0.9654132982482769,0.16178410418004374,-1.334959521134752,0.18894812346205642,-1.086789658876601,0.16793231297083414,-0.8461518267133157,-0.07787654883989355,-0.9268705647388055,-0.021570603882577873,-1.239194484919934,0.03831909377713261,-1.0890097743662874,0.04571737062654382,-0.887708179624388
POINTING,0.0,0.0,0.2947767983899713,-0.11367940639766395,0.4992230780272797,-0.39357984422123204,0.6116732254114008,-0.7018841727547357,0.48865412869396113,-0.8903514378337394,0.4001255673112827,-0.934280675107765,0.46116690703494767,-1.351318427964856,0.5011866732186971,-1.6107891977770368,0.526408530665693,-1.8287816736828633,0.25039930359274126,-0.9681426489729033,0.34848694989466356,-1.343909870010436,0.34786920936706117,-1.0742476664796812,0.3230803248626655,-0.8643565593411452,0.09111557809625909,-0.9652649547042936,0.15577584661694643,-1.335769545851871,0.19045169058381087,-1.0873622424233513,0.17177393308556252,-0.8435000051670443,-0.08263195955208998,-0.9308881745225243,-0.018366520153380136,-1.238948490813463,0.04091614596838294,-1.0823781165286521,0.04395710119972876,-0.8788763698679688
POINTING,0.0,0.0,0.29077955055061583,-0.11118943565198201,0.5012252683789296,-0.39748223088619794,0.6145862073280219,-0.7184437883039437,0.47802076821939427,-0.8907930134681384,0.4000777460245913,-0.9320075003167814,0.46334500165851694,-1.352033764260611,0.500416765547289,-1.613055453754366,0.5240791717016126,-1.8329411622253837,0.25101474210150604,-0.9679832639295549,0.3463640867336566,-1.343192347048192,0.3397454829400577,-1.069577036976883,0.31522339780137004,-0.8588647208660566,0.09286502375229269,-0.9621710194638176,0.1509563876048708,-1.3428199132665912,0.18173643202634104,-1.0929116210220062,0.16377949705576356,-0.8466756866267885,-0.08216317922869013,-0.9209084377491333,-0.028669630982061215,-1.2366990602380206,0.03458784491587275,-1.0879988443295305,0.04399487918797476,-0.8843753631538206
POINTING,0.0,0.0,0.30260844286967875,-0.1072727695234221,0.5097626188721989,-0.39257792309211004,0.6221043618664148,-0.7064368429493691,0.4950077398296593,-0.889317857333598,0.4045229540743818,-0.9356211415600765,0.46932127303143445,-1.3596956959591369,0.5085684402055768,-1.6206423894333464,0.5318134239952144,-1.8417573981248019,0.2538988223918376,-0.9672307832094873,0.35133739406399345,-1.3428378242160495,0.34936985155859573,-1.0756170290377505,0.32322972123250315,-0.8686742742979195,0.09293992192724816,-0.9646853469074166,0.15918709836096537,-1.333357662353903,0.19443848477818215,-1.0862262128858182,0.1749306827201988,-0.8435905743860959,-0.0828863272029994,-0.9331910136576693,-0.01924555317715398,-1.2419080981128114,0.04183964605895979,-1.0869647003270402,0.046889694352786566,-0.8842961968052219
POINTING,0.0,0.0,0.29851976984296563,-0.10921086445267847,0.5090288796477378,-0.3930643157314105,0.624358694851385,-0.7148054211435497,0.48792784633233754,-0.8923173942221465,0.4079199853386868,-0.931861165451365,0.47198035526071314,-1.35340369018151,0.5101445880615272,-1.6187809886564752,0.5349332027460059,-1.840948674341062,0.25569114047654057,-0.966758522425226,0.3556070292769811,-1.3415027557023087,0.34992099593554876,-1.066826992470131,0.3275448289482906,-0.857732312143509,0.09447556896702461,-0.9632150679308661,0.15847608731910268,-1.3378492602049048,0.19064456161381924,-1.0887786964175992,0.17287602613816289,-0.8410460701916933,-0.08218989356620487,-0.9267321811387562,-0.021826632953764368,-1.2377975647031467,0.04041698684727566,-1.086267077621294,0.048701195627651454,-0.8811544054450653
POINTING,0.0,0.0,0.30724616268718513,-0.10789041658842163,0.5120990694027501,-0.3891239782299802,0.6272944075503412,-0.6989325981752793,0.5032921021746001,-0.896011058005257,0.4089130217542142,-0.9370050679954894,0.4744684716392266,-1.369559934836817,0.5157261559506985,-1.636265286276829,0.5401481396126249,-1.8607611135955695,0.2557416425502063,-0.9667451640767192,0.3533411415380531,-1.348999596303756,0.3523424988559592,-1.0766738185425861,0.3282443257639761,-0.8669214402160016,0.0923680535152047,-0.9644692383565465,0.1592137116501213,-1.3359799624045334,0.19785070722283396,-1.0866107213940046,0.1802822150902151,-0.8407338726187166,-0.08482707677164379,-0.9348451970720234,-0.020071085251751764,-1.243646874988688,0.04422776193410272,-1.0863841900499056,0.052501394105875586,-0.8822156392867837
POINTING,0.0,0.0,0.301722801194629,-0.11064748601633251,0.5115268382802727,-0.38967098910458503,0.6055337738553183,-0.7058147563707791,0.4859342774265428,-0.9235968504108466,0.41489940684495596,-0.926860248155249,0.4862913392228132,-1.355188147245981,0.522899569703586,-1.6279218066095442,0.548538159118391,-1.8618239742848934,0.26229566179593233,-0.9649875573306809,0.370781439591824,-1.354950378406817,0.365238538640797,-1.0980216740680975,0.34308627227950744,-0.871303502579036,0.09617395478330285,-0.9659156184067993,0.16871237963362398,-1.356371680453985,0.19593500520945764,-1.1151302723330996,0.1766499913731386,-0.8570275673286106,-0.08396998567713893,-0.932869562779894,-0.032904156926785666,-1.2608658207021475,0.028626088151105386,-1.1144625858391584,0.03927189513944872,-0.9030068315426211
POINTING,0.0,0.0,0.2892829623470443,-0.10224362708089384,0.5008924414784953,-0.38050380845236026,0.597885232589853,-0.6836565147032366,0.4947366904332398,-0.8999330913303568,0.40350272961668154,-0.931970457365144,0.47107360282100436,-1.3537917621156512,0.511743259148498,-1.6135529741619181,0.5356515115668142,-1.831524560305315,0.2497498697193562,-0.9683103854524977,0.34234495020984856,-1.3348675014401654,0.3368271361900226,-1.069070310456417,0.31015328558258815,-0.8599832720617652,0.08808683158915605,-0.9674564571623223,0.15549965914065064,-1.3230878142728884,0.17967676313943418,-1.0801367179204133,0.15567710921317413,-0.8471442374027114,-0.08852563912143703,-0.9383633438014339,-0.03398744330236823,-1.2465213197450133,0.021799995674322708,-1.1016860620217068,0.029535667953524334,-0.9061841247674953
POINTING,0.0,0.0,0.29809828106874386,-0.09471329949182383,0.5208358916144271,-0.37719560615670017,0.6066545412876967,-0.6972763468128353,0.4833261674736157,-0.8893518139985156,0.4212849306508136,-0.921580988442502,0.48816766290317426,-1.3333516223760329,0.5224306858408755,-1.5881511674837114,0.5441170052419745,-1.8047211298280958,0.2704217331672407,-0.9627419624337695,0.3630358746778371,-1.3184466488301476,0.3493015803058886,-1.0714209158180827,0.31793134460759026,-0.8579202349759139,0.11035095558790206,-0.9636970145345622,0.17784077522216196,-1.3140288718367794,0.19182335141101087,-1.0850305404598197,0.1692047192448523,-0.8503535888052643,-0.06484385995191409,-0.9344132450952217,-0.005585547647618075,-1.2252497457386688,0.037142721838513464,-1.077236633137279,0.042773615952157555,-0.8788676581711254
POINTING,0.0,0.0,0.29036498906017105,-0.09736544617042531,0.5022276603172099,-0.3773914082947092,0.6046173786822858,-0.6836187911589557,0.4945170149783206,-0.875200296395811,0.41087916517949674,-0.9273140985577017,0.47431115924799266,-1.341733372170793,0.514100051987491,-1.593786940920148,0.5388220322598378,-1.8041041768040007,0.26026501439552435,-0.965537219521701,0.3532519675466808,-1.3289088432644807,0.3446253968881368,-1.0634173734745365,0.3172575850735817,-0.855893309647714,0.1005611477906558,-0.964757482496245,0.15860661929814,-1.3231298937401272,0.18128170787704279,-1.077166487071811,0.15832309048911927,-0.8405827539605942,-0.07481434404433354,-0.9298410605483262,-0.023246475882597973,-1.228535577590677,0.02985593783689166,-1.0767085900132813,0.036521948109874816,-0.8793253060004441
POINTING,0.0,0.0,0.2845808678985454,-0.09894980433272102,0.4931553617380157,-0.37147382422350134,0.596328167148992,-0.6663164647893094,0.5010785801670748,-0.879962593503639,0.4028129027999294,-0.9312959746849611,0.47132999792333174,-1.3502650828148972,0.5098702048483905,-1.6031376544817975,0.5320367094312651,-1.8174187426553137,0.25335317415562636,-0.9673738517994318,0.34745015878937535,-1.3344954949010817,0.3379697935694985,-1.0674160183987664,0.3086800641132639,-0.8568375202707325,0.09393023692441314,-0.9645188410195856,0.15858353058058022,-1.3258297548540867,0.1789703823383613,-1.0806705499535874,0.15525108090491238,-0.8455084304473494,-0.0818099852421891,-0.9291281226472239,-0.02741226888384683,-1.2326038128000147,0.02378389145524698,-1.0886576993225894,0.029206026060639198,-0.8952116385683104
POINTING,0.0,0.0,0.29304835558698983,-0.1083618998123968,0.5087205190713313,-0.38718698239817684,0.6109875050500996,-0.6958154755237304,0.4911041589906977,-0.88446381704979,0.40975087261593984,-0.9298174770788639,0.4799429563109199,-1.3463312482046677,0.5197798907868048,-1.5992431275831112,0.5457354133559302,-1.81487548441777,0.25940128901274717,-0.9657696263905411,0.35220196275137966,-1.3396976882442708,0.34360954533218296,-1.074417578639029,0.3171346848451055,-0.8591200737545243,0.09950577987005357,-0.9603781396986459,0.16384046714944475,-1.331804333782623,0.1888226443974274,-1.0934053505376315,0.17220541799902656,-0.8479310989935726,-0.07583391586145714,-0.9222067366051622,-0.021156639190279287,-1.2308431646110511,0.029943857921710098,-1.0918749766169435,0.03793335668342174,-0.8925931019534104
POINTING,0.0,0.0,0.29321782104595884,-0.10188183790449741,0.5063360062777719,-0.38119244749550985,0.6138571175389169,-0.6914430297215092,0.4889805615199031,-0.8695694024706915,0.4142352988944703,-0.929774946102222,0.4822276718716542,-1.3486625096282243,0.5219461226452917,-1.6062838510598867,0.5463515539692044,-1.8200509829282936,0.2603892082097635,-0.9655037339378302,0.35647016582196306,-1.3361214667310102,0.34613554148916775,-1.061821467585363,0.3170382060966767,-0.8497181314859555,0.0980897092848592,-0.965178266319273,0.16262125448915626,-1.3278507445919825,0.18788536351791427,-1.0805450695014847,0.16486002095537883,-0.8412042697899282,-0.07949364294879951,-0.9339846808312107,-0.021486563479605057,-1.2369983480422186,0.031016467468350437,-1.0826494065725067,0.03266355899297584,-0.8802786791415897
POINTING,0.0,0.0,0.28926481239828017,-0.10391594202203423,0.5023448625401734,-0.37657510357885243,0.6123406979554953,-0.6883311475082728,0.48482305248496815,-0.8761061432098018,0.41237079072901683,-0.9292843343773179,0.4808006734833091,-1.3496753620658821,0.5207663960824864,-1.6075782896662731,0.5453196485754618,-1.8205598579945363,0.258478575671179,-0.966016990491885,0.3528412515863633,-1.339231783250885,0.3433007099130376,-1.0658535586537663,0.3164660725261171,-0.8526306237270908,0.09561179113947782,-0.9649762378665505,0.1596815672189893,-1.3304276681677731,0.1847618233337591,-1.085797385102596,0.1629194053661711,-0.8432890338737634,-0.08359913061552626,-0.9321730458796792,-0.023387906456049583,-1.233485643540285,0.030791140935855273,-1.0841943715709101,0.0333275446850149,-0.8819583222614791
POINTING,0.0,0.0,0.28700859901293385,-0.10082849552481452,0.502482826384011,-0.37283929243990926,0.6150263597075535,-0.6799652599097089,0.4992346216640524,-0.8812249477058753,0.41278370250740204,-0.9278154814206823,0.4825469616710909,-1.3480837071368221,0.523349953038978,-1.60504103728842,0.5466941573157156,-1.8201832552674104,0.26012045499158193,-0.9655761745688283,0.3532892550896645,-1.3396854655891948,0.34768268885952774,-1.0670577406141917,0.32155947231720283,-0.8551042373925729,0.09878618268505338,-0.9640120238452031,0.1632499546272578,-1.3334615755787775,0.18986505159194722,-1.0865015929979565,0.16720399258402846,-0.8443063475092915,-0.07886918064319746,-0.9297283936988077,-0.020805262370148327,-1.2362907234521248,0.03516516322836428,-1.0872993652678573,0.03868997648833311,-0.8857229692673205
POINTING,0.0,0.0,0.2906537995740213,-0.10126858159481768,0.5028647614483464,-0.3761819426815157,0.620097890623672,-0.6815398258146135,0.5028902979147508,-0.8742239030450113,0.41397511494550937,-0.9284984703293445,0.485730324500685,-1.3521934028000433,0.5274047736532949,-1.6110570947515517,0.5521799341530509,-1.8275589809963977,0.2613072125805832,-0.9652556866723789,0.35943520781494254,-1.3462894249683088,0.35376597927072806,-1.0687862405804274,0.327842874804635,-0.8564100896890485,0.09971019213200098,-0.9645535668486861,0.16486169807547466,-1.3417053632438538,0.19564165224829103,-1.0920844091040307,0.17461888928326633,-0.8477614737285537,-0.07796801902748875,-0.9315375758363311,-0.019637409662583916,-1.2403277196571003,0.040677329940974095,-1.0897526105154756,0.04611420324139406,-0.8868330653419195
POINTING,0.0,0.0,0.2944377577421643,-0.10155662369043016,0.5054169505749595,-0.36950657616555566,0.6190159333055513,-0.6694838297288107,0.5157660861198337,-0.8812759137846663,0.41500382735634883,-0.9285134372659167,0.4869167778703088,-1.3546494360640866,0.5296100274951497,-1.6132034909066724,0.5545973360595794,-1.8314804450163071,0.26290480221008167,-0.9648217788663758,0.36059915965000483,-1.3388792930236342,0.3524581186931681,-1.0625409268895896,0.3240784986991055,-0.8508941209831251,0.10160260622395301,-0.9666512172870556,0.17019068635744686,-1.3355171034855262,0.19620427175702398,-1.0821089606336172,0.17239744811842564,-0.8380811213376618,-0.07572283666106262,-0.9369366377110661,-0.01572229454904762,-1.2426619745300882,0.04099562780025995,-1.0866499024223801,0.04521922346636234,-0.8829320846877238
POINTING,0.0,0.0,0.28749546397563025,-0.10519153901056891,0.4997500545428176,-0.37941582188066303,0.6109394053505957,-0.6876782804120415,0.4906360457188095,-0.8815793821693307,0.4069569398177554,-0.9328101415370453,0.4757572241216545,-1.352732566685279,0.5207673317421933,-1.611901497553804,0.5462353388836511,-1.8252156663555577,0.25391484245672874,-0.967226577788356,0.3470714409367692,-1.3459741436911734,0.34437268950007954,-1.070654791795192,0.31949179767973,-0.8593354957249342,0.09398977449190532,-0.960053084052631,0.15715137686467545,-1.3312693457139155,0.1888825191540724,-1.0897534552868022,0.1680569450022406,-0.8487346998102364,-0.08256517002327503,-0.9194183709026345,-0.026040873371626753,-1.2279183142830004,0.0338739153074012,-1.085485852550495,0.04061294370550608,-0.8854342890125084
POINTING,0.0,0.0,0.2901905436226869,-0.1025398494077651,0.5043986963047985,-0.3807229591588299,0.616330249275575,-0.6874011982870667,0.5013199686614935,-0.8692679243724503,0.41206974021247644,-0.929489262901333,0.4814579506930264,-1.3520875387409932,0.5237573185398213,-1.6062906342693042,0.5474397576292986,-1.8233173013792423,0.26035870252216753,-0.9655119605789322,0.35597920396624244,-1.3370908874036889,0.35240909449238944,-1.056858153010158,0.3234179625527862,-0.845542182424182,0.09936897116861854,-0.9610343393632234,0.1642856333953632,-1.3265310628206104,0.1922723502444748,-1.0722882289981042,0.16916737061948353,-0.8357831966869136,-0.08044614996063472,-0.9242477686948797,-0.02063037967018391,-1.2280252443677693,0.03417361279886287,-1.071678160368614,0.03578941672795417,-0.8727942029038686
POINTING,0.0,0.0,0.29508128089282726,-0.10361225019066302,0.511564751668219,-0.3785339848071569,0.6221716344346335,-0.6880813719012226,0.5006711417660054,-0.8650911309486164,0.4153577325757369,-0.9292669965496843,0.48547268762399326,-1.3471690204817555,0.5285946013965087,-1.600192868214473,0.5543726706039599,-1.8147520198583382,0.2643356793053444,-0.9644307381280328,0.3566154628503905,-1.3309167318477975,0.35078336034214475,-1.0553651674875515,0.3226509213100208,-0.8440430936314307,0.1047684714460444,-0.9596171144771192,0.16791140049532838,-1.3226264269819983,0.1957227472770378,-1.0755410115285398,0.1736131208863366,-0.8339692350046306,-0.0711484173343839,-0.9227045176044539,-0.013460376401741138,-1.2231532832792824,0.044562688741424196,-1.0735316548669198,0.05068985965007131,-0.8734418952639411
POINTING,0.0,0.0,0.29573447127363006,-0.10263223639366395,0.5157648476680223,-0.37932685734091676,0.6138099271200143,-0.6914403884852531,0.485169661169673,-0.8597611495027495,0.4153775230966018,-0.9253041946797195,0.48910111960263386,-1.331401872737874,0.5301448013292964,-1.5780886902128388,0.5547356424639905,-1.7918328710808713,0.2683324154967062,-0.9633263802023191,0.3742600606486773,-1.3058906593959734,0.36360375622837926,-1.0383041188450763,0.32761255747378193,-0.8299560803580207,0.11272731285840114,-0.961470150945172,0.18966394916937382,-1.3064206574166086,0.20902351595455304,-1.0565443527126264,0.18278594637617177,-0.8211989463553927,-0.059001935306779156,-0.9285226997232721,0.010257602251079766,-1.2147683456439105,0.056037563858684566,-1.0538683376636793,0.05561830198230685,-0.85455772184521
POINTING,0.0,0.0,0.2905336639690251,-0.09611415957069333,0.5116302609019621,-0.38546938973450523,0.6250544818063176,-0.6976433238585116,0.5003090713795857,-0.854351763983137,0.415977804574832,-0.9280051250106723,0.4902354266203377,-1.3522702006112615,0.5315037343818735,-1.6025790534494793,0.5567183286796822,-1.8202893448342214,0.266872620938118,-0.9637318113425641,0.3696337830961382,-1.3255531656218915,0.36759698068244495,-1.0452358355761753,0.33828210945752196,-0.8350506238353148,0.10782991222352523,-0.9588404373097315,0.17454208922880537,-1.326340452427649,0.20263096359382826,-1.0646072691887971,0.17841637595132975,-0.823629972344988,-0.06847910507000386,-0.9219270396244351,-0.001632516448854255,-1.2204469609222899,0.0541472530197364,-1.0615796573955618,0.05278579342673618,-0.8644745484729178
POINTING,0.0,0.0,0.2855753152894369,-0.10051436279628118,0.5052741733510702,-0.3805511636252483,0.6109280199248089,-0.681961503617578,0.5061958190231192,-0.862258961874487,0.4096751668619983,-0.9294437893929808,0.4849071131545703,-1.3544392209035399,0.5304996415781683,-1.6043848142024193,0.5553683648540828,-1.8223040058910644,0.26153031283291633,-0.9651952628714653,0.3611887495775133,-1.3320288303591221,0.36316138551308647,-1.056432424118871,0.33269026097443527,-0.8481588304167639,0.10542696987634376,-0.9589600157026652,0.17431998386201022,-1.3215685447281007,0.2027867908951116,-1.068913653533901,0.17676443954219487,-0.8387522842764132,-0.0698373080527815,-0.9209683148463251,-0.0033407037300209733,-1.220038277043311,0.04983026569692582,-1.0677652620800353,0.04739052297756416,-0.878904615838932
POINTING,0.0,0.0,0.29664576711701657,-0.10747434248320462,0.5124611004507849,-0.3849436661546931,0.6234190474690691,-0.6903865095877014,0.5019415883112166,-0.8575118548562838,0.4172219015044676,-0.9291894193428897,0.48980380041155036,-1.3540151363356354,0.5319263394491985,-1.604930709955078,0.5569776198418731,-1.8214561898522854,0.26787233470720057,-0.9634544163054698,0.36724234380915577,-1.3306234816780076,0.36715781189834285,-1.0550253752273004,0.34105328483363556,-0.8459699776715432,0.10951488523431391,-0.9569794813041623,0.1771181686449586,-1.3276537421797117,0.20730888453157756,-1.0749900852838763,0.1860037025022964,-0.8339324242048223,-0.06679892171441097,-0.917023366903385,0.0001681478411681057,-1.2220773112049135,0.055479366072195425,-1.0692156136240263,0.05598524899356188,-0.8707467256356025
POINTING,0.0,0.0,0.294175030280661,-0.10939798042406176,0.5108802811521311,-0.39111345804969255,0.6204586735210753,-0.6921759565338608,0.5003502722152998,-0.859789127172645,0.4133898818594242,-0.9315802507782561,0.4873126943522462,-1.3565739723233694,0.5294184594885466,-1.606041142108848,0.554236492214101,-1.8227803020468818,0.2634189832153786,-0.9646815222039739,0.36438682929184724,-1.3338586944938655,0.3666057129216501,-1.0562361328485805,0.34125102666774065,-0.8474108777235452,0.10442133394447317,-0.9565920495984593,0.1715849828099743,-1.3323072565063057,0.20362931255859754,-1.0773491745521977,0.18225193724342903,-0.8344785619821792,-0.07136313619790366,-0.914756378687335,-0.006728789482754287,-1.2233837411680597,0.05154898194361823,-1.0716131744584447,0.053294447871900755,-0.8732899107403388
POINTING,0.0,0.0,0.2931341724722542,-0.11098442444766739,0.5096156472122266,-0.39027107915648984,0.6184970882856097,-0.6908632572196609,0.49901729107508364,-0.856248251961737,0.4118116187498676,-0.9322608999033628,0.4851107903824353,-1.3573360923391633,0.5272236863652214,-1.6059323988207967,0.5519826536860722,-1.8219583579455558,0.26200400253562983,-0.9650667866294589,0.3621147735822942,-1.330853280251121,0.365371782161472,-1.0560350728650085,0.339564723499731,-0.8469320879266764,0.1030053811849129,-0.9568446186096898,0.17074904095453114,-1.327697628146761,0.20262035559153294,-1.075447911182501,0.18087566444048986,-0.8344891747303973,-0.07302335123851511,-0.9153025884495872,-0.008596990802772762,-1.2219246266778552,0.04894131438689922,-1.07111613162261,0.050341864695059156,-0.873704060228683
POINTING,0.0,0.0,0.28428667886572045,-0.10459352045513853,0.5014356372994433,-0.3860533930748371,0.610996373400605,-0.690373321501215,0.4924517915675336,-0.8542898784178289,0.4067635531184407,-0.931696262002525,0.4787841515302238,-1.352669347405134,0.5212296485803726,-1.5981332803137318,0.5457671012989102,-1.812569658708864,0.25880123959062845,-0.9659305970857089,0.35859946848669677,-1.3307467521905016,0.36138806938006246,-1.0462069303758892,0.33352870023312164,-0.8361935362766977,0.10222946679690148,-0.9569841770053809,0.16698260144236388,-1.3261103897004742,0.1994125782887063,-1.0674843229512763,0.17634759104958192,-0.8294956441453843,-0.07393034624387695,-0.9143468734908764,-0.010378860904577616,-1.2234973099748614,0.04910687318113431,-1.0701285491956587,0.05011437691971785,-0.8733351167667682
POINTING,0.0,0.0,0.2871828487451562,-0.10681455329376674,0.5043436329918947,-0.38762835466650597,0.6162089946962165,-0.6945316487210801,0.49034056801131476,-0.8560123573399884,0.4098351922917589,-0.9314128782772365,0.48225746004794084,-1.3505195506728973,0.525648531286148,-1.5967146420201574,0.5508901310087361,-1.8079881303664327,0.2608171622546763,-0.9653882161459284,0.3594832853515839,-1.328668356318842,0.3613115302435339,-1.0495959627419513,0.3341320375942171,-0.8405862008441943,0.10379547371677235,-0.9560818715959797,0.16852915906261426,-1.3225923517438656,0.20121697497209512,-1.0721743853739545,0.17967839416400466,-0.8339184079396673,-0.07103274461095327,-0.9131013972539654,-0.00705713415331607,-1.217137900668738,0.05286033254905061,-1.0700168075548497,0.05635818262305785,-0.8742901403856679
POINTING,0.0,0.0,0.29634608794117867,-0.10702393495579597,0.5138507757757605,-0.3982949403575223,0.622886014013194,-0.7108165306673623,0.4938254168189344,-0.8683200865454793,0.41522235972310956,-0.9280320895962337,0.4904288665564339,-1.3489513018819923,0.532545570262642,-1.5931602783501895,0.5585391161415193,-1.8093115415677445,0.2693586452130222,-0.9630399369958679,0.3638139154383739,-1.3262305237646532,0.3642761839807922,-1.0514748056450376,0.3405825507404655,-0.8459789687117842,0.11413019351838342,-0.956128249457878,0.1765686587702907,-1.3283088488411454,0.21092525175248017,-1.0746101837026405,0.1925679042094601,-0.834199498604474,-0.06067368787459969,-0.915402377882104,0.0017306170438835908,-1.2292085525933256,0.06085825758484876,-1.077833594328433,0.06452107660597733,-0.8772778871345274
POINTING,0.0,0.0,0.2908446564635592,-0.10790397657745487,0.506697414182026,-0.3917025944383867,0.6155377279903265,-0.691066630268981,0.4978795113857103,-0.854907281005747,0.4125803488435064,-0.9317207978494079,0.48553585412577077,-1.3514253327901178,0.527991173749939,-1.600993133847716,0.552242164758435,-1.8164728675254063,0.26316963298021256,-0.9647495759403371,0.3572960760180812,-1.3314240025366686,0.3572801860275174,-1.056698699533492,0.33043430746162283,-0.8469070614943457,0.10467179620178844,-0.9563049576764465,0.1657658142656476,-1.3229653177237544,0.19781787892020025,-1.0768024030048358,0.1771052762202846,-0.8417016568806334,-0.06974247104276904,-0.9154382463711855,-0.010271055457957756,-1.216981946071331,0.04571732629359789,-1.0710847415641773,0.04791926219910308,-0.8801713240355975
POINTING,0.0,0.0,0.2933521738694538,-0.11112107407402881,0.5069417477862441,-0.387594481537079,0.6187207325390863,-0.6851933256994946,0.5046203930029277,-0.8609479564665852,0.41141594042056906,-0.9343571735475881,0.48465193979126875,-1.3571240850360893,0.5301078025686023,-1.6102481936957522,0.5560901952637953,-1.8252559628796858,0.25900467182551495,-0.9658760686405671,0.356885870660918,-1.336885581060538,0.35674840466386093,-1.057461403965842,0.32954675981434817,-0.844397419811312,0.09815072189873081,-0.9570013324716375,0.16602158962997182,-1.3212215813536559,0.20005365866146976,-1.0777401451094377,0.18058203553130495,-0.841387415791299,-0.07786195444440921,-0.9162984686789213,-0.014864929127060236,-1.217096761364012,0.04359664176339413,-1.0734244779676652,0.048138560522204096,-0.8829752334307127
POINTING,0.0,0.0,0.2972269025284793,-0.10638619301908593,0.5126939088268309,-0.3866768202784072,0.626365600588528,-0.6939344895913666,0.5042985114307976,-0.8612834653797442,0.41565777113051244,-0.932005442583261,0.48910905704885543,-1.3595452624352033,0.5334216453783739,-1.6129147471930423,0.5593407795530532,-1.8298566063425603,0.264823269554413,-0.9642969645822342,0.36736590266151176,-1.335768766837451,0.3669229983622615,-1.055310105010755,0.3396903192452851,-0.8471894011720944,0.10564283130658603,-0.9578901520938236,0.17363892907216183,-1.3317267045519166,0.20706448655801826,-1.0759585725081438,0.18567371251024795,-0.8342937373405579,-0.07090135476366581,-0.9188214557028379,-0.006160564029000225,-1.2271771530953859,0.05200102710614089,-1.0722095815010293,0.05289857438321006,-0.8727551879323332
POINTING,0.0,0.0,0.2953884786002688,-0.10945958092368689,0.5120207443290955,-0.39080909473069647,0.6207716781964625,-0.6955535217797618,0.5003417536542774,-0.8572431802907813,0.41314516275923413,-0.9313432244700516,0.4846718922074695,-1.3543655730249966,0.5277738989800836,-1.60435165942588,0.553280740226245,-1.8198132365506698,0.26295546691970817,-0.9648079717835245,0.3643545968407483,-1.3315914298895675,0.3641992733499341,-1.0531193295873453,0.3368637795723748,-0.8444487678863981,0.10432919101714905,-0.958156302223279,0.17251698926951003,-1.3306029124286354,0.20306175972700277,-1.076558377750484,0.18024308877801806,-0.8349714156635841,-0.07180751660194999,-0.9186818716497048,-0.006402837660964793,-1.2269459604320168,0.04919891216162121,-1.0743809676676204,0.04880274558513484,-0.8760147968442018
POINTING,0.0,0.0,0.2918747419151521,-0.10625251522717138,0.5061880427350777,-0.38414793623916416,0.6189669756747614,-0.6816148535214869,0.5150725480786132,-0.8582928864301334,0.41210500037757625,-0.9305960918650803,0.4869738882455863,-1.358028530371982,0.5321459386912117,-1.6071720055653012,0.5577474131727861,-1.8247664612139203,0.26250119494128926,-0.9649316673497638,0.36474761693669727,-1.3333485454201712,0.3671601341104972,-1.0507583791351964,0.33828420988883234,-0.8383585265412917,0.10359453922157391,-0.958172806565683,0.17196304089752998,-1.3284426555923596,0.2056010242228574,-1.0709545004242034,0.18336879102809348,-0.8311980178026629,-0.07357953877136394,-0.9182163947468597,-0.00811328868187293,-1.2269603507530347,0.0524821746907276,-1.0728006348195438,0.05539717909277078,-0.8761712820920602
POINTING,0.0,0.0,0.29317937506213143,-0.11068317262631047,0.5071618339186619,-0.38414228348524426,0.6210190979401684,-0.68539413155324,0.5019609890308033,-0.8608698500627863,0.4128462192254163,-0.9310733759808647,0.48758551229114844,-1.3565069531795675,0.5334526301646543,-1.6056626209451117,0.5597423757349118,-1.8227633540484205,0.26264503085726026,-0.9648925265364993,0.3634502755617117,-1.3289602054269438,0.3638504516822497,-1.0466726603708703,0.3334970863727187,-0.8377442144682431,0.10421954683954383,-0.9591622724127075,0.17378176655591998,-1.325507553627527,0.2064587012532286,-1.0663881965332607,0.18246468216377332,-0.8250567796312055,-0.07159514592898125,-0.9203877410877852,-0.0019981225788858574,-1.2280253336036966,0.05611514632299076,-1.0691886413702254,0.05576999934406924,-0.8676506485870321
POINTING,0.0,0.0,0.2961160064604052,-0.11251493605106913,0.510497638308326,-0.3863833514441605,0.6269297067976797,-0.6920597900547524,0.500283891594937,-0.8656656723977466,0.41766846063577256,-0.929269387192398,0.4911996706625062,-1.3528642505174604,0.535349173304355,-1.6045147232551424,0.560924864201765,-1.8224186126748338,0.2675536972204524,-0.9635429513538389,0.3661429316252393,-1.3294500075604763,0.3668171050269053,-1.0499331761366144,0.3400006412100642,-0.8423433919927314,0.1088900897266028,-0.957973903859361,0.17527065379019044,-1.3284291051647252,0.2089492818985948,-1.0721091387397699,0.18741154727736287,-0.8278668333482792,-0.06633268056648546,-0.9190286158203705,-0.000673123900359623,-1.2288135896699923,0.05840540363664119,-1.0739473402778401,0.06017853609371792,-0.8714124791759875
POINTING,0.0,0.0,0.29062965057560985,-0.10767314280558897,0.5055211838943963,-0.3855726090302858,0.6155925756202226,-0.685855470040587,0.4984989654933194,-0.8547633521560198,0.4103524201131875,-0.93076353449326,0.48414978967657507,-1.3532494892887594,0.5280344331054619,-1.6007050305296393,0.5532299877924614,-1.8172370231829824,0.26196284623701654,-0.9650779591263088,0.36152715613976066,-1.3261036310887084,0.361716309007494,-1.045792040370086,0.33094303550103543,-0.8373591938983335,0.10498651757558239,-0.9591868617841135,0.170799541694405,-1.323858798888875,0.2009238048768345,-1.0644749767349606,0.1756610976492488,-0.8263323016684907,-0.07082865130226308,-0.9212354660250414,-0.005070605871639771,-1.2260752748772346,0.051072452402754584,-1.0687366104802392,0.049033135775475675,-0.8713412592710535
POINTING,0.0,0.0,0.3004377341718211,-0.10828086945428342,0.5154757829387042,-0.3904533352710408,0.627815804890919,-0.7001437499478217,0.5001435525431226,-0.8578427948286911,0.41912113256931083,-0.9300329259149475,0.492391221659604,-1.348351564192769,0.5366559937937361,-1.6011165480219933,0.5631015899877794,-1.8155483988951582,0.2690043474778323,-0.9631389624753147,0.36578594579054086,-1.3297616265785994,0.36398846347881963,-1.0532256341474082,0.33646513843154924,-0.842595403290396,0.10934535452917057,-0.9558969760006975,0.17599827500415138,-1.3223047237406242,0.20826995352910269,-1.0733785998587266,0.18683719299998447,-0.8321197057500245,-0.06718018020473214,-0.9161183043078119,-0.002318841348152821,-1.2177959708358947,0.05591234736781062,-1.0689159710642409,0.05841083204592099,-0.8726865789439135
POINTING,0.0,0.0,0.2964225683541317,-0.11121247840649216,0.5120727993002798,-0.38649071620395414,0.6211994647086632,-0.6887224607526928,0.5045205684310029,-0.8591247874951994,0.4145719660760705,-0.9321010789630986,0.4876956226271327,-1.3534165394814346,0.5320473949047544,-1.6048839654311562,0.5573991757387668,-1.8197858232078663,0.26412546983840157,-0.9644883286917699,0.3617736681457739,-1.3330300302562577,0.3638960927718457,-1.057795621432773,0.3379144344675016,-0.8495073458700725,0.10525501855741129,-0.9572257102343725,0.17253721769351202,-1.327724887262389,0.20512287882533786,-1.0787763150716294,0.18243219907900385,-0.8402129788974365,-0.0713634114704311,-0.9185463782505067,-0.005643964583117869,-1.2244537202875767,0.050496883123072225,-1.0747273839576537,0.04944669366576713,-0.8794464718307213
POINTING,0.0,0.0,0.2983986177409529,-0.10216168055784619,0.5176304241296191,-0.3919816150003096,0.6277362882536492,-0.7042965416081433,0.49989831714171307,-0.8625729004163626,0.4221843801505865,-0.9289301984397811,0.4947944753703626,-1.352289539179315,0.5366923406372094,-1.6031345625140003,0.5611924885494455,-1.8212191208874133,0.27311017187936926,-0.9619827618081425,0.3717031033736247,-1.3267368388235483,0.3691938677317912,-1.0471086958791556,0.3381091597741386,-0.8373492047862066,0.11473241919962435,-0.956974797661421,0.18140138517269325,-1.3276977164972283,0.21628652456358818,-1.0679253042566696,0.1947212826786964,-0.8245452077042349,-0.062058696959740395,-0.9226062153906167,0.003148988942611931,-1.2288409245264251,0.06357999905025899,-1.071705246772868,0.06467523673763141,-0.8729381910132483
POINTING,0.0,0.0,0.3051605556675785,-0.11885216858128435,0.5145139180635352,-0.39506796683582496,0.6278253481972808,-0.6957859186809455,0.5024126409392234,-0.8563077587014208,0.41869417543676085,-0.935680184366862,0.490228009677004,-1.3565652130162975,0.536579515277402,-1.6132510442901513,0.5634970894886487,-1.8288168658804935,0.26482864548764334,-0.9642954881825281,0.3637664405251488,-1.3324505042537416,0.361791039925671,-1.0516520777929361,0.3359725250288322,-0.8453681555688041,0.10356639351317089,-0.9570879311737875,0.16864800982637834,-1.3259535049435827,0.20292505429294838,-1.074464427687614,0.1810926108879673,-0.8333965991472264,-0.07069751879318592,-0.9187570486975363,-0.007732912644966462,-1.2241461347273654,0.049808786895672356,-1.069526982976722,0.051528312748514535,-0.8705680533058626
POINTING,0.0,0.0,0.30576971659198254,-0.11192859510259523,0.5216955603858854,-0.39069063024177925,0.6343618357438248,-0.6995204757245284,0.5048629424444236,-0.8590237201700868,0.4230113737514071,-0.9298052136837619,0.49647711232058056,-1.3517263268257624,0.5424905600808432,-1.6057228177151661,0.5704294591752711,-1.8218385124689487,0.2718085133319373,-0.9623513558364647,0.3744972123074023,-1.3259596544907355,0.372188982745258,-1.0459081600581654,0.3439067193627813,-0.8373396334209902,0.11241849484026001,-0.9592348772849294,0.1830649071577932,-1.322925198926721,0.21489008963206224,-1.069796334823453,0.19148628496483153,-0.8280135012475901,-0.06320588725051168,-0.9267457430834248,0.004462945796119458,-1.229581195914769,0.06033916408794442,-1.0716720675733884,0.05908577911009743,-0.8704908761365276
POINTING,0.0,0.0,0.2922936025397521,-0.11009645063990793,0.5054253094432181,-0.3865458633398124,0.6194366017631271,-0.6854646943549255,0.5060879776127212,-0.8644279040455858,0.4099021419863357,-0.933484638540466,0.48368659640024264,-1.3605098036762169,0.5283983344295085,-1.612515004640312,0.5543676341535042,-1.8298998891851224,0.258945381775201,-0.9658919656241558,0.35938584826260067,-1.3344431382343336,0.35837678536813006,-1.0538819065337086,0.3310286443990977,-0.8450136819201556,0.09896056041986108,-0.9582245144236732,0.1663849328927357,-1.3304448024787492,0.1966901116683845,-1.0759220966027618,0.17418039953505413,-0.8375385841596245,-0.07780234257959626,-0.9177518181716893,-0.013914049896378705,-1.2236976268454685,0.041731316597050934,-1.0702640518732007,0.04226279866362011,-0.8745272523083119
POINTING,0.0,0.0,0.3014239120975392,-0.10479995058652536,0.5152821797745152,-0.38117847451877357,0.631467611716631,-0.6878538475037876,0.5106095721970098,-0.8591529105943082,0.4168381125739056,-0.929041316325292,0.493315106539034,-1.3560856519926554,0.5406993668223173,-1.610165498280696,0.5691271728440811,-1.8294112798501625,0.2678196131706563,-0.9634690730901122,0.3716326836508291,-1.3302194503627023,0.3702389667160672,-1.0508525201920054,0.3401032922144326,-0.8394996639747395,0.10893456042116519,-0.9609902375818193,0.182991423964713,-1.325777696572133,0.21258539860089656,-1.0691220984952585,0.18796932443685507,-0.8280019289736112,-0.06848080583652642,-0.9285484051467707,0.000711468629727126,-1.2337844457580236,0.05544523555713095,-1.0755397279971532,0.05442067313160493,-0.8747737524063286
POINTING,0.0,0.0,0.3088513288245209,-0.10855090045385583,0.5210355343189116,-0.38410745995244666,0.6393430957902505,-0.6899124198196375,0.5170234356846656,-0.8615091345100182,0.425885451978975,-0.9306233798155111,0.5005579517020988,-1.3609282704252186,0.5456721250769,-1.6183634086899523,0.572838363990118,-1.838844395365238,0.2731532535193206,-0.9619705297418469,0.37672004861944564,-1.332970055715553,0.37263302613666555,-1.0503319237665691,0.3441356535365686,-0.8403667195973006,0.11090465786306164,-0.9596016807196566,0.18461783850593555,-1.3304169020392147,0.21636925668452203,-1.0731918443693904,0.19362579525446674,-0.8295648642150624,-0.06751720541107152,-0.9286165959508534,0.0028377574574900756,-1.2349840856754872,0.05859178509461531,-1.0757404572064238,0.05787112718607726,-0.8750584647800334
POINTING,0.0,0.0,0.3031354082036336,-0.1025843908579656,0.5177749899046208,-0.3856575299471028,0.6324677232726689,-0.6941242431697541,0.5071668679407714,-0.8567113276339836,0.4221612090848896,-0.9284360179920426,0.49715078754582886,-1.3553888470384248,0.5407473751377494,-1.61038610665013,0.5667187360139163,-1.8304381259793752,0.2717883791575835,-0.9623570423470147,0.3743113543622489,-1.3297733239279081,0.37373889652660697,-1.048120871447867,0.34659584222142653,-0.8351662901437146,0.11121229097657835,-0.959542846554578,0.18117271344601585,-1.3276203122728443,0.21368437511929,-1.0666765253277173,0.1922696294054366,-0.8226297699553092,-0.06623884703572616,-0.9274173974169161,0.002444236423207512,-1.230702015016854,0.059096379746391425,-1.070914471850781,0.0589816750229826,-0.8709645552159384
POINTING,0.0,0.0,0.3032469747162003,-0.10869165968303339,0.5173741905430443,-0.382467688926415,0.6357613385101147,-0.6894493710015905,0.5085073059235803,-0.8602274618868827,0.42045818178205413,-0.9296672180905899,0.49516577513285054,-1.3560040393354562,0.5403096311158719,-1.6132383490205948,0.5677536661142175,-1.8308992452890773,0.26880107899572375,-0.9631957121638025,0.3743782858945321,-1.3326302003263435,0.3721247874642261,-1.0542983153623084,0.3463017483238238,-0.8438138137819365,0.1074982786982598,-0.9583191452882718,0.18115214486314776,-1.3292875620213798,0.21274532218316378,-1.0786284300980642,0.1905270551227163,-0.8334575992788644,-0.07119215177516813,-0.9216940379056178,-0.003782501175746047,-1.2314476282230926,0.055429378239003575,-1.0809523545146427,0.0582477489939854,-0.8782117825552335
POINTING,0.0,0.0,0.3062094176938038,-0.10447620166694932,0.5214286075432999,-0.37789167748641966,0.6351383923534827,-0.6862204074662144,0.5106101845761853,-0.8566694092836502,0.4213936461654013,-0.9306206710740758,0.49568197711047585,-1.3562205981415838,0.5421300264301901,-1.614634224503191,0.5696587663428276,-1.832121881744383,0.2680702165922571,-0.9633993766741705,0.3734283846951813,-1.3340560959731937,0.36811627104701367,-1.0466601356759662,0.3400537269299082,-0.8364735941287335,0.10733313673823278,-0.9599684082883678,0.17906137265662156,-1.3306429032406695,0.20894318137843837,-1.0719752053235556,0.18558223072772562,-0.8289468746548188,-0.0698044558184611,-0.9248381040459063,-0.002606873061629112,-1.2324945668378007,0.05065339466112211,-1.0725912052179956,0.04876730429220594,-0.8699415406608364
POINTING,0.0,0.0,0.31891621935526665,-0.10858697962223578,0.5301128008940869,-0.38004051554809526,0.6477406132622322,-0.6853718469718496,0.5281422694717453,-0.8599208395650703,0.4310232207991916,-0.93169016586957,0.5065735414170149,-1.3621035053024417,0.5540901213392596,-1.6269672156566712,0.5823568731880834,-1.8472121943614483,0.27673606761858743,-0.9609459656395881,0.3868871261645478,-1.3299833568341266,0.3788655990200223,-1.0478885730066199,0.3503112641304689,-0.837708190253807,0.11428352823362822,-0.9608219631823829,0.19315341354188523,-1.3246377432813607,0.2204869050673638,-1.0702068540406875,0.19607246920659618,-0.8272049930180243,-0.061802932734221834,-0.9342066863246169,0.00894438639030545,-1.2353149100990644,0.059549275875821206,-1.0755763765639603,0.05832978330104053,-0.8735030259179942
POINTING,0.0,0.0,0.31134078709857205,-0.10397202109001667,0.5234523075375076,-0.3724009320630139,0.6442551731807113,-0.6789228192816134,0.5204681889695241,-0.852563606439557,0.42790353928450353,-0.9312415672793041,0.5052751466308874,-1.3577696281232965,0.5511423842663549,-1.621014303069872,0.579257066383444,-1.8428624503416282,0.27484956548766,-0.9614872419076835,0.38266801185939636,-1.327976100854288,0.37952647202505674,-1.0473230100187867,0.3572544680579045,-0.836840651176008,0.11326905646206933,-0.9584157720881286,0.18620222115711813,-1.327389618880831,0.22046888856069793,-1.0697468998561366,0.203023480024275,-0.8193938925429611,-0.06175301455186851,-0.9257312829181912,0.008106385159364493,-1.2256381017082747,0.06499014122718591,-1.0640424716004955,0.06861393557561124,-0.8577803797946166
POINTING,0.0,0.0,0.31273795769153545,-0.10731984810220178,0.5267011252946876,-0.37563332448137476,0.6394279557134732,-0.6825281682744498,0.5179366562352058,-0.8630963290053676,0.4264883924306476,-0.9312423595127344,0.5021432312370904,-1.3563078760206466,0.5499533151161053,-1.6188849172010593,0.5788590724452173,-1.8374362105696285,0.271886069352614,-0.9623294473785917,0.3817141448897598,-1.3319022647979304,0.37608976940960026,-1.052140939759124,0.348727019250175,-0.8416236421343086,0.11071742343590767,-0.9603768101451129,0.18837897871577808,-1.3277187916538227,0.2170222768480235,-1.0760116777031414,0.19175960383994772,-0.8300547205494164,-0.06436021465999778,-0.930296914491936,0.005678858296525981,-1.2357000053203506,0.0580168005292737,-1.0766265936379835,0.05644379417921736,-0.8712450749771724
POINTING,0.0,0.0,0.31353767850917214,-0.10750524322540508,0.5234400333372594,-0.37963701252732274,0.636042326173771,-0.6868625393956002,0.5073281399119141,-0.8489850714327496,0.4236005689277415,-0.9359104785006553,0.49817007362934673,-1.361021579670299,0.545563918064476,-1.6224293403896655,0.5742274059636888,-1.840283443991935,0.26836280418049274,-0.9633179149856929,0.3780958020337509,-1.3242863329198877,0.37198042367228806,-1.039262940592557,0.34345424459993157,-0.8297015603413973,0.1060153883954213,-0.9600975094392774,0.18237463797306747,-1.3180198607902898,0.21111326731689847,-1.0572720203480288,0.18637321696932385,-0.813946183338539,-0.07018765027920279,-0.9300926926950366,0.0009131847864840776,-1.2252345022140296,0.052285741684850215,-1.0571561998119896,0.05010866698816944,-0.8551726180162018
POINTING,0.0,0.0,0.3175228879025568,-0.10974658908785229,0.5315421499226394,-0.3934994141075303,0.6454031810472245,-0.7059677194432871,0.5108589238593704,-0.8570036140294774,0.42767590800726724,-0.9328947950969824,0.5041548281080794,-1.3579782269520744,0.5518303691213098,-1.6166074595278745,0.5809118255150687,-1.8330361424603967,0.2730957037829924,-0.9619868692322532,0.3815769000058579,-1.3237233768080159,0.3786579619026415,-1.0445165579769,0.3512254810862084,-0.8333408346551207,0.11044937605450293,-0.9568886060832842,0.18750729907218847,-1.321675899919518,0.21980122708133917,-1.069183587535769,0.19733126360467304,-0.8224682673469986,-0.06610740267061582,-0.92391662103708,0.004798950359768165,-1.2211844869834148,0.060269257660600435,-1.0608313226178998,0.061283184774085314,-0.857263278290248
POINTING,0.0,0.0,0.30780569421947857,-0.1002303162372524,0.5241730968828119,-0.38563193107560795,0.6377161454323841,-0.6965452091156873,0.5154040247256043,-0.8657681276893137,0.4252364439516648,-0.931438117296975,0.5025787986518999,-1.3589394787239688,0.5469807916988237,-1.6177271723122777,0.5745593900790821,-1.8374644350049822,0.27258887171624563,-0.9621306080862744,0.3770447341808794,-1.3329926571451551,0.37265570155519584,-1.0561301865491535,0.34752000337945266,-0.844118931316443,0.11055452255762001,-0.9571903122111434,0.18488862014886642,-1.3324765609206297,0.21675410571219092,-1.0817170159110163,0.19697305686934455,-0.8328840064308207,-0.06672875866333257,-0.9224090507608583,0.0003393215229128711,-1.2294303324091729,0.057975659315154505,-1.0771197998668052,0.061785778282482336,-0.874045532624041
POINTING,0.0,0.0,0.30545450700929117,-0.10098569599271735,0.5198805566554913,-0.3832755423664645,0.6331886135837844,-0.6881815608251212,0.5147255417070918,-0.8577612992990161,0.424151879469197,-0.9325669880200524,0.4980050853845617,-1.3579118166829558,0.5431071434177198,-1.6171780116966397,0.5711303242132949,-1.8352708386622818,0.27065805557816863,-0.9626755512376145,0.3752751425322224,-1.328859348599912,0.36770902982018355,-1.0452464009350328,0.34006678853118305,-0.834795016731639,0.10893851189844643,-0.959303124078777,0.18218572643125527,-1.3252599930158,0.21117104085743985,-1.0693538935513107,0.1883448292908968,-0.8257972309479172,-0.06714239756344273,-0.9274429361349953,0.0017808452795037494,-1.2279949581150942,0.05514950506810636,-1.0688428019473104,0.05451027195520908,-0.8692015480274253
POINTING,0.0,0.0,0.30021425894148657,-0.09709058131467803,0.5187461619433038,-0.38517807141858523,0.6335320282615771,-0.6998306592321332,0.5068284454821148,-0.8590502752662285,0.42292307717057476,-0.9290537937021892,0.49829538020275177,-1.3519082963671327,0.5415732167469529,-1.607304122589363,0.5684389770463321,-1.8263336235087413,0.272582062031596,-0.962132537366138,0.3752229173622482,-1.3254583771960766,0.3738005622765146,-1.0468831696810705,0.34927046295437325,-0.8375173478805016,0.11292157184576278,-0.9569132851385119,0.18322189139444595,-1.3246927395118444,0.2163210076785143,-1.0673830853877933,0.19737127526219703,-0.8228557191134042,-0.06311437713042921,-0.9211406952154845,0.005972107091391199,-1.2212115468898548,0.06143743087039084,-1.061392203528841,0.06155580511409213,-0.8603440032210111
POINTING,0.0,0.0,0.2984207536666547,-0.09752837234866207,0.5190986914934524,-0.38162919801371714,0.6333252149885814,-0.6959043722044722,0.508548521479019,-0.8679776331266317,0.41988245745837594,-0.9317428986023467,0.4960185677925492,-1.362154836588292,0.539386134909408,-1.6186094355418574,0.5661072078566796,-1.837779576958237,0.2673937313210405,-0.9635873558999263,0.369932296504781,-1.3414147605919782,0.37180849926193726,-1.0618582806061623,0.3517694631689091,-0.850742890127307,0.10652135814532482,-0.9547389295501901,0.17349536281279287,-1.3379847106310614,0.20987976093111807,-1.084531021636687,0.1942415789148858,-0.837067005829697,-0.07208804537854727,-0.9131458530034534,-0.009207622537805833,-1.226250402679392,0.05120541214371291,-1.0736998750425855,0.05654103058507666,-0.8705986574108889
POINTING,0.0,0.0,0.2911165590989682,-0.09643048574478258,0.5116085664704382,-0.38040741416260615,0.6256393962241589,-0.6939415134628374,0.49996386693265804,-0.8597011760247304,0.4143204275616599,-0.9318741501750897,0.48828531266472025,-1.3594997522160301,0.5319767670061536,-1.6124097215500592,0.5584028400217388,-1.8290457415383883,0.26160266916570335,-0.9651756542129415,0.36466868202139974,-1.33748674284924,0.3673259464296618,-1.0527006199988231,0.34350270472679106,-0.8422969239234117,0.10116297872988929,-0.9575762630198902,0.16943495862054503,-1.3359857170486,0.20392735257806271,-1.0789309993977318,0.18336558264403366,-0.8353693167876077,-0.07708164449593376,-0.9176039167408423,-0.009817473454796756,-1.2270232723086096,0.04756722350807816,-1.0713257666041827,0.04651281461822467,-0.8704468001404395
POINTING,0.0,0.0,0.2961998766245766,-0.09970734587361801,0.517136877872153,-0.3873281458794972,0.633375215071229,-0.7049991729811665,0.5056052894376867,-0.8655902627546378,0.41829327125890964,-0.9294568692897515,0.4947100079219036,-1.3580957939053566,0.5385054452300913,-1.6119634343011588,0.565550808659898,-1.8303049766050623,0.26794379382335315,-0.9634345454422675,0.37245796730097114,-1.3328277426562503,0.3755656791587684,-1.0532129321796315,0.35225373159906953,-0.8431953340598358,0.10886030479973022,-0.9575153404234563,0.17821656610923664,-1.334124610641944,0.21181240509601082,-1.080805538114592,0.19177158668857633,-0.8364073534001231,-0.06824388389469525,-0.92090642051826,-0.0012710234014105995,-1.2273760071826385,0.05737232638192078,-1.0745910421533051,0.05850431917352119,-0.8735549009490454
POINTING,0.0,0.0,0.2968483852096562,-0.10140867926782102,0.5171906569899064,-0.3848435709285208,0.6304909916631057,-0.6985200096322628,0.5008820783629176,-0.8599001009024831,0.4182637811171412,-0.9314846093235565,0.49258738686693554,-1.358855908870856,0.5358144847766574,-1.6116861626139523,0.562009067688539,-1.8284004314322337,0.2652283079891686,-0.9641856380600173,0.36795211851854204,-1.3363170659466463,0.37116393401388914,-1.057733512162498,0.3489648036140053,-0.8488235178095523,0.10448854576946609,-0.9561421647682606,0.17200059841194684,-1.3349854245507469,0.20737574058833844,-1.0835352859579934,0.18855775362166555,-0.8387835069914699,-0.07339864198313252,-0.9154946102489293,-0.009253468017786794,-1.2281569304605353,0.050282736843223014,-1.0771819220990804,0.0532731844572442,-0.8751322187700411
POINTING,0.0,0.0,0.29524828686794474,-0.09953864878282379,0.5141641026902516,-0.38292516154225426,0.6267584371531857,-0.689999323342561,0.5132726944706452,-0.8623317346747112,0.4162310181643884,-0.9291443249267144,0.4935879355530208,-1.3610317393082791,0.539852074943499,-1.612154659394381,0.567500511765007,-1.8302862365964774,0.26610581080362583,-0.9639438248448635,0.36847693098132267,-1.3364217981977242,0.3722340701266492,-1.0560984618328517,0.34677904657159636,-0.8430599482651041,0.1064673217624917,-0.9593662839386438,0.17605945852099622,-1.3322735956004146,0.20480163237476345,-1.077101063669157,0.1801480051344056,-0.835872194098719,-0.07192980664089547,-0.9240315959348411,-0.005772112389142164,-1.2329395193287531,0.04817854214816109,-1.0780724531415147,0.04651846921564566,-0.8788028574153744
POINTING,0.0,0.0,0.2982892544677347,-0.10432880573396579,0.5190012712168446,-0.3863881641312601,0.6321605160987074,-0.6955312663495963,0.5047401469658109,-0.8598069172477979,0.42069491709883333,-0.9310142186876114,0.4951157588123132,-1.3600151146038468,0.5415922613813597,-1.6139526302974438,0.5696739843214762,-1.8292635238744768,0.2684443734965634,-0.9632951875401629,0.3697726432279797,-1.3342934631509573,0.3714369535520539,-1.0569513443241736,0.34540912495604714,-0.8466381327439979,0.10780352038962752,-0.9567509150518437,0.17636964805133473,-1.3271828949207778,0.2069098942669392,-1.0807472471251807,0.182837244280968,-0.84070331113797,-0.06970043479321288,-0.9201388593532477,-0.006583336468647885,-1.2300649568259439,0.049858044352707964,-1.0820126033528568,0.05037933733344646,-0.8841815212438778
POINTING,0.0,0.0,0.2973366537945242,-0.1030749814212337,0.5169677181677244,-0.39007710149580443,0.6303245034124627,-0.6988778396598953,0.5022729085466622,-0.8557373154588692,0.4176462900984358,-0.9320962543327325,0.4926992106891839,-1.356491708184608,0.5386894110965897,-1.6091404979668098,0.5660791076576935,-1.8248707334668115,0.26592054967915313,-0.9639949487722106,0.36311502993034,-1.3370621220512497,0.3654502674142144,-1.05944132118452,0.34007140770222416,-0.8479083065442394,0.10560325503475092,-0.9547916751498848,0.17227225358614653,-1.3280658231346856,0.206446486324991,-1.0804226916270847,0.1846059210111139,-0.8368068881457592,-0.07124111451030724,-0.9139306077621312,-0.008492274744274664,-1.2260162475301786,0.051508693086371765,-1.078837638829595,0.05460581840073027,-0.8782207647222177
POINTING,0.0,0.0,0.2928818167440862,-0.10084641407980759,0.511720222539034,-0.38623666746415414,0.6213305849429028,-0.6917029986450093,0.49928199694895703,-0.8519321884209949,0.41284837988766926,-0.9348909533705015,0.4875362489668083,-1.358891791406471,0.5346320735484571,-1.6086853107637116,0.5628847138693499,-1.8230340265731901,0.26250096890553426,-0.9649317288407795,0.3602349073709267,-1.3371286030452885,0.36464312168483026,-1.0569411157735598,0.33864923363716476,-0.8455164712880481,0.10362131014037665,-0.9535421909203067,0.16830669572704926,-1.3251347544271805,0.2035619141775285,-1.074234687865456,0.1811719797888593,-0.8328731789110836,-0.07301033616989855,-0.9103881619530189,-0.011467602372295011,-1.2223893405563244,0.04927900521748191,-1.0738455464131795,0.05128257201374433,-0.8761754647364537
POINTING,0.0,0.0,0.28926414521067956,-0.10043301939202681,0.5114379503686108,-0.38496949573917094,0.624153305748949,-0.6958532442937485,0.4896067386811525,-0.8533916548006946,0.4171255678450316,-0.9299637016301453,0.4913232195039318,-1.3559575350773672,0.5354703873484425,-1.6069876078367744,0.5628402801622322,-1.823130640797888,0.2659489201429645,-0.963987122255682,0.3672363754566332,-1.3346153971064574,0.3696363525410053,-1.0524202562258482,0.34462393147785336,-0.8418944867827541,0.10674912831993186,-0.9574597985521215,0.17208402432731104,-1.3271941495014588,0.2061218757760291,-1.0712604830250043,0.18539317897963148,-0.8288259333096585,-0.07007004266110864,-0.919404274740394,-0.005543928698397327,-1.2272906101308885,0.053739860770408376,-1.0726748348860853,0.05575204227910518,-0.8716718344711099
POINTING,0.0,0.0,0.2922601795447153,-0.10169433817218085,0.5109642017276593,-0.3876653852650658,0.6246115732582688,-0.6941690100055175,0.5004964713208485,-0.8593316476740206,0.4183280288382329,-0.9293320718189322,0.4940175998322631,-1.3554752977386408,0.5378147079802438,-1.6060516649071885,0.5638953444752396,-1.824028551349831,0.26699951022449714,-0.963696664692723,0.368224563142223,-1.333082804169453,0.368680436489714,-1.0507792561847942,0.3415810210225923,-0.8392600714560193,0.10607871685655952,-0.9571456055872434,0.1748151345147589,-1.326789201081968,0.20790493878055274,-1.0712262343085026,0.18677973893017602,-0.8301915185198321,-0.07215855776255518,-0.9190112149423052,-0.008045829285542545,-1.2268334142223127,0.05069766577022734,-1.0733012666986832,0.05299175930748606,-0.8746893330620382
POINTING,0.0,0.0,0.28887463236535166,-0.09743718038521654,0.5095477932735286,-0.3808665739271469,0.6218749979145517,-0.6910350862635202,0.5003360141441473,-0.8592029754503268,0.4164617752234475,-0.9287094138463028,0.491938703939447,-1.3558212884627594,0.5355922373442699,-1.6059937055411329,0.5618785077306145,-1.822985235219868,0.26639952891588126,-0.9638626930187705,0.3673185080062682,-1.334594545901078,0.36717751944665394,-1.052530542966355,0.3398353487459619,-0.8407041179795199,0.10685550577980306,-0.9581839213244289,0.17517611322806179,-1.330577622550873,0.2055556593124885,-1.0739221012858675,0.1826473221098056,-0.832396982530502,-0.07184439994476151,-0.9211305218256566,-0.006012879037293088,-1.2279954786965583,0.049998676797359955,-1.073430023567998,0.04923383689879894,-0.8741522385967275
POINTING,0.0,0.0,0.296920796690165,-0.10304306714125978,0.5157864119094637,-0.3892066582930868,0.6296134950583591,-0.7006780117489949,0.5028380118089825,-0.8665846296152294,0.41826326380411355,-0.9308399474606831,0.49347904488371247,-1.3589558606247174,0.5374284038400382,-1.6124657529562216,0.5639740702265115,-1.8312315222898605,0.26587731088302097,-0.9640068752647013,0.3676239663660324,-1.3372479651267564,0.3690396383877076,-1.0543947405411473,0.34433253625291277,-0.8442933752853121,0.10482418038730063,-0.956757086638354,0.17276151337337214,-1.3339394475584212,0.20620579085977842,-1.075715931339093,0.1848196209933876,-0.8306247905095632,-0.07309471636571668,-0.9170218579989993,-0.007657492659457789,-1.2293730703044643,0.05176454472091279,-1.0749771246137219,0.05335402254355119,-0.8729272206376131
POINTING,0.0,0.0,0.30334745571169547,-0.106685165547608,0.5218136156667137,-0.38607583947013296,0.633783946804547,-0.6970680301094355,0.5049470448893719,-0.8623156281378123,0.4198900308961498,-0.9322877141207676,0.49523917424841146,-1.3561838299296896,0.5429349741430886,-1.6114108002871277,0.5710650971047972,-1.8261667800798533,0.2669014572891201,-0.9637238256351993,0.3672540231833661,-1.3322332624047157,0.3654788591172623,-1.0515442039202112,0.337464691681099,-0.8425286176247265,0.10655479821786137,-0.9561301270050387,0.17618496745160295,-1.3253494442952547,0.2082797909709005,-1.0742512575138794,0.1847507356642151,-0.8323171271470471,-0.06924501707192418,-0.9170048551849119,-0.0029015325063791635,-1.222362691473481,0.05502016967017852,-1.0705349953057774,0.05633680036958721,-0.8709066500623733
POINTING,0.0,0.0,0.30399188167825564,-0.10393292972791267,0.5203323682376162,-0.3892452429049779,0.6325721329968479,-0.7005158518266089,0.5061841141799464,-0.8625570994713664,0.4206094941398582,-0.9299439873768872,0.4954596142472151,-1.3584825522621575,0.541335027926788,-1.6137541156245594,0.5685318015988508,-1.832227617451359,0.26859796787109763,-0.9632523717362531,0.37399300986149275,-1.3340698005693423,0.3741642506245214,-1.0533929257699397,0.34648001777032833,-0.844103420218385,0.10789998529775087,-0.9591953849213852,0.18054121893979697,-1.3298151772425357,0.211900827706276,-1.0729029655471352,0.1872633805428406,-0.8291323881180608,-0.06864181343535354,-0.9249688529542079,-0.0008973228209828593,-1.2352283322580486,0.05649923836897441,-1.0786813796451835,0.056610259684741246,-0.8769010004116601
POINTING,0.0,0.0,0.2927188759867946,-0.10163000615037643,0.5122814028627171,-0.3831615258014019,0.625117434776067,-0.6905042568024031,0.5056025145858523,-0.8626570311622829,0.4139088807412735,-0.9309113977628244,0.4889808984535031,-1.3586328740822722,0.5344609471959638,-1.6106355830385388,0.56126534559175,-1.8285332207111527,0.26191816091101283,-0.9650900874970133,0.3652783330562704,-1.3369913005485357,0.36791456210334184,-1.0518822684604021,0.34132294221477033,-0.8411117177248408,0.10157982378930962,-0.9585863740583843,0.17123545668845272,-1.3334958806282122,0.2043677316482064,-1.0748951842462993,0.1807276025526168,-0.8323177554752025,-0.07629122399376827,-0.9199417190038199,-0.009560997652435173,-1.232547904403575,0.0502396934212693,-1.0766372668968427,0.05083976323750877,-0.87528577320405
POINTING,0.0,0.0,0.29395551180168505,-0.09869273691132315,0.5127871357753137,-0.38256433760974357,0.6279306902141214,-0.6940367117637752,0.502440681374611,-0.8552184568468982,0.4170477133670112,-0.9313618327034953,0.4929694153865773,-1.3569314237517336,0.5393087703070973,-1.6106627893770051,0.5673609595179511,-1.826601146533778,0.2651684658852564,-0.9642020974360405,0.3684265463722328,-1.3311525817430796,0.36672021333432386,-1.048936921641095,0.33798342759574235,-0.8404940764284615,0.10549703914643872,-0.9586583998195056,0.17687125317984984,-1.3264473032512099,0.2082789705801269,-1.0711796956109538,0.1839514573386208,-0.8312239834154421,-0.0710091664258901,-0.922917858297931,-0.0030050295807527677,-1.2274125326032745,0.05303943341841592,-1.0714883989138357,0.05187961368278119,-0.8722725287721739
POINTING,0.0,0.0,0.29095490271901325,-0.09621348753227135,0.5121718059413677,-0.3853404079741555,0.6266237633645643,-0.6975028645472281,0.50245691776546,-0.8632539288301042,0.41700099231276083,-0.9288049822191814,0.49205831982631565,-1.3573489771028078,0.535536183348053,-1.608149440279643,0.5623175241569781,-1.826270558541193,0.2664042393289265,-0.9638613911074435,0.3670814598197902,-1.3337746644664057,0.3669616289492094,-1.0517963754968331,0.3406224865127583,-0.84059915628107,0.10589323236575948,-0.9579610088801678,0.17416313855051757,-1.3335307749547276,0.2065001661717842,-1.075745242177443,0.18534929086621343,-0.8322006901497788,-0.07253400910426823,-0.920604164359543,-0.0077122461293101284,-1.2317390084614164,0.05217082029307762,-1.0785119216270933,0.05567458510873707,-0.8781121640751529
POINTING,0.0,0.0,0.2956886746636649,-0.100362396882587,0.5157333834429013,-0.3822603434493186,0.6270975872270814,-0.6882315415234612,0.5058068756925539,-0.856521198928324,0.4156972023911153,-0.9307515189267308,0.4927118285670458,-1.354765906426752,0.5381357347854336,-1.6048049345719761,0.5659372614003216,-1.8204929346747796,0.26569198185994314,-0.9640579706507983,0.36707601182945254,-1.3276416007120233,0.3692732877407167,-1.0515344466437908,0.3424336626964404,-0.8404767598451133,0.10608343668323088,-0.9570550107583812,0.17596469574901497,-1.3240747193704723,0.20849252803861207,-1.0710572905841276,0.18665808760281366,-0.8312949841126979,-0.07097884216020098,-0.9185351711934854,-0.004789465489969292,-1.2193792163311425,0.05358549929805167,-1.0665304855367435,0.05580835559378447,-0.8705258001366393
POINTING,0.0,0.0,0.2945806294297649,-0.09943421403811081,0.5150146822969657,-0.38536247139792573,0.6282787896155756,-0.694367575319715,0.5055438248421336,-0.8591302995061895,0.41648265491042025,-0.9289124528774131,0.4925572513882798,-1.3532618442635933,0.5376116591165113,-1.6028929224970154,0.5653473943935894,-1.819607722062067,0.26704869425414,-0.9636830365307666,0.36865349106201606,-1.3301311240448839,0.36872707459316617,-1.0517989208855265,0.3415324410683669,-0.8413420064473032,0.10794520060892236,-0.9557921226090574,0.17782761154133797,-1.326894762665907,0.21002881596592518,-1.0733583699158558,0.18871074719760098,-0.8332662139035794,-0.06918100220155979,-0.9145607735215621,-0.0031341328303433162,-1.2215373371685385,0.055487501252013925,-1.0689768648333553,0.05834766682798588,-0.8713575171984068
POINTING,0.0,0.0,0.29067138630014366,-0.09714019635897043,0.5093992275536583,-0.3834361807007661,0.6208948787647234,-0.6885935975690465,0.5057171235931494,-0.8539832929134739,0.41448656104805154,-0.9291329639084669,0.49005669897188725,-1.355815296834841,0.5343876138797096,-1.603323600686517,0.5609352973494904,-1.8203666871234012,0.2660008435763575,-0.963972795890354,0.36481988931756437,-1.3273711815333789,0.3696891168231144,-1.0480877036864777,0.34334379290522976,-0.8372126466261662,0.10787916318826568,-0.957312778212835,0.1750260519564515,-1.3265021640543535,0.20786223566443993,-1.0671475588085961,0.18558575604392424,-0.8281059418633337,-0.06984554105430404,-0.9186002935873304,-0.0023644046994258047,-1.2222376516426314,0.05379142080678468,-1.0658663420088794,0.052709413993954256,-0.8702822918405253
POINTING,0.0,0.0,0.2900214991953218,-0.09898265033983895,0.5103519448189251,-0.3858938596727173,0.6246039575504042,-0.6961907819031219,0.4988607661128214,-0.8567626718214135,0.41382373879916673,-0.9297553471919556,0.4893372549933793,-1.3546031318997802,0.5342908309534603,-1.6025230927192018,0.5615128735870042,-1.8189134886248484,0.265631588290839,-0.9640746129330894,0.36446664719173166,-1.3312636477315778,0.36734225749908045,-1.0527794250121105,0.34032202356776914,-0.8432481677100572,0.10770010528650885,-0.9551931966008288,0.17585788417572257,-1.3273970663341614,0.20826029464457912,-1.072101331395048,0.18547725770271448,-0.8321255092428131,-0.06945702881448956,-0.9133138966205735,-0.002784593404005678,-1.2207113739013151,0.05426899231777891,-1.069346727733295,0.05358669294163869,-0.872508988978486
POINTING,0.0,0.0,0.2893502286459377,-0.0995758409101794,0.5067840783608552,-0.3883386161210748,0.6187623240351521,-0.6944397644332477,0.502430857556721,-0.8567779590966229,0.4122464284371912,-0.9286598280795231,0.48774295304665793,-1.3534067009061725,0.5319137258477193,-1.599722370648999,0.5581801101105355,-1.816225889679182,0.26409247604862807,-0.9644973634461137,0.3628833463585785,-1.3296143139089576,0.3679412759896626,-1.051880342951404,0.34119096813616406,-0.8414662611303911,0.10613626047948696,-0.9583758999593323,0.1741764140635313,-1.3271958724310498,0.2058641281686949,-1.068883681973017,0.18286416278323459,-0.8307080462429898,-0.07098539464878358,-0.9197766537066404,-0.00273033820599213,-1.2218699421348798,0.051910543703469085,-1.0653581770457603,0.04968099190371796,-0.8696342219663182
POINTING,0.0,0.0,0.28584069927038896,-0.09737933685846796,0.5043032102633535,-0.3811893053673014,0.6167198434875973,-0.6865700831809712,0.5028728854322037,-0.8532145983838528,0.41321108613920554,-0.9299296365951873,0.48950421393592336,-1.3528024318840335,0.5341038300834555,-1.600385023952479,0.56014948655855,-1.8149169613905598,0.26332128007157607,-0.9647081960165295,0.36198431576071477,-1.3306123310100892,0.36115754446642095,-1.050863824024367,0.33047074228027457,-0.840940769331222,0.10417856024204614,-0.9572307945931681,0.17324150487202433,-1.3247693242360759,0.20071774847880622,-1.0699271713406875,0.17435720020840725,-0.8337998994975112,-0.07304138803296113,-0.9175270179786292,-0.005453883926587929,-1.2180895972184145,0.04657775565131297,-1.0647472603255494,0.04178040997016207,-0.8712210056841971
POINTING,0.0,0.0,0.29670406183268927,-0.09998215288485016,0.5139363320129077,-0.3810115277486175,0.6275458981435649,-0.6884429184094335,0.5100256801235711,-0.8534158469221456,0.41802826439817914,-0.9300066961926501,0.4958675704393502,-1.3528650902646315,0.5416686532850548,-1.604151306008013,0.5705092324180189,-1.8187752427976394,0.26734229127214865,-0.9636016289407972,0.3672424634385274,-1.3290273151690133,0.36277946480831436,-1.052855924941363,0.3332472641229,-0.8421999341341757,0.10758365328791153,-0.9578289190256329,0.17895031097698555,-1.3239046423838865,0.20481397352133476,-1.0737442423685628,0.17881895700777617,-0.8343192240377697,-0.06831053267681529,-0.9209217540287787,-0.0009313590480123294,-1.2230704708887072,0.051611548776138945,-1.0724606698634143,0.04848875667397996,-0.8767287341970839
POINTING,0.0,0.0,0.3010071736161744,-0.10131665686329872,0.5171651422045078,-0.37808163753656654,0.6320592627890358,-0.6838880324163538,0.5143423290878714,-0.8601153201587965,0.42049499987762257,-0.9302191476458866,0.4975460523137054,-1.3599925444186427,0.54470635913807,-1.6149166055282755,0.5746299606396996,-1.8324759376802378,0.2685236061171992,-0.963273104035307,0.37278572035016394,-1.3323048726883502,0.37039016682217246,-1.0527198723141873,0.34255697143372993,-0.8421666928813828,0.10795234944722087,-0.9590357583951178,0.1816963967048154,-1.3297554152549844,0.20851997183241866,-1.0751689583906758,0.1822546807937143,-0.8322851842256899,-0.06897848000267631,-0.9239922248987971,0.0016687333560249274,-1.2325066368102269,0.054395918693713005,-1.076479070373417,0.05022561503131862,-0.8762777575992472
POINTING,0.0,0.0,0.30307527028502834,-0.10319904096675753,0.5208173365108231,-0.3806036496573876,0.6357140640130332,-0.6891784021009961,0.509809289205545,-0.8589771177075103,0.42602206315329194,-0.9305029776675924,0.5027065260708297,-1.3592640960318005,0.5483769924870012,-1.6160540617490995,0.5775204277295324,-1.8337081031341649,0.27266475820007297,-0.9621091048502222,0.3788802862354017,-1.33058349246321,0.3763777894356106,-1.0530395667636563,0.3498148578319994,-0.8436672069416467,0.11097407879554003,-0.9588886512690659,0.1858607779325393,-1.3286501517276788,0.21618553592379489,-1.0782647612202216,0.19236152595774522,-0.8338060204595875,-0.06603546078961965,-0.9266974727929701,0.003956442765402313,-1.2322386407786092,0.06000061662551173,-1.0791776015260541,0.05936641033752624,-0.8787419669984144
POINTING,0.0,0.0,0.30221971760387367,-0.10144011492528895,0.5213248120140133,-0.379069145612505,0.6352218107560357,-0.6852500497090435,0.5134150248502253,-0.8601918980045964,0.4239721434719615,-0.9307035615166824,0.5024072511031255,-1.3612689348841416,0.549354106045919,-1.6183221557264946,0.5791585364820754,-1.8376622301026517,0.27163617125760015,-0.9624000158273647,0.3790107688232266,-1.3328478736838214,0.3769308948676053,-1.0539097836645523,0.34926043064135576,-0.8435775424358354,0.11026531976865611,-0.9577466091499076,0.1868353157607185,-1.3283602249539026,0.21757096309924034,-1.0748871347732822,0.1932124444225111,-0.8317664183775648,-0.06765802931508878,-0.923665945007389,0.0035008667643639494,-1.2293485041275645,0.06017241111559899,-1.0734409703214562,0.05896992959149479,-0.8740850382859847
POINTING,0.0,0.0,0.2999494016007077,-0.09813371157055699,0.5215554977459622,-0.3751084135560908,0.6354959467314011,-0.6835124886063334,0.5131090955351472,-0.8649976072701431,0.42466514012490686,-0.9276890609260977,0.5029788292094599,-1.3586232663723543,0.5491849036542757,-1.6137045330947217,0.5785602079678605,-1.8326966509903482,0.273843371094686,-0.9617743020623384,0.378900909916223,-1.3330719424888677,0.37785713295260703,-1.0553286823377674,0.3518174057634203,-0.8447570856801876,0.113473390811919,-0.9577807612384832,0.1874740291252932,-1.333565682077613,0.219803099511401,-1.0801158504892,0.19780560672885578,-0.8349036390374635,-0.06456769077460166,-0.9229693853868843,0.004636029302481832,-1.2315055334424925,0.062239870703265414,-1.0762589185112985,0.06242570676031003,-0.8747115101112386
POINTING,0.0,0.0,0.29643404470327256,-0.09531406094057927,0.5194561337896983,-0.3746375216426932,0.633221894711129,-0.6814696643255732,0.5159488857413994,-0.8606187471537714,0.421917371544323,-0.9269199193809644,0.5000662635493355,-1.358740273003499,0.5472577947614727,-1.6110791202191892,0.577511793479833,-1.8288641102337968,0.27141169984429564,-0.9624633443345414,0.3760476988532672,-1.332922263078733,0.3738083884419385,-1.0514106238381544,0.3465476628420485,-0.8395574623160197,0.11177480532115602,-0.9584103797522201,0.18476880768111106,-1.3335756885709182,0.21271602847797383,-1.0772687424008554,0.18822386137607083,-0.8335703848388416,-0.0664313260853926,-0.9231807849689753,0.0036217303194907933,-1.2319190176241812,0.0581312286139259,-1.0769031163073624,0.05592126922572176,-0.8768837295068113
POINTING,0.0,0.0,0.29844097067820363,-0.10034561511635509,0.5195093014455582,-0.3785209410176578,0.6331898113071732,-0.6882092916617472,0.5043295032085389,-0.8570397763416286,0.42152435365365226,-0.9288072361225409,0.49883366342457347,-1.3563987229518666,0.5452329730209978,-1.6086445212696552,0.5752969406998828,-1.8245437111586011,0.2707165162060466,-0.9626591130058767,0.3759694899940107,-1.3286422728766563,0.3729954854688828,-1.051359518529952,0.3458412666825476,-0.8417596282586695,0.11079310500590825,-0.9577257083268235,0.18482590636828852,-1.3292303573493052,0.21266710512761938,-1.0780398850793325,0.18811999913718522,-0.8345421077186707,-0.06677746783695483,-0.9215738499942512,0.0018589180947496502,-1.2317238892576055,0.05653133870546025,-1.080092892204174,0.0551946628919525,-0.8789282063742164
POINTING,0.0,0.0,0.2940475993698233,-0.09863990540001985,0.5150682404453716,-0.37755769842405135,0.628624301763172,-0.6853741892302562,0.5013300026263671,-0.8500805677373927,0.4186343384752074,-0.9282647329000269,0.4952394459599424,-1.3552065980673864,0.541766616287117,-1.606787838646522,0.5709768710941826,-1.8230340466879404,0.26795687864151263,-0.9634309062868482,0.37052123983175606,-1.3284449330759704,0.3699392174845762,-1.0491821547287865,0.3415794684320615,-0.8378941692980991,0.10827623997993312,-0.9581874200557856,0.179268300165487,-1.3255460521912656,0.20704880155170519,-1.0707439356173056,0.1817596993433355,-0.8300101117597973,-0.06881010399001987,-0.9219596009119632,-0.0016607125724637994,-1.2263539852954763,0.05116670101931349,-1.0725362473402327,0.04761101353124178,-0.8752334463271603
POINTING,0.0,0.0,0.2982469597449401,-0.0970032287372761,0.5186305200536526,-0.3796746041802,0.6345278910061487,-0.6902882979809721,0.5079805591649965,-0.8523559623732259,0.4222976830529898,-0.9275069024513485,0.499656506432239,-1.3546854545264593,0.5469648023866889,-1.6067944654506787,0.5766504297012088,-1.8217301357627225,0.2718624638549999,-0.9623361163058824,0.37544194772735257,-1.328736224795561,0.37264776869910904,-1.0499180836213515,0.3441607405529058,-0.840442052983913,0.11267056614227501,-0.9579181053831246,0.18491946778907944,-1.3266127015416371,0.21140614627140616,-1.0734068779849277,0.18509742920320996,-0.8321285617594124,-0.0636820662429891,-0.9223309712922975,0.0033130131213688456,-1.229596931013306,0.05526177176623969,-1.0763907681052378,0.051763668212666855,-0.8771924051903958
POINTING,0.0,0.0,0.2916053658383901,-0.09945042776338094,0.5130333581649328,-0.37569007076247996,0.6251030913496508,-0.6806278505970245,0.5021306295607131,-0.8519927991290287,0.4180083440257093,-0.929220031524758,0.4942572937815403,-1.354768100994158,0.5398800235693484,-1.605026355672412,0.5682672302976528,-1.8189624883860072,0.26731075356951706,-0.9636103782266446,0.36699444484415017,-1.3316413886230578,0.36461157038861697,-1.0534918594187714,0.3366895720648901,-0.8424133036143601,0.10803093833670045,-0.9572527937543366,0.1773210138455994,-1.3262504829528923,0.2041560754122591,-1.0760717409356244,0.17878191064670904,-0.836609538671311,-0.06896754156400191,-0.9189015825239066,-0.004121999639199164,-1.226531716441406,0.04913341815613942,-1.0778806210076184,0.04707584674314954,-0.8810870487896871
POINTING,0.0,0.0,0.2915299712622453,-0.0911629067292489,0.5189908533632538,-0.37431199168938256,0.6286749141765529,-0.6900037847565456,0.5037137437261314,-0.853587749210961,0.4248577005899519,-0.9237645275646996,0.5042956474849056,-1.3471411141826912,0.5508956624548479,-1.5954285513221529,0.5791110939315163,-1.8086416638210427,0.2748097350455921,-0.9614986268966647,0.3735580273884272,-1.325138921642888,0.3685623566732758,-1.0498587475747856,0.3358742712097512,-0.8380775888929471,0.1168628893169036,-0.957149530518403,0.18721843187031081,-1.3187913466677426,0.21119255126557648,-1.0713232016286738,0.18395046456725092,-0.8348366991083664,-0.05958789129719048,-0.9219813546730051,0.007085897408629756,-1.2170011711567226,0.057176546265630915,-1.0676706284077975,0.05371719611351401,-0.8726795028470418
POINTING,0.0,0.0,0.2987097980401579,-0.0935633193803537,0.5241196555649562,-0.38025533265329536,0.6341364267707542,-0.6948136172266223,0.5072440034453377,-0.8533226759105782,0.4278280097741021,-0.9236903558341032,0.5070365191525296,-1.3489612334621133,0.5525824770785674,-1.5977239872334732,0.5823919742112796,-1.8139952003963915,0.27992208217781667,-0.9600227226004787,0.3823271514123438,-1.3266039462555663,0.38251570177729116,-1.0533116315124607,0.35622278728789625,-0.8402303907372604,0.12154477207522553,-0.9537444162016843,0.19427156681596483,-1.3245906385930322,0.22051228151813235,-1.0721080254250714,0.19604228352778214,-0.828698050842698,-0.05576804371550938,-0.9153234005181619,0.010662168126625427,-1.2195177263286712,0.0634890102288103,-1.06964253874925,0.06198823347461986,-0.8716099575407091
POINTING,0.0,0.0,0.28795388762493096,-0.09308739419088408,0.5089043098649368,-0.37928789182834927,0.6202470076885441,-0.6804476514205469,0.5100802085143447,-0.850122499362085,0.4197835839674012,-0.926322152551328,0.4970641588707267,-1.3533863368823182,0.5424630024091941,-1.6010154119235815,0.5705464456430532,-1.8178324958189134,0.27104746694902915,-0.9625659824970519,0.3716438270986887,-1.3310057192720328,0.3712411617260702,-1.0462689451239915,0.34411222353752974,-0.8350979900944423,0.11298756153455874,-0.9568443456522158,0.17836681608782054,-1.3321330770777633,0.2058631650524876,-1.0707941735052013,0.18115245539868963,-0.8306759060807393,-0.06361060511358314,-0.9177544963217802,0.001326914607514948,-1.2248946457114243,0.053921379146385666,-1.0674126262760173,0.05027910575956363,-0.8709671741789388
POINTING,0.0,0.0,0.28874958017897,-0.09302067038194389,0.5129711624540902,-0.37528863395814294,0.6271570266512074,-0.6832323117283086,0.5095327062663854,-0.8513712570288625,0.4227305595850644,-0.9253631162286947,0.500366990669394,-1.3497608498478801,0.5465814119873911,-1.597563118107147,0.5757600427557665,-1.8113859665532526,0.2739208029916295,-0.9617522517199639,0.37262645937243494,-1.3277623972253545,0.37111603829498296,-1.0493788611884556,0.3429916171095662,-0.8371747430235306,0.11574459774362636,-0.9549479393320233,0.18445884483450006,-1.323669490879362,0.21156161484001845,-1.0731948078914892,0.18694418002939295,-0.8341368339637968,-0.06162662408275566,-0.9161682556096091,0.004322521857897021,-1.219175790651299,0.058147076039575626,-1.0709327865821023,0.05681296921740556,-0.8758746061448938
POINTING,0.0,0.0,0.29054645122442546,-0.0936866158376424,0.513245701641994,-0.3749763572284205,0.6247408168334754,-0.6813334643241958,0.5015355643439223,-0.8454719129207802,0.4216621549989313,-0.9257831715771294,0.49893158923148817,-1.3498467323401258,0.5433350005826957,-1.596625592995514,0.5720314053594815,-1.811304437170552,0.27298558041901444,-0.9620181250284704,0.37175889388195005,-1.3268431568185781,0.371045960124752,-1.0503926158725956,0.34370658606693727,-0.838328387612338,0.11476039646454474,-0.9552911674266938,0.182658305292459,-1.3227610297555281,0.20845187291560455,-1.0690995405010757,0.18355410320849613,-0.8295377711950419,-0.062220843724300055,-0.9157308975581879,0.00343422043130123,-1.2180219044783975,0.05561224862763416,-1.0671070831037248,0.052668687415631764,-0.8713012126209403
POINTING,0.0,0.0,0.293598082353624,-0.09202501381506485,0.5165421892451796,-0.3769918861233636,0.6305458752392766,-0.6878892824970062,0.504731799108318,-0.8508049968796586,0.4251651168586986,-0.9243029559860141,0.503241993355503,-1.3479780045016532,0.5477471009638313,-1.5965505253821248,0.5768616630402369,-1.8113661512516677,0.27712461465291494,-0.9608339856361626,0.3779465329576562,-1.3254959468236966,0.37731684155107287,-1.051374576798427,0.35055469418103785,-0.8384054855290065,0.11828600770325493,-0.9545461309337687,0.18812385268506437,-1.3213454454173348,0.21431644181453263,-1.0696621492040488,0.18999861573648286,-0.8279375880177318,-0.05923996529945102,-0.9161363993785325,0.007322985446660506,-1.2169318177467694,0.06113179671676937,-1.0685780453791618,0.060100473531049636,-0.8718332236683121
POINTING,0.0,0.0,0.29524793720450143,-0.0955459940163178,0.516515133198676,-0.3759257046479208,0.6296189457899369,-0.679888519496122,0.5090403920314763,-0.8427716101064529,0.42262778227513265,-0.9276720475116275,0.500342212578247,-1.3487474240002848,0.5470454735417912,-1.5979030962342757,0.5764709721957599,-1.8121005150506082,0.2729916159803081,-0.9620164123363281,0.3742411596376453,-1.326712386670276,0.3710276126039157,-1.0501096226485056,0.3417625217639133,-0.8415538255384563,0.11413581335504887,-0.9550257872109512,0.18623965166015533,-1.3246796778146048,0.21315345320740434,-1.0740519351829363,0.18658886736006883,-0.834300499747256,-0.06225085407313442,-0.9155673057206499,0.003370799284142449,-1.2166841966890967,0.05752197912468229,-1.0662003671347307,0.055295466074104294,-0.8703307244003794
POINTING,0.0,0.0,0.2935255480266521,-0.08978073729627827,0.5168042061683888,-0.373203010869189,0.6314838383758633,-0.6815987194643571,0.506608906886177,-0.8413551363296439,0.42375132889977907,-0.9255439191918886,0.5019148518499347,-1.3485048862791464,0.548457986417405,-1.5973064991331503,0.578244451432713,-1.8125926694581789,0.27546462372698066,-0.9613112092735385,0.3773171780220261,-1.3266631876337827,0.3756453498167975,-1.0471163425158483,0.3472706771342685,-0.8366092844613768,0.11744997393656012,-0.9559060652413002,0.1878034811584606,-1.3240971410239015,0.21621259741964569,-1.0680305623542694,0.19111229959813966,-0.8269340569240642,-0.0596953230524817,-0.9185360970398153,0.007993802457114925,-1.2205568513747063,0.06265484153609469,-1.0659270062394732,0.06053064556691298,-0.8675340966048655
POINTING,0.0,0.0,0.29621193193653506,-0.09456881164805743,0.5188599894058054,-0.37729056178968146,0.628275102374428,-0.6869889796532359,0.5023498875576099,-0.8484722714504388,0.4246512608866154,-0.9265422008492574,0.5029391144957568,-1.3512836145133715,0.547962573137098,-1.601237139951643,0.5775856142646972,-1.8176808911931683,0.2747662625096689,-0.9615110508914954,0.375816966463187,-1.3252224660663037,0.37514550646445205,-1.049233399265642,0.34964533796521663,-0.8374200425111666,0.11496208269278994,-0.9560727132842849,0.18582784160390342,-1.3258118249997324,0.21351240002235747,-1.0704361973739172,0.1896970193005652,-0.8258208251239374,-0.06312647955081703,-0.9188188929180641,0.003675012637070825,-1.223269574361389,0.05784033250357142,-1.0705268781325432,0.056697781343939026,-0.8709011737317529
POINTING,0.0,0.0,0.2966299895801849,-0.09574569920037547,0.5196442779333166,-0.38163524656854314,0.6331845507227625,-0.69286976348755,0.504377712801438,-0.8473492928552806,0.42377223765609884,-0.927843856888277,0.5011775117882283,-1.350627126135983,0.5482975901289007,-1.6010489878414291,0.578766758574006,-1.81529984763906,0.2739302698407262,-0.9617495553755079,0.37552194738584577,-1.325511364091983,0.3730473503442292,-1.0482924017322421,0.3447691049780183,-0.8362964268321575,0.11454889132356885,-0.9551265398441722,0.18608128358310894,-1.3215913618288722,0.21350560570030752,-1.0717029548789867,0.18803640515324135,-0.8291028982544548,-0.062345101260436825,-0.9174962853108246,0.0035510019155066347,-1.2218520713039267,0.05886386388527421,-1.0734709386745478,0.05860590653005134,-0.8747595038083642
POINTING,0.0,0.0,0.29729070162442084,-0.09271987025698339,0.5203601311322431,-0.37872423736424965,0.6359560558750679,-0.6893869825317503,0.5101721838563534,-0.8549689580824676,0.42682877074576997,-0.9243067796831411,0.5055435771197155,-1.3496324733766458,0.5508094779286382,-1.6015166616306946,0.5814176404135746,-1.8198844080800751,0.2775810679055499,-0.9607022175161325,0.381959117717892,-1.3300755876372854,0.37857373179894604,-1.0526991070514427,0.35288371129678386,-0.8386323110510453,0.1176535376378038,-0.9546698594859266,0.18944864948917056,-1.3271137541900222,0.21833226354222304,-1.0728733162313122,0.19789912147480673,-0.826800542254723,-0.05981072698225188,-0.9154500350058878,0.006557610581510943,-1.2218801574043592,0.06303479098501348,-1.0696558475644533,0.06610188599328666,-0.8683698891968021
POINTING,0.0,0.0,0.2957082760032397,-0.09812223856218223,0.5156361989346736,-0.38099337026095914,0.6275340937177153,-0.6837760952798705,0.5071311654955681,-0.8512959881794545,0.4222845973932758,-0.9274631674809949,0.4999411829724817,-1.3528717856392636,0.5468057148494712,-1.6021846538361464,0.5773070883572331,-1.8186105662397443,0.2731027472693448,-0.961984869649173,0.37298911390821654,-1.3279685117384963,0.37260070502769543,-1.0509732348597456,0.3466767532571989,-0.8385456258931183,0.11354754445284078,-0.9561326227033788,0.18331092300949048,-1.3254123988307271,0.21183780777352348,-1.0711723430727615,0.18867083367311643,-0.8288057291778433,-0.06364049832636343,-0.9184995609765,0.0022419567266480675,-1.2252908766624941,0.05577353692935004,-1.0731209818536442,0.05475206773422742,-0.8753137689651729
POINTING,0.0,0.0,0.2943038188127024,-0.0972101596229297,0.5154125167048637,-0.38326885463973553,0.627886436414296,-0.6917231562144538,0.5061020324517045,-0.8517415343089126,0.42014522808017196,-0.9281257596947503,0.49737892474127426,-1.3534868177560988,0.5449514223920116,-1.6034818831188442,0.5753806076754113,-1.817586556732108,0.27058694413301243,-0.96269554152118,0.37299424089331157,-1.3272203444929092,0.36923289845597473,-1.0491660041781738,0.3390862120656042,-0.8362743908161984,0.11154217359346717,-0.9558685726994699,0.1833024212921915,-1.3212608815915452,0.2089291253940941,-1.0699515250135136,0.18280429649665436,-0.830841881814553,-0.06529173390297818,-0.9178286355519106,-0.0004136120791695715,-1.2221369433540492,0.05420069045731493,-1.0734243131295458,0.05416198837224942,-0.8777951461042419
POINTING,0.0,0.0,0.297683275588241,-0.10096475022358932,0.5176704278560899,-0.380308956040708,0.6308539344283776,-0.6865615136201939,0.5085234222165621,-0.8529946718170544,0.42339356995499333,-0.9275704286868354,0.5015957449362871,-1.3529065202998176,0.5495194037485835,-1.6038825846115876,0.5801486383558315,-1.818423983338246,0.27299701893463946,-0.9620148791223554,0.37658688744603597,-1.3257548263302945,0.3713064801257336,-1.0488753990792132,0.3408606414861958,-0.8373659625687311,0.11354595075847378,-0.9564464663527609,0.18649525416461715,-1.3194243716948693,0.2114483045212455,-1.0683916548930736,0.1851919833940782,-0.8280551917080368,-0.06295251041623387,-0.9194124701231705,0.0035029683832480695,-1.2235271208290681,0.057847989314964,-1.0729412450920477,0.05779397182447462,-0.8753199688863395
POINTING,0.0,0.0,0.294768392112718,-0.09446222237640756,0.5178947216913733,-0.38010270955183806,0.630488999214363,-0.6910800560380246,0.5067031337899656,-0.8581616588003954,0.42384669340458636,-0.9257852701668277,0.5014201054018174,-1.3563046489051604,0.5471268074406019,-1.607503294282165,0.5768076697034404,-1.8250602636020166,0.27425902719135276,-0.9616558563249397,0.3747258713698795,-1.3356992216949357,0.37279786810754145,-1.05627204336294,0.3457525575518822,-0.8411457812005068,0.11420891897408245,-0.9556440795385467,0.183594378968053,-1.3294387429551782,0.21170419218398465,-1.074496980805371,0.18860790294855934,-0.8310864033105537,-0.06522775163242109,-0.9176442230604723,3.9749912631531925e-07,-1.2270771529412152,0.055636627713267515,-1.0748995149206197,0.056459848403866544,-0.8749040570013791
POINTING,0.0,0.0,0.2981953481273429,-0.09546036228868539,0.5211580916549131,-0.383066316575788,0.6346663493922502,-0.6974856072732907,0.5023945448159975,-0.8531217446899122,0.42375324572727047,-0.9283636005541943,0.5010844336005429,-1.3539949851377975,0.5491336512095388,-1.606913058825008,0.580272878904541,-1.8213709827281521,0.27203277209471927,-0.9622879875102165,0.3762211738043508,-1.3311974904900123,0.3719981037167247,-1.0502902446732552,0.34317526049395825,-0.8384043044646498,0.11159879674259392,-0.9539836560038015,0.18348072549797823,-1.327620290826065,0.21238854819330974,-1.073924450115456,0.1877488624598573,-0.8290354167350443,-0.06514872628451103,-0.9132880042314959,0.0012361010993793117,-1.2244435809709988,0.058719493933232794,-1.0749899314650972,0.05937712667893059,-0.8745341928797163
POINTING,0.0,0.0,0.2921447842071501,-0.09410024517503446,0.5169748522977268,-0.38160662740934326,0.6272468589897663,-0.6956572085789535,0.4968500875037761,-0.8494664382563298,0.4187754312738877,-0.9298283119623407,0.49664867068685653,-1.3561211897889756,0.5441452407858924,-1.6045809924797414,0.5747942985904233,-1.8175996295151315,0.26776845931904825,-0.9634832910818449,0.36905072067849526,-1.3285416238302175,0.36602312458794795,-1.0475551198191877,0.3366119079299189,-0.835905958542932,0.10839925321713746,-0.9553310643639634,0.1781468307286295,-1.3262755524766061,0.20592411293286783,-1.071841573686617,0.18053158469483502,-0.8308496563239623,-0.0692624061631247,-0.9155485997570292,-0.002245321720896995,-1.221416556657648,0.0525479822771749,-1.0692046522094647,0.05042055018927809,-0.8710687883607536
POINTING,0.0,0.0,0.29012284839359453,-0.09540779609462045,0.5147480121251438,-0.38720884832289654,0.6264405621295153,-0.7055563915918006,0.488744180103654,-0.854163655781099,0.41908527907228144,-0.9276998541928103,0.49454281563996044,-1.3476590529614516,0.5415213760761413,-1.5970137573445131,0.5718377605008116,-1.8075228361367048,0.2679960514716223,-0.9634200103774156,0.3695919701220854,-1.3266284587318373,0.36258749851014427,-1.0432409818275952,0.3309523661162969,-0.831854049126725,0.10863802756025165,-0.9559724153179955,0.17817536143098112,-1.321568930549775,0.20560600111999724,-1.0700789980010275,0.18031950714458925,-0.8312668023679765,-0.06808993715873601,-0.9168311992415923,-0.003096225094696517,-1.220398955953,0.05144808791087144,-1.071610193435406,0.05006940877404194,-0.8750608802131147
POINTING,0.0,0.0,0.2963858642983586,-0.09772004494843933,0.5167718418030969,-0.3741695621801877,0.6317873799432577,-0.6787728689264261,0.5106756132662251,-0.8496740674971938,0.4239481654901772,-0.9252861061144692,0.5027949133616479,-1.3523155319038151,0.5509085558928298,-1.6043444798952562,0.5814544059678626,-1.821270592837434,0.27356805750827246,-0.9618526487519544,0.3793202704778254,-1.3277703018945362,0.3770193284878234,-1.0488641487674706,0.3483658394502521,-0.8388238265842847,0.11468288932973764,-0.9595247673584881,0.188168563855931,-1.3268456464873968,0.21536600454744154,-1.068414364384427,0.19066045867637055,-0.8270344041153096,-0.06185471913641953,-0.925447214311657,0.007608928863746978,-1.2280282170154888,0.0585420969016169,-1.067540682554431,0.05441601032691456,-0.867792929221265
POINTING,0.0,0.0,0.2971475148826435,-0.09851154970796287,0.5172533137548903,-0.3758022292233682,0.6341615555235876,-0.6809859677262814,0.5110852887432326,-0.856745117097719,0.42385783362576257,-0.9257218414564756,0.5034288826799932,-1.3550373816050412,0.5500954021390839,-1.6077044822695825,0.5802648476088851,-1.8268307097879382,0.27369719445402035,-0.9618159105296596,0.37884925426029253,-1.3320966663035472,0.37966987229799537,-1.0537455467746386,0.3553480263475857,-0.8422847401864955,0.11376125776562943,-0.9573721113981898,0.1868944986568735,-1.3339758683527294,0.21723270773927497,-1.0742111508057106,0.19551297662635017,-0.8279168982333199,-0.06455904182719434,-0.9202217120302697,0.003909933406457093,-1.2285749717036836,0.05913288733879747,-1.0710391107753205,0.05864754280955191,-0.8697031929421818
POINTING,0.0,0.0,0.2899212561952015,-0.0894138779425188,0.5147108553860377,-0.3745965225805988,0.6288908061532864,-0.6854611449085187,0.5017914432579489,-0.8479312537667394,0.4213367993492467,-0.9280526975748518,0.5005936099849426,-1.3538808444825228,0.546865719523648,-1.6034324305791339,0.575935978457895,-1.8184411306146833,0.2717161147815306,-0.9623774482852505,0.3740424192487636,-1.328762591804638,0.37142400421778404,-1.0478236353147734,0.3427947609230043,-0.8355883516228196,0.11244514866125091,-0.9548664748152313,0.18423606273927012,-1.3267640502202855,0.21191196887915834,-1.0710035807619331,0.18672478279438717,-0.8291758313325138,-0.06612150382217741,-0.9158658511742462,-0.0004569639037755978,-1.2233312525392666,0.055720731220263296,-1.0736495427948998,0.05547939839424278,-0.8763500063334171
POINTING,0.0,0.0,0.2883201017321332,-0.09524831043952686,0.5135588719595756,-0.3834474310112918,0.6269399539352474,-0.6970072927912453,0.5015940446903433,-0.8531486683575036,0.4199174898546802,-0.9268049840391009,0.49802640977939755,-1.3487799392119917,0.5445075287112662,-1.595981372665981,0.5730135182250456,-1.80709323564458,0.26929280282841705,-0.9630583504361588,0.3744465112390896,-1.3229279411707926,0.3686642926198447,-1.04177387827861,0.33673993066570374,-0.8302923942873277,0.10976382383985632,-0.9553155561725913,0.18417849761761484,-1.321651092387339,0.20853171714936014,-1.0699228162509131,0.18181046161499578,-0.8320005330515745,-0.06749531081024719,-0.9141786883475955,8.432020268089596e-05,-1.2127105689115472,0.05269606778381602,-1.0634007009463424,0.05071087692504623,-0.868005259596317
POINTING,0.0,0.0,0.29309627160915525,-0.0923892309797605,0.5146176535697944,-0.378490837281519,0.6280703772699852,-0.6889540004929436,0.49978939482258045,-0.8418842550833798,0.4234128459134808,-0.9275323155130454,0.500559750385658,-1.3535653969552717,0.5469236256148373,-1.6020902881949013,0.576863778208946,-1.814503627216786,0.27170399908408327,-0.9623808689296127,0.37484385585365027,-1.3262839121168724,0.36665581725214375,-1.041751446259845,0.3348152436815655,-0.8288796844759238,0.11078721184926882,-0.9550675583431778,0.18261349037963673,-1.322675494533183,0.20738950990131913,-1.0657938314216102,0.18159661577168573,-0.8253352328590302,-0.067669675243583,-0.9148523129593309,-0.0015546625510117914,-1.2180417823662248,0.053581631717067583,-1.0655187514409452,0.05382393901104089,-0.868090032418442
POINTING,0.0,0.0,0.29312578741765155,-0.0948940294330679,0.5154643804678919,-0.3794712221735537,0.6293291650534418,-0.6912066617828008,0.5015332013145642,-0.8439980570891243,0.42377019005351435,-0.9271233293118346,0.5006906277391625,-1.349806408018686,0.5473468610624117,-1.5983311283472694,0.576776096777416,-1.8095947171886229,0.272432253832676,-0.9621749669741197,0.37493619381183263,-1.3222431331738254,0.3675626916312045,-1.0397340874929117,0.33573633016059873,-0.8281771844454933,0.11255516353495659,-0.955137786178631,0.1848899607518023,-1.3208456620928057,0.20986008626570762,-1.0687832079270119,0.18301023233957708,-0.8287706310689399,-0.06450670390862373,-0.9155740660580942,0.0026559555467378683,-1.2167895300835205,0.056231362161918215,-1.0666700868966394,0.054777771956984564,-0.8691344420635976
POINTING,0.0,0.0,0.2907601958158777,-0.09625802364126511,0.5134405312711078,-0.37333672438863946,0.6290874409285102,-0.677692745461688,0.5095020778345329,-0.842073464369267,0.4210265146841993,-0.9258855245329878,0.5005708035127373,-1.3496838636939357,0.5473742911424332,-1.5976164894849507,0.5772815698811359,-1.8130349329970092,0.27269683399067696,-0.9621000138922465,0.37452051350945126,-1.3262704614491052,0.3715645120376975,-1.046547261999623,0.34361742145920593,-0.8370383325527612,0.11504551806133664,-0.9572679221484705,0.18625874522178698,-1.3270431926678359,0.21212696744271714,-1.0719711539452634,0.18635266762962388,-0.8318496762425527,-0.06144424879665057,-0.9198883757525291,0.0051953369835692825,-1.2265443823720217,0.0575756149463757,-1.0739826915948358,0.05468327636194238,-0.8754587540570317
POINTING,0.0,0.0,0.29176413457746303,-0.09794631973149687,0.5145134702668772,-0.3745875963293215,0.6294973676063097,-0.6809377662771504,0.5078093354732501,-0.841041446960265,0.42086879486494594,-0.9267127892796385,0.5004265857437297,-1.3477860319365662,0.5471551364537479,-1.5946955243567493,0.5772488573175143,-1.808397620135602,0.2720780228095493,-0.9622751942682749,0.37343860758666797,-1.3235857181538853,0.36812767396539997,-1.0459525492933623,0.33912643420120575,-0.8374882672920683,0.11445034484839375,-0.955893231523049,0.18529771799470485,-1.3248604102414487,0.20931778286033478,-1.0720865493900968,0.18300013292358588,-0.8311643818466758,-0.06131837941753535,-0.9163085811067491,0.005566656867156846,-1.2215139480632637,0.05711143771202278,-1.0708326552545007,0.05393170554613431,-0.8719895843161777
POINTING,0.0,0.0,0.2904429083619723,-0.09519941506487656,0.5135357385392397,-0.3765692042494133,0.6231097791861658,-0.6803674649241742,0.5074824016907442,-0.8441219592707444,0.4208651599987937,-0.9263959766974735,0.5000321712226852,-1.352109472447774,0.5464895739163649,-1.5980919457553018,0.5759137935843394,-1.8136576835245042,0.2711304933712759,-0.9625425993504124,0.37369514481355637,-1.3262097531038646,0.3715654394895326,-1.0422890918899126,0.3431839713967253,-0.8313371691405944,0.11370346804830811,-0.9577245624182595,0.1822467425951885,-1.326519430647131,0.2081957794978732,-1.0654884125634394,0.18337842317261518,-0.8250423598833087,-0.06192698301151477,-0.919489419849423,0.007117336946326424,-1.2235534182212013,0.05907443442576192,-1.0642279292128287,0.05549930490572028,-0.8654510164586979
FIST,0.0,0.0,0.296015731011774,-0.1594360190741499,0.5554274690915447,-0.4729472637568241,0.5996865170927467,-0.8839919188648904,0.4098072498630563,-1.1496275394023445,0.4751508621383487,-0.8798198555353532,0.6264635809261672,-1.1465356591608857,0.5624853598851574,-0.895305382679704,0.484940001935117,-0.7554582179831377,0.2992088492593282,-0.9541876463908494,0.434446963226775,-1.2650802324181607,0.3829451212226708,-0.9551997154287437,0.3156834297351185,-0.8385670009225247,0.10145898797971974,-0.9694884258374409,0.23795487920261962,-1.2670965949174442,0.20753760147260591,-0.9229646634233849,0.1261976066765824,-0.7913648972141701,-0.1266918223192419,-0.947914311266594,0.025271867733577393,-1.1116421375484584,0.03442107758398204,-0.879063136429884,-0.02297496243399252,-0.784474803361536
FIST,0.0,0.0,0.31872722580691265,-0.18131913205257272,0.5473773060296967,-0.4901537105330393,0.567791457349189,-0.902506753937055,0.3902966238485688,-1.1813057528045126,0.4613210652494816,-0.8837871312823814,0.5998914813132521,-1.153308802149986,0.5544149913130573,-0.9870288677904405,0.4741220369243892,-0.8262383248036975,0.2868036594957303,-0.9579893845444516,0.41010253933333185,-1.2830643635271632,0.3977201233221263,-1.1049293397729603,0.36050912386173284,-1.000455075680551,0.08753779245632044,-0.9723855585871504,0.21134794299557838,-1.2826872069381334,0.19123806700438103,-0.9639332212730676,0.11623223094306344,-0.7609527711001334,-0.14217827458654278,-0.942987178420048,0.002090417154555637,-1.118890744826135,0.017042409192189394,-0.8977645922504479,-0.033106037219693026,-0.7568311233008197
FIST,0.0,0.0,0.3092519152889663,-0.16107514550008947,0.5635590966984156,-0.49069560646027144,0.5761108368419015,-0.9157067692311078,0.3780388892440477,-1.1759909697565027,0.47717398062910577,-0.873681228121466,0.6219969961034786,-1.1526883227488183,0.5636135049199196,-0.9373568256499798,0.4769774802117319,-0.7712855860709151,0.2996789069940815,-0.9540401211179919,0.4153618252608562,-1.2922163931884187,0.39103535745895746,-1.063940943636296,0.3418430707898161,-0.933462458630213,0.09849733240603736,-0.970461941712805,0.21733781997992188,-1.2738272028450193,0.19367781346519958,-0.9423548121888333,0.11800118161781427,-0.7678731655001808,-0.13098755671337256,-0.9427572753229729,0.01495390254913448,-1.1138042650373199,0.02527427479099723,-0.8792579919731301,-0.030775813362494946,-0.7551971538246801
FIST,0.0,0.0,0.3042440307120488,-0.1683846758211953,0.5501459059548909,-0.4835300741136128,0.5685822012333178,-0.8953053428513186,0.37842752060016066,-1.1615534527343883,0.4703595052771011,-0.8854856206649176,0.6093527910632088,-1.1430561740231013,0.5485532348323999,-0.9035154111870903,0.4674482025088953,-0.7551333013439798,0.2931419581627737,-0.9560689265761619,0.4149133681207758,-1.2684906040520822,0.37206023265582466,-0.9705650745380815,0.3077081984753729,-0.8430476357087274,0.09589513587065328,-0.9684363667601729,0.2154129378047119,-1.2590315332559623,0.19522217232116798,-0.913663363191872,0.12052966375422203,-0.7678017989813504,-0.13114309689842887,-0.941296423310902,0.013690240317541619,-1.1091944667767182,0.02747110664796635,-0.8686912464205825,-0.025736089385989525,-0.7583683566658754
FIST,0.0,0.0,0.31472450681517344,-0.17138731892619502,0.5590227009784181,-0.4837924246326044,0.5776111284161433,-0.8937908879012847,0.3948925524870333,-1.1668655200076425,0.4776667034470099,-0.8850540941651267,0.6211563242023252,-1.155423741415286,0.558254327568675,-0.911068889414757,0.47457939460935716,-0.7487452721845017,0.2997225980910068,-0.9540263959626991,0.4232813887323428,-1.2828167929847156,0.38116365999181695,-0.9869199183394723,0.31706362174677327,-0.8455100282798617,0.10092359657896362,-0.9659558976365534,0.22314169204051137,-1.2598084333310258,0.20068780305744816,-0.9175909050074373,0.1256447304150992,-0.766754082185463,-0.12617514090824913,-0.9410239656003307,0.02058216240231925,-1.1164248325835597,0.03394130429915017,-0.874799180843658,-0.019159973073012877,-0.7580210138961402
FIST,0.0,0.0,0.30917924295753296,-0.17059915363644398,0.5503010079114875,-0.4800727615186,0.5654052334250044,-0.8841480315524316,0.38055666542169037,-1.154765161953615,0.47617730673019415,-0.8872097341992419,0.6128210435941153,-1.1471470284474437,0.5457723995332527,-0.9023122688437402,0.4637867722763614,-0.7464494998515583,0.295518558439909,-0.9553369989786841,0.4147498798643917,-1.2651074312313084,0.3668029831080366,-0.9642029938206725,0.3037503236845112,-0.83208279272793,0.09644055906721885,-0.9663288773233026,0.2164521396861593,-1.249637209432921,0.1915410275794175,-0.9091526026012992,0.1180052876705436,-0.7658105649773916,-0.1281454291758221,-0.9416317370051119,0.015346942075386286,-1.1043288448556046,0.024763084209920922,-0.86906670962835,-0.02758852634020613,-0.762962219257671
FIST,0.0,0.0,0.31135216659282,-0.17461532100422333,0.5507940915087977,-0.4877137052205233,0.5635188127647376,-0.8967859645226326,0.3722840580025303,-1.1623812788055552,0.4764596040938254,-0.8886717117540504,0.6134372332472265,-1.14659998656455,0.5487886864811652,-0.8960783368996977,0.47110546713147616,-0.7448527620536447,0.29651667832897965,-0.9550276747156328,0.4179436766945384,-1.257738318542547,0.3664896091837775,-0.940878496294149,0.3002023538890947,-0.8152287369901662,0.0988467144080495,-0.9652875084215489,0.21780805839694503,-1.2491009366404948,0.19416142531454064,-0.9014731156739407,0.11872638830655133,-0.7633624234780075,-0.12635892058019674,-0.940567471409166,0.01813959088813791,-1.1070045863030724,0.028628859124593894,-0.8660662758827653,-0.025941285118458054,-0.7590292395034948
FIST,0.0,0.0,0.30357687646346143,-0.17140033824443002,0.5465855249095359,-0.4871478375745436,0.5673503994316836,-0.9019891994093037,0.3771562584178774,-1.168591402854487,0.470682340025419,-0.8866388726541423,0.6056228188883217,-1.1577383986051766,0.5482221851503769,-0.9092080789272912,0.47806858055077,-0.7570719551890757,0.2932323205435719,-0.9560412157373928,0.41519021172673215,-1.2721811906023999,0.3731183247995855,-0.9712288390271395,0.3125802155534681,-0.8430675677222488,0.09420980876563903,-0.9675382027868368,0.2120830356596202,-1.2702604203026764,0.19432910675603343,-0.9233353351666733,0.12300366460208505,-0.7682798641348916,-0.1346193413455266,-0.9398627780237182,0.007013326666643009,-1.1212179911783138,0.02553217920963628,-0.8783832242983313,-0.022857352868387058,-0.7566307307151171
FIST,0.0,0.0,0.29877718933704267,-0.15967364369138665,0.5435571605170733,-0.4727524815826565,0.5621936106393436,-0.8803612221788105,0.3828773498446904,-1.1520481301287837,0.47851239181341204,-0.8851097401838236,0.6081192088163799,-1.1472306081563861,0.5452121799486217,-0.9064207471978424,0.4698784432885355,-0.7536023172462323,0.29964719258729766,-0.9540500825295027,0.4098328506540396,-1.266532935152359,0.3654775922069284,-0.9666530654901831,0.3040923390296887,-0.8345527309575584,0.10137850804689333,-0.9627313656244338,0.2110794478215837,-1.2535912333851849,0.19126931551909823,-0.9131394898395396,0.12041837780031005,-0.7664843897498314,-0.12632920539403159,-0.9305496979667942,0.01111163663662552,-1.1036857236959547,0.02672220899979492,-0.8639376632065882,-0.023311046282490557,-0.7490729521532248
FIST,0.0,0.0,0.2983009651111948,-0.15704133639051693,0.5479890250291463,-0.4699858252394976,0.559281023944535,-0.8805151778951769,0.37003552366445136,-1.1483654850689893,0.4826739717888428,-0.8836751561934009,0.6104493724284957,-1.1467780991112204,0.5448447649493178,-0.9160032166279678,0.46703419038510463,-0.7592993596324138,0.30139853283637774,-0.953498256109616,0.41268028297298204,-1.2671494483856744,0.36674486841329185,-0.9753385664700324,0.3076955285059539,-0.8410381018938876,0.10145478163578761,-0.9628968261090642,0.21245452844235435,-1.2504674874622401,0.18963845573997207,-0.9044749821361049,0.12042975324280597,-0.7499186652538861,-0.1287033919257109,-0.9317673568772471,0.010385427554399236,-1.097462342995408,0.0255897218484729,-0.8544824180282024,-0.02076993050771638,-0.7386003152076577
FIST,0.0,0.0,0.30879861670678044,-0.1660604221364344,0.5490259772990577,-0.47861144124361804,0.5648062860031867,-0.887722066665366,0.38694607704350126,-1.1677228118298697,0.48526945535209715,-0.8822496837573123,0.6131989842335153,-1.1532736400805599,0.5486944353720232,-0.910525629109068,0.4739634874178248,-0.7510044250276319,0.30478641587830757,-0.952420726725356,0.416920728315552,-1.2728452066215334,0.3700048280833957,-0.972845572898185,0.31168792307418247,-0.8417782753152874,0.10308065556138324,-0.9648298674229319,0.2157903135909755,-1.256971879831084,0.1909221844400496,-0.9112405794753755,0.12075114147200582,-0.7652183340043621,-0.12652990949576867,-0.9404656509433066,0.011842180709003064,-1.109986842815521,0.02243739107885541,-0.8674049910299433,-0.027826539104993206,-0.7555040778977727
FIST,0.0,0.0,0.30148628958336593,-0.16214888547391232,0.5478874114247336,-0.476397986981264,0.5638532929447567,-0.8850619687423752,0.3824256687253304,-1.1579868824695578,0.4834319935626858,-0.8827924041312403,0.6101180791176128,-1.1526477611846448,0.5464214054235265,-0.914417133970272,0.47160780384361933,-0.7560019583014229,0.3026089766416207,-0.9531147922763087,0.4158206465556655,-1.2702265907149368,0.36869911369816044,-0.9746858905221237,0.30900689726821357,-0.8440138007085726,0.10148889419167705,-0.9645255726449183,0.214914246808246,-1.2587742523170988,0.19046013781836013,-0.9148324041280077,0.1204419916633879,-0.7660633432583015,-0.12921081336417775,-0.9360297902453153,0.009975477687503854,-1.1094742411038203,0.02200389100542685,-0.8677949177325985,-0.02781767321372616,-0.7544280254780409
FIST,0.0,0.0,0.3066695841779498,-0.16139481063981592,0.548025751580767,-0.47751115241825803,0.5622744236027554,-0.8890275741032946,0.3769450877274928,-1.163970627962539,0.48762666447965997,-0.8816754615323477,0.6156769404419501,-1.1470723672023118,0.5479485339314434,-0.9006033990589344,0.4735919690762795,-0.7455543906605259,0.30630349809350566,-0.9519339089746104,0.4185407468851597,-1.2633936233544807,0.36863566237155715,-0.9618093950899218,0.3096917713325037,-0.8356667671991763,0.10406287679427446,-0.9637516205425893,0.21765360522638313,-1.2521505475463282,0.1928034771410242,-0.9054032977586609,0.12282118358118219,-0.7611098706112289,-0.12587717283925526,-0.9380055816584508,0.012156197769733158,-1.1009768417775314,0.02375295522067147,-0.857633482821035,-0.02480330131809838,-0.7479611624533012
FIST,0.0,0.0,0.3128941684565452,-0.17024426647300892,0.5555371579323324,-0.4814984095269203,0.5752204426322232,-0.894225223093877,0.3953019553563007,-1.1743206086846465,0.49113530355869234,-0.8775307462832465,0.6260030442647406,-1.1526955477095324,0.5549904305197302,-0.9176733361183567,0.47561834522592106,-0.7565662868163766,0.3097002201611796,-0.9508342513982744,0.4245888850313165,-1.277561752606901,0.3749384765117008,-0.9855773199020392,0.3187249865132653,-0.8522357422631259,0.10660949292984435,-0.9669123659795513,0.22296393932556371,-1.2695603357577496,0.1962669856952162,-0.9322621438981217,0.12583999448567815,-0.7824396989540178,-0.12529162030376081,-0.9449551281083123,0.01615355229942432,-1.1210956129051255,0.02411544668501395,-0.8832903611714864,-0.027852044678487394,-0.7674628809565885
FIST,0.0,0.0,0.31289901375308904,-0.1687338430758819,0.5546060176182742,-0.48069027924531077,0.5700011400947061,-0.8939770752533954,0.38733819874585196,-1.1724813489034196,0.49041670214402816,-0.8768854999603858,0.6251730677405997,-1.1461386875737531,0.5544699401805275,-0.9099859474547677,0.4729028819869805,-0.7501640866862378,0.3092596429209026,-0.9509776407783918,0.4235511451624258,-1.268436182866051,0.3743247428200064,-0.9784079874399794,0.3166430116312318,-0.8510911964519369,0.107239141120038,-0.9668669392129567,0.22375692629330174,-1.261873326852433,0.1972633965000464,-0.9253991305522278,0.12498043168503539,-0.7793746500791716,-0.12259985499951108,-0.9451776903082053,0.020736862535532898,-1.1114546661442197,0.028558045610786554,-0.8749168922683146,-0.024612734086183145,-0.7639773478726156
FIST,0.0,0.0,0.30768998485862725,-0.17010624646967204,0.5487672908397611,-0.48293998933875515,0.5652449101632679,-0.8920875900826784,0.38420197452231586,-1.1675588594875175,0.4900246189209481,-0.8775472864884559,0.6187172051599433,-1.1429431536047732,0.5473622692654464,-0.9076801138391792,0.4689598082317402,-0.7525312867436043,0.30895725618836506,-0.9510759243344123,0.41881810079838583,-1.2593875632148617,0.365391567948057,-0.963317607685797,0.3070969321782717,-0.8405294205384227,0.10751166956361767,-0.9671517334607753,0.2196007905766531,-1.2586858254369333,0.1934463325230072,-0.9227590502640478,0.12345591251923445,-0.7810602745463587,-0.12225396046933244,-0.9462566755982178,0.015111248210633558,-1.1100650612787963,0.023990496018469587,-0.8741986105091805,-0.02555259306808175,-0.7661439792632352
FIST,0.0,0.0,0.31518127322330475,-0.16938327695111755,0.5625784369425624,-0.48189579695514384,0.5818509573319908,-0.8979734069970208,0.39687254010911355,-1.175149869085106,0.4927753521683626,-0.8761360477809487,0.63176304328349,-1.1453852814887295,0.5585007360171228,-0.919084930440442,0.4694863214069889,-0.7591005851050769,0.3101736636818474,-0.9506799137239517,0.4287409246636065,-1.2689002134390859,0.37816998390338374,-0.9844467704125599,0.3175118351737824,-0.8594152204215053,0.10784842878244988,-0.9677096673048725,0.22713855208285363,-1.2623359224766375,0.19922517435165304,-0.9281489572365583,0.12439037940878848,-0.7843123451253525,-0.12226185583314747,-0.9485543636023168,0.020734520774961716,-1.1156937782618719,0.027538566028850738,-0.8797686695909464,-0.02583195992691961,-0.7700588586006681
FIST,0.0,0.0,0.30405140142129494,-0.16546100618711038,0.554012676321655,-0.48383267332583285,0.5721089479110644,-0.9003352733635123,0.38260232765888824,-1.1659119268512248,0.48556248448893985,-0.8750589691182128,0.6164088388079653,-1.1450731999451225,0.5473379591380315,-0.9170814559896301,0.46690793454295026,-0.7666489005198477,0.30618246063485943,-0.9519728466713653,0.4190928257775296,-1.2640628369784754,0.36869275658824313,-0.9722588702613416,0.3082879675796761,-0.8514976092614761,0.10765945134611977,-0.9684765150377315,0.22039683537247928,-1.2690885810855759,0.19695998475254997,-0.9335947258145562,0.12628674553877842,-0.7906029910041259,-0.1224362509318409,-0.9454568632784477,0.014780671141592008,-1.1179445885089614,0.028099287924106753,-0.8811382410088956,-0.01914267571018953,-0.7697693745517731
FIST,0.0,0.0,0.30252107039534315,-0.16113690856632187,0.552618121015235,-0.47494610166686113,0.5703303522108228,-0.8866484290929031,0.3829359258562048,-1.1543232733073763,0.4831546761531407,-0.8791502105282633,0.6163115658525241,-1.1440497681748334,0.546442490297738,-0.8982140804548895,0.4673100459296952,-0.7486048098599246,0.3023707166185854,-0.9531904058117471,0.4193224669874565,-1.2572944403274464,0.366258400610432,-0.9509939735580625,0.30298835695332416,-0.8334785124208333,0.10298971013745034,-0.9668752264383339,0.21904690961870504,-1.2583676232458256,0.19414535728883586,-0.9141250023229692,0.12268188269130895,-0.7789725641415202,-0.1259365861064793,-0.9416655493079971,0.01359426840338019,-1.1077967374887192,0.024751353079089565,-0.8667634081182904,-0.02495285495462106,-0.7618056551228883
FIST,0.0,0.0,0.30531441860361047,-0.15796901651995243,0.5603825059399533,-0.47339987678571044,0.5814651534997494,-0.8928136476918324,0.3954012949099594,-1.1700614872404207,0.49140622790970967,-0.8740385737947034,0.6284101772574685,-1.1472629155380447,0.5575499584882831,-0.908431383690793,0.4727780904597705,-0.7526453337295148,0.3083524584723919,-0.9512721804793998,0.4292911480617365,-1.2678682264719694,0.374890934362863,-0.9602810554891383,0.3098389993621328,-0.8393144151834846,0.10762634116350726,-0.9681484794585402,0.22674932723752544,-1.265749281107076,0.19994412184923943,-0.9171516948807584,0.1262763395088838,-0.7795860766695125,-0.12489363787247039,-0.9466033178109908,0.01838969754041876,-1.118148262696054,0.030198797106430898,-0.8711195196568026,-0.020026766310171244,-0.7624006021691864
FIST,0.0,0.0,0.2998456150116677,-0.16031986719694002,0.552109629476972,-0.47774365136636504,0.5787177225664526,-0.8931890521435943,0.3944276670216605,-1.1650597486663894,0.48455170812409953,-0.8763284352845186,0.6188930474728546,-1.1457119068412085,0.5524362833672671,-0.9116281599157734,0.47197918007762596,-0.7581327985560792,0.3042479163008765,-0.9525928854587224,0.42147709201802935,-1.2659596438286806,0.3727398660459992,-0.9705347965256731,0.3120581254688373,-0.8489326485384401,0.10419948740426135,-0.9690252055305226,0.220307487654724,-1.269828901833726,0.1972266358604499,-0.9285530212929404,0.12657225287957252,-0.7840441334662605,-0.12653190608077122,-0.9462444718473321,0.012699465282702313,-1.1208804695189438,0.025902334470448634,-0.8800471686940361,-0.021880534529935224,-0.7670441649713249
FIST,0.0,0.0,0.29982278627004955,-0.15464704450044373,0.555037975143227,-0.47169265481915135,0.5749221030639671,-0.8878940481514419,0.3914125252494491,-1.1612378550773697,0.48883268205693975,-0.8780991698914452,0.6208943720996578,-1.1466524123700734,0.5508978239175246,-0.8998553135116053,0.47146694418839397,-0.7455146016772686,0.30586244857138917,-0.9520757126163414,0.4231602089730599,-1.2627489199791448,0.3692016982044943,-0.9494380205927625,0.3051590640317681,-0.8215767541258732,0.1049691133197309,-0.9663506284475992,0.22118942779233547,-1.260242646533419,0.19441374693083832,-0.9078100209994396,0.12262720315461209,-0.7642204672894783,-0.1267553154443999,-0.9411387665261121,0.01292049670560505,-1.112466183924075,0.02457511871744424,-0.8662348373830318,-0.023936511420098373,-0.7559063004764048
FIST,0.0,0.0,0.30170967445180624,-0.15406350029285856,0.5623302960223635,-0.476743253522809,0.5822467374369177,-0.8997125202916989,0.3872012149989904,-1.1641253327638008,0.4909951672273569,-0.8735689776760955,0.6254960351331215,-1.145591099051416,0.5560617535173493,-0.9008233341912105,0.478299483542756,-0.7505141667665752,0.30869487108553756,-0.9511611201923065,0.42748216245292275,-1.2598044233394516,0.3733423705046063,-0.9520438511256352,0.30801794452265147,-0.8290753503003125,0.10867280890117258,-0.9684692521670817,0.2267038743683853,-1.2683324516768104,0.19956496148574407,-0.9190927174647217,0.12532489075941988,-0.7748352267739756,-0.12240086401706582,-0.9459990293442814,0.017271052913332842,-1.1191124427334496,0.027841701311911504,-0.8737777421396784,-0.02324047021679548,-0.7624838486599106
FIST,0.0,0.0,0.3044475610381928,-0.1545300522768124,0.5629575139193401,-0.47117918008304477,0.5889521765463019,-0.8922426170230823,0.39947052030827196,-1.1636727858906266,0.4919398449781347,-0.8717625987894775,0.6276442254607311,-1.137985646999635,0.5605149816444666,-0.9087057627176366,0.4780792439088775,-0.7588626346972733,0.30989470022121485,-0.9507708844799589,0.42909530687340713,-1.2614670528118401,0.3780215210346511,-0.9607457168793114,0.31724495504467476,-0.8454721320811174,0.10994051691967317,-0.968907909371522,0.2300719766690072,-1.265091082529636,0.20396652424082437,-0.9186346540710667,0.13011707423089275,-0.7795829839806355,-0.122119347557843,-0.9476972097408659,0.01968964472926666,-1.1114704754476137,0.03183526967948237,-0.8689126913216798,-0.017174450596046477,-0.7631767176762708
FIST,0.0,0.0,0.3101720393743148,-0.16309054107990048,0.5614422388802467,-0.4804859323778481,0.5821889319920616,-0.9005092391242973,0.387987049025584,-1.1680424255616533,0.48741977244335954,-0.8773392820583997,0.6246629930398214,-1.1401503499214722,0.5545265709646281,-0.9047932069733875,0.4714699056331654,-0.7579258915396756,0.3060030064903586,-0.9520305457383506,0.425739923404183,-1.259732570584927,0.37304332911287397,-0.9579624324794301,0.31024488329140654,-0.8423384788246789,0.10623671803618955,-0.9680124079577578,0.2266868530039267,-1.259003820778969,0.20116010788269983,-0.9154523377669255,0.12635717090554444,-0.7784716037800264,-0.12326775010624584,-0.9466779933485547,0.019149563049013253,-1.1107158159856882,0.029052763470514345,-0.8705481787941831,-0.022297072600960675,-0.7653003674107076
FIST,0.0,0.0,0.3110651011080223,-0.16372476638283082,0.5615713529973572,-0.4770133458311108,0.5814112510289071,-0.8948493458491351,0.389245183077743,-1.1667314828673014,0.4889200793298903,-0.8806328094547469,0.627028810212237,-1.1367178633636432,0.5550213997300958,-0.8928300343978823,0.4704411903850451,-0.7459627768672139,0.3055414163854927,-0.952178787241738,0.42648693149214045,-1.2554065192318309,0.3710926506353223,-0.9415161520559593,0.3066583567653414,-0.8307577107807009,0.10528971858976889,-0.9663195567602065,0.22619222667873276,-1.2482420469176636,0.20040649200738758,-0.8983392799411897,0.1252851871329408,-0.7703302115149396,-0.12366000317046281,-0.9458202695441671,0.020989753529626065,-1.103085909754845,0.031014735929744606,-0.86054496121655,-0.021047510246515657,-0.7623883524226375
FIST,0.0,0.0,0.303013991116428,-0.1535713049814681,0.5599542463530924,-0.4657212094100474,0.5802016083430773,-0.8865958905108484,0.39235867207589353,-1.1582663876102361,0.4931366076718904,-0.8716480896901321,0.6243651390614985,-1.1455329368734588,0.5582706651063258,-0.9171894938091747,0.4805578863664441,-0.7592301246720977,0.3108256393056817,-0.9504669494254991,0.424035068808828,-1.2647654048566128,0.37786927673204007,-0.9782894892718044,0.3224361294726469,-0.8544318616306886,0.11003794503792282,-0.9670530067100669,0.22189028802364671,-1.2679409529230632,0.19853427109510008,-0.9352540767709066,0.12963856926341455,-0.7879310275528282,-0.12328090885160885,-0.9422506603294614,0.010913895141265346,-1.1156587472846446,0.02661549398956752,-0.8794877142109093,-0.017327664508472937,-0.7637329074161885
FIST,0.0,0.0,0.30457779658764667,-0.15010931206185144,0.5660242649364746,-0.4653233011603347,0.5872357659078955,-0.8897362865748191,0.3941925280175796,-1.1591472674355237,0.49049493299829805,-0.8689616443557243,0.6257168394322082,-1.141540792676725,0.5622050461243822,-0.9177275717606803,0.47962556085170116,-0.7581178371769781,0.3079949923668873,-0.9513879779968427,0.42712295332133493,-1.2650067422116524,0.37882165909369125,-0.977580045347154,0.31715521741207037,-0.8550132339770358,0.10759294411411247,-0.9709600033057983,0.2272285336834218,-1.2680856235260887,0.19930880294837253,-0.9281202280705075,0.12341196986150776,-0.7798732147416326,-0.12704194598132104,-0.949554238277129,0.014122275140749338,-1.1141583479933872,0.028666658774227576,-0.8700233492114134,-0.018344144656314804,-0.7549515527285455
FIST,0.0,0.0,0.2992015007352244,-0.153182144216101,0.5543781191898612,-0.4695103512242887,0.5763458210145046,-0.8889809021917906,0.3865038008200213,-1.1617751963244143,0.4914623904115639,-0.8737521664014813,0.6214055228907086,-1.1368512880032569,0.5497911374996558,-0.9074956903170487,0.46573813682845894,-0.7531300089881431,0.3083501867899819,-0.9512729168364794,0.4204103092095873,-1.2529329864116414,0.3693074655947979,-0.9605011566830174,0.3100518315408735,-0.8458999651949611,0.10738521285427415,-0.9685852486235972,0.2219895058546805,-1.2562089588314524,0.1968326739560294,-0.9186992833793761,0.12417711086904232,-0.7784864232065242,-0.12450881761488732,-0.9473495037135814,0.01579739807970317,-1.109389722277234,0.02814188246002114,-0.8701258781617246,-0.020128039774171463,-0.761721508349202
FIST,0.0,0.0,0.30956864157683306,-0.16063509797495315,0.5645142683682974,-0.47966869176938004,0.5811265138484393,-0.9047010163736179,0.38754355480474617,-1.1775931841016536,0.49419074001108887,-0.8726439946660048,0.6292541456778508,-1.1475751493288713,0.5562871602991217,-0.9217794955380878,0.4685925000301714,-0.7636361087156992,0.3099084203703646,-0.9507664124187104,0.425356237628862,-1.271964034257377,0.37508656991013195,-0.9844181795317475,0.3143021387499656,-0.8569557338661924,0.10578242225747948,-0.968686876943018,0.22168107869186013,-1.2661772699503429,0.19477100666989694,-0.9299169070325494,0.12044380650929576,-0.7847529758709728,-0.12863910449724622,-0.9488314169592923,0.009931028815101037,-1.1169809200971554,0.019954267594049974,-0.8825162730101023,-0.03118738906730306,-0.7755388913063008
FIST,0.0,0.0,0.2980418842877821,-0.14797422524054224,0.560789141145207,-0.47212179489076406,0.5786801333456968,-0.8936412411161467,0.37898654470367077,-1.15359518607452,0.48868976172730255,-0.8758009377608837,0.6219161682067038,-1.1466773212892332,0.5485553030932123,-0.8940780642533014,0.4688983253601994,-0.7471932616557411,0.3053920768692097,-0.9522266953753769,0.42232240713754066,-1.2568297623907478,0.36483288601517483,-0.9399829365707996,0.29750600863656007,-0.8187249880118072,0.10432043368875035,-0.9679461278425808,0.22011499279812732,-1.2561049274051783,0.19288686728801657,-0.9029174548044397,0.11971806174405472,-0.7665585706970678,-0.12681977047563883,-0.9458690430874912,0.011772368045142449,-1.1103160579444822,0.022118937930047617,-0.8632933489423118,-0.027270133696827903,-0.7592370552910743
FIST,0.0,0.0,0.29898716923028107,-0.1489425589648216,0.5581157825046033,-0.4690653537725772,0.5746251499483839,-0.8892493198104434,0.38160503649361055,-1.1557552871967898,0.4892929424284031,-0.8751189935926387,0.6200431251238709,-1.1485798569228503,0.5483148770732618,-0.894682342771877,0.47120230351525794,-0.7444879180459029,0.3056639934063383,-0.952139445215295,0.4209083794385529,-1.258122453471818,0.3643086003261123,-0.9415944302792448,0.2984820494602026,-0.8201280915126802,0.10373674339801353,-0.9677207694585386,0.21829099035228852,-1.256164474627102,0.18983275652672524,-0.9031085531949361,0.11698136528455688,-0.767879445427357,-0.1276098948034095,-0.9452337119877684,0.010046563925601317,-1.1073748318714596,0.020424704783480123,-0.8632123109926987,-0.02895404834964708,-0.7625999590248359
FIST,0.0,0.0,0.31335881184895453,-0.15715373287111375,0.5655613082684805,-0.47330148433962477,0.577664785852106,-0.8937410260483206,0.38015610469893396,-1.1604050024615042,0.4907708001131359,-0.8775741813780714,0.629476182711588,-1.143319417109923,0.5583984961904342,-0.8945673785281892,0.47766912487896024,-0.7396552669769,0.30747229681372185,-0.9515570328110106,0.42556015387985735,-1.2586730196470817,0.37663382399288786,-0.9611136808342267,0.3153933776548753,-0.8358246853872455,0.10460587896556485,-0.9666625816492718,0.22570219500346925,-1.2472351110291422,0.19632040996841382,-0.9026240036109501,0.11934031701818368,-0.7606347112141062,-0.12489023052009132,-0.9467338389814911,0.020710381127716632,-1.1035085153700408,0.02826860847610728,-0.8631731510002111,-0.025767583521482434,-0.7569463498625963
FIST,0.0,0.0,0.30323507211755446,-0.15403152275473248,0.5627602569187289,-0.4739812442540781,0.5810366673532952,-0.8953704082541802,0.3913401044582567,-1.1636834945323378,0.48992824837264093,-0.8724372213819391,0.6254822473449219,-1.1514019534723492,0.5597495086531143,-0.9180724087545534,0.47837253227690457,-0.7524336385244473,0.30736525737486325,-0.9515916133294178,0.42403699978359055,-1.2682412903376474,0.37735928091290477,-0.9805184165335706,0.31526302866802125,-0.843996285471509,0.10527500610123347,-0.9704649419639766,0.2232378523468903,-1.2704790679087032,0.19641694397320195,-0.9341624163673679,0.12138020685637259,-0.7799222620087545,-0.1277363440945773,-0.9500109000063202,0.013359001122373553,-1.1246018769329822,0.025211688329940373,-0.8873124041301138,-0.025384294957175167,-0.7702857373862558
FIST,0.0,0.0,0.3143148366044442,-0.15366324681237004,0.5697862224816267,-0.4647553122619422,0.5941722600927535,-0.885794860656591,0.39943636403049504,-1.1580373914175826,0.4914253158241323,-0.8723965765668196,0.6351206972274703,-1.1398983449320998,0.5666920547793313,-0.9124490240374271,0.4785952394278789,-0.7468786658512584,0.3101272258882908,-0.9506950634997707,0.43131543475594936,-1.2617184358856497,0.3847352642327319,-0.9862482721319449,0.3232485420545864,-0.8542045203655189,0.10817118696473296,-0.968417246598731,0.22965141976982753,-1.2550258808468715,0.2026809232623489,-0.926687621906351,0.1269940274175737,-0.7761579079994432,-0.12208764886830052,-0.9478667285439597,0.022340144880808717,-1.1066636056163144,0.032210459866057035,-0.8736183093662966,-0.0191012198776253,-0.7601646571702435
FIST,0.0,0.0,0.2992443120583799,-0.14233334314667861,0.5637148444003689,-0.4604584560578491,0.5905752876363827,-0.8817914369920449,0.395970895088615,-1.1493072044343944,0.4943711951205749,-0.8697920967574571,0.6311635489837656,-1.1372259569080554,0.5607788190223433,-0.8949761707556322,0.4777660128534628,-0.7403043131795717,0.3116946884462104,-0.9501823094514126,0.4311315892498491,-1.2556475193217589,0.37771227762535453,-0.9528744851208536,0.3111243016678448,-0.8298266428551604,0.10991225287715664,-0.9675004751914816,0.2285896780689016,-1.2527253791798585,0.2004531972343506,-0.9092632986592444,0.1251721273789935,-0.7733817538803256,-0.12311040383520216,-0.9455424563910755,0.02045482497941262,-1.1078703835444703,0.030822415948430056,-0.8653141861139535,-0.020317844784827014,-0.7607165463672737
FIST,0.0,0.0,0.303446075166982,-0.1473875382849451,0.5660458860364208,-0.465539991571451,0.5872555519794947,-0.8875099296122627,0.3895073029350874,-1.149948328445623,0.4933860558418162,-0.8697263041112743,0.6301115360788496,-1.1357092366155175,0.5590339481454205,-0.8898079518368969,0.47775381330725164,-0.7395681789028626,0.31170996710660387,-0.9501772973537097,0.4290036463413024,-1.2565441839596756,0.3769762552324269,-0.9559281065235175,0.31190372375106823,-0.8301952835527996,0.10987618971547757,-0.9667868757714672,0.22722724952947573,-1.2506156349466713,0.1988616499869152,-0.9082565078448914,0.12333527887412776,-0.7687324414678701,-0.12163780894557816,-0.9438732087769965,0.02004697057336293,-1.1067105846655618,0.02949268474246231,-0.8677968238187272,-0.022925018707990647,-0.7631284270591975
FIST,0.0,0.0,0.30908056765927894,-0.1543490064820302,0.5718022342138573,-0.47340932306774,0.5913910686421903,-0.899496708568992,0.39424271905800407,-1.1621476533557835,0.4929872050099112,-0.8700698816779779,0.6314355485465087,-1.1426239079880687,0.5645402664964023,-0.9164295651031186,0.4791066499049556,-0.7576441758692577,0.31041348522515483,-0.9506016348557227,0.42565976914868264,-1.2693994047017283,0.3836826448290925,-0.9962606720946922,0.324604621544838,-0.8656247369372179,0.10773835465969914,-0.9677632418865403,0.2247656692972034,-1.26335707455042,0.1995303588602626,-0.9312551632997388,0.12470281693960657,-0.7778230363735289,-0.12573328942333223,-0.9449476485708896,0.01616774714368954,-1.1151106368935872,0.03136197473169414,-0.8808005017628356,-0.016704418965611645,-0.7646640936425396
FIST,0.0,0.0,0.301471491684817,-0.15090960124211963,0.5643386760430064,-0.464494913634976,0.5852069297355137,-0.8822913170482206,0.3976276199003185,-1.1513967414630393,0.4918430765111629,-0.870824179255542,0.6279127607776727,-1.1373953478438508,0.5617435357908027,-0.910830074090275,0.4765704285406608,-0.7498637982982742,0.3096538290682651,-0.950849360384368,0.42641131607694127,-1.262693938775101,0.38093080579837185,-0.982053952126874,0.31921408533397355,-0.8486719026109364,0.10757546161255868,-0.967914751047995,0.2262158500930725,-1.2537026638175381,0.1953047804539748,-0.9178011072602411,0.11840401365134993,-0.7701792650055826,-0.12683860875762115,-0.943459766252088,0.016223285870400287,-1.1052617625369232,0.026212068835620543,-0.8689123148599728,-0.025296155301271453,-0.7602904508416294
FIST,0.0,0.0,0.3063433301583977,-0.1444978527620104,0.574054475550494,-0.4559581216525953,0.5986493530801106,-0.8747722960444271,0.40334234423379806,-1.136453979361312,0.4979994648973783,-0.8680339263755591,0.6340756828232037,-1.1371133883410505,0.5674382128724277,-0.8946619946049561,0.48687929679388603,-0.7394418364153648,0.3153336525399787,-0.9489808678660472,0.43334193950333505,-1.2516984635916897,0.384713376931239,-0.9538326689123249,0.3203277035461289,-0.8294799712798352,0.11350032171470688,-0.9670680049153046,0.23331897754168784,-1.2540188087110153,0.20449392036014324,-0.9100434156227416,0.12783227842919573,-0.7677000798160781,-0.12053419967013775,-0.945490981364235,0.019165020115119228,-1.105696290178294,0.030540644787603204,-0.8630937461006448,-0.019128169412012844,-0.7563887877269833
FIST,0.0,0.0,0.30327268362392035,-0.14850740871153478,0.5696859791114874,-0.4696162073326662,0.5907723687231728,-0.8943665063708669,0.3881976050743606,-1.1524137627969808,0.48798010353759086,-0.8727307395585706,0.6254427932341279,-1.1391100097048104,0.5591244510167103,-0.8974020639912111,0.47726445152228036,-0.7439623790888971,0.30474416311119024,-0.952434247100376,0.4238640864951338,-1.2544798433005335,0.3749468320798733,-0.9535765042211034,0.30870632865699926,-0.8282852539747537,0.10316949591043588,-0.9682853951532981,0.22398183044999456,-1.2543151544338345,0.19842429347428703,-0.9105597722393279,0.1204514173345193,-0.7662898391413292,-0.1299221924211264,-0.9440285894908019,0.012735576502059129,-1.1093062965716656,0.02518030625085363,-0.8698141929494447,-0.026747025620469277,-0.7622127021225416
FIST,0.0,0.0,0.3022370220180386,-0.14294585898764658,0.5709442689868778,-0.4654064637062796,0.589630929487864,-0.8915733437396339,0.3830893324495432,-1.1454836830625483,0.4897917687472173,-0.8745890509575236,0.6287398003465975,-1.137941104019193,0.5559000458740064,-0.8787365080797107,0.4760267635668285,-0.7408532509703133,0.3050606048726456,-0.952332939341455,0.4258104046361692,-1.2527723888150972,0.36960141362616605,-0.9334733905986847,0.3010029255908109,-0.8229272532915185,0.10340717090359902,-0.9647936074008688,0.22377305023065877,-1.242665016581294,0.19648492835165973,-0.887632112053835,0.11946127842789571,-0.7624284630912047,-0.12839083982350039,-0.9376887625638328,0.016466558397072877,-1.0989382919563162,0.02761389604580461,-0.849947437159932,-0.025715536634000478,-0.752159366699392
FIST,0.0,0.0,0.30466549239301205,-0.14737628201713726,0.5730836753030225,-0.46774599546013196,0.5872409625381065,-0.8925208477045594,0.3815184940775125,-1.1446005325243953,0.48865601075304155,-0.8755191782490703,0.6266076163676801,-1.1358881167707529,0.5597688285256804,-0.8915316054336944,0.4772370045337455,-0.7460179199661288,0.3047594766225776,-0.9524293472004801,0.423921071540804,-1.2521800080976333,0.377124847854699,-0.9538986080983823,0.3108945496444484,-0.8388914268186208,0.10381296048225286,-0.9658012058988974,0.22263357129486544,-1.249744496112297,0.19868157388071223,-0.9077093205856865,0.12084088338368669,-0.7749215658387969,-0.12849609306409235,-0.9402999444823358,0.01525713573975187,-1.1037043436133303,0.02785024577236418,-0.8621731069590958,-0.025651636183866528,-0.7600844852341611
FIST,0.0,0.0,0.30135728342079665,-0.14596611327717537,0.5712616671494147,-0.4707706065419991,0.5913787399490962,-0.8986336362619107,0.3847670014756271,-1.1525922021245367,0.4867530893178333,-0.8753678866496445,0.6285081755557277,-1.1391580859425163,0.5595318478359025,-0.8909709808244853,0.47456728902810674,-0.7454451571849902,0.30286396263964727,-0.953033798002049,0.42624899688792156,-1.2565673613256771,0.3755735860522938,-0.9489512535070029,0.3048151262104397,-0.830811321043387,0.10251959335236635,-0.9664289188774152,0.2250165910554818,-1.2510996289655794,0.20072779724274836,-0.9023318206427645,0.12067198627974586,-0.768238613043358,-0.1283692092698825,-0.9403390390485821,0.01899490905481064,-1.105565415897561,0.03137226796248345,-0.8620970536042516,-0.02504259950152115,-0.7604035082418449
FIST,0.0,0.0,0.3017768152633111,-0.14577858748195807,0.5686551830599734,-0.4682086569660596,0.5896907099817184,-0.8923985117783789,0.3868528512338705,-1.1491259833336551,0.4843992760877763,-0.8766753212853304,0.6240546878802444,-1.1346550494648757,0.5552483886296957,-0.8867940131031449,0.47232803626196757,-0.7437741680211901,0.3019853698717298,-0.9533125596484264,0.42325840379209145,-1.250599954402674,0.3732498885119324,-0.9455447907513467,0.30628063486560636,-0.8348476585661421,0.10197778450316472,-0.966191851813758,0.22394042660904742,-1.2441513282403585,0.19832072385503743,-0.8964528629113055,0.12036062686214971,-0.7689072433555564,-0.12836505182379365,-0.9402580011009644,0.017818955288561145,-1.0953250875200085,0.02839748911602927,-0.8525235518961443,-0.026916704947568624,-0.756665227187442
FIST,0.0,0.0,0.30782708815758925,-0.14429841801585036,0.5692038563523995,-0.4658729001499436,0.5903362449779023,-0.8871160276142753,0.3972580800975882,-1.1522777245184797,0.4801725424007554,-0.8763091216949541,0.624137115414623,-1.132958863064962,0.5640267627842701,-0.9155471415962085,0.4761130495775811,-0.7528488718963172,0.3003912367466061,-0.9538160749776889,0.4224033168473902,-1.2562986790591455,0.38708282764229873,-1.0010198862299897,0.32953933747111525,-0.883487413246931,0.09980670739881542,-0.9693467316727276,0.22439532210368626,-1.2528344911553944,0.19777492725166554,-0.9227425934052966,0.11793012294102775,-0.7744586276741878,-0.13164561443953857,-0.942867830940706,0.01710487628149045,-1.0966109424659183,0.028440006115163636,-0.862069228339357,-0.026033826063490428,-0.7539071917530697
FIST,0.0,0.0,0.3063199858395396,-0.14380736625155957,0.5741881645166195,-0.4663074634683119,0.5990816419521067,-0.8931931262410351,0.39348695427696145,-1.1502285897780256,0.48299329128694635,-0.8767565600203061,0.6288268071771891,-1.139268116340892,0.5615091308781176,-0.8942893143221625,0.4755473438303177,-0.741889147063762,0.2995164264909384,-0.9540911435822567,0.4276267234455424,-1.2595521620709214,0.37479749480590385,-0.9482580468914982,0.3041290170514259,-0.8257373709012168,0.09926600755482493,-0.9688016436061975,0.2293442826836072,-1.2514564768857501,0.20164543945989924,-0.898225270670519,0.11992751094757992,-0.7614053606553504,-0.13155672166416313,-0.9431692947465551,0.021084966634366015,-1.099310106097488,0.03078943683788822,-0.853046371487799,-0.02680922639153474,-0.7514902534553548
FIST,0.0,0.0,0.2995026098500761,-0.13975842137348932,0.5670800711918906,-0.46318928918161867,0.5923166820171669,-0.8880220179079711,0.3915045951187395,-1.1475129371112451,0.48344790217767847,-0.8757540696573742,0.6249350738838166,-1.1383602259100736,0.5564515329758477,-0.9018165334821134,0.4681763144277158,-0.7467077679286334,0.3011879351946265,-0.9535647999445016,0.422917982476938,-1.2565977523753953,0.37067756614943453,-0.9574176392111252,0.3006511151804637,-0.8347020470376341,0.10124683838006533,-0.9688942876785955,0.2234586073045438,-1.2494176874077692,0.19698757504339487,-0.9073808464732177,0.11824888855898182,-0.772907199457769,-0.13021799818180468,-0.9439425074204164,0.016941348582649896,-1.0993381269275357,0.028930069490420422,-0.859446507997795,-0.02439721670049233,-0.7596739401814147
FIST,0.0,0.0,0.30305253176384145,-0.14717694979556575,0.5671783623717426,-0.472606686816155,0.590644158210267,-0.898975834144755,0.3874544018815168,-1.1576813811099178,0.481804974457722,-0.8768829263284912,0.6233823049776936,-1.1408149812915405,0.556035331179077,-0.9044186317846917,0.4697964741589628,-0.7542148691519911,0.2999210676569708,-0.9539640209019954,0.422053912775935,-1.2585929982765596,0.3720256372359634,-0.9609175853884142,0.3044609763747807,-0.846108621192545,0.09963251158788337,-0.9689331894668102,0.2215040390704006,-1.253303451086518,0.19673351827699548,-0.9133326219857748,0.11777227203401007,-0.7839075708087394,-0.13175773419020334,-0.9453686425785055,0.014839208456849166,-1.1039351906532953,0.02669150819573569,-0.8655461194909737,-0.027715196358002556,-0.7679524444355833
FIST,0.0,0.0,0.30383592665274345,-0.1495219201672282,0.5667711261732065,-0.4665499152914578,0.5918854441608433,-0.8880247542939511,0.3961152910171183,-1.1558717024256406,0.4861827678290162,-0.8753163079726307,0.6292455660722931,-1.1344892939219622,0.5598739159326366,-0.8874382536529726,0.47527407347462014,-0.742725825228459,0.304620103185435,-0.9524739328376893,0.43001406455111296,-1.2564082312195635,0.37549607929347323,-0.9462850612090908,0.3055893677582445,-0.8309511243513903,0.10454506020181932,-0.9669878811322182,0.22753489731844104,-1.2500137580149144,0.20055353674979823,-0.8992431719598125,0.12285214777695372,-0.770038355077951,-0.12638630366641163,-0.9422989082040298,0.019853528454407784,-1.0967698743205436,0.03229576502533176,-0.8539884468258637,-0.01974505536288605,-0.7573961115316854
FIST,0.0,0.0,0.3018150656694152,-0.14965423960097748,0.5632603667979278,-0.4746186782897578,0.5862517616785874,-0.898934329366186,0.38185236643662174,-1.1594120918353916,0.48195010296991697,-0.8815620000465406,0.6231779125567669,-1.1419598441632246,0.5519333342527453,-0.8800695712773583,0.4717809572531287,-0.7462438118915005,0.2989528735093395,-0.954267876133588,0.42274113562733023,-1.2473030744236542,0.3625931276426148,-0.9159987561958838,0.2893996876529744,-0.8185987287017767,0.09887712309100324,-0.9667091191982286,0.22301897745474358,-1.2465495806542404,0.19646982196211973,-0.8890625542634315,0.11617696832347786,-0.777760760324299,-0.13145748123002896,-0.9446039506996009,0.017389056416684756,-1.0947420370704959,0.027091856863235605,-0.8491092634627044,-0.03100832077837809,-0.763843196065403
FIST,0.0,0.0,0.30377596500419757,-0.14379157763641787,0.5693480993440871,-0.4682199277537968,0.5874411937270138,-0.8913765404564306,0.3811936146286613,-1.145414978895734,0.4867313991654241,-0.8784793837033826,0.6260131276922433,-1.1377128258952685,0.556062293989601,-0.887711383361251,0.4738099616026747,-0.7432626674007355,0.3027636420151094,-0.9530656730119633,0.4234087595726096,-1.2554173194932294,0.3716344466246885,-0.9436798948926529,0.3043373809054339,-0.8274532621159392,0.10051196822100984,-0.9656867133777661,0.2217253501132519,-1.2432658637612026,0.1968428121406858,-0.8896522916752008,0.11987155586380892,-0.7614866602513471,-0.13068071862875455,-0.939643365926015,0.01700808461095035,-1.0908720310569917,0.02795312652249407,-0.8463873130041,-0.02727606548274414,-0.7534518912872159
FIST,0.0,0.0,0.2986817210128009,-0.1446832683047775,0.5678525749190039,-0.4655247582460617,0.5839032390780258,-0.886522953751676,0.37991731875882323,-1.142199931988291,0.48744959758161915,-0.8754100201343485,0.6231692184652662,-1.1434763775801138,0.5620912657181009,-0.9030219639685975,0.4789523797172465,-0.7439676144073749,0.30216762720219376,-0.9532548059522155,0.42321856855939194,-1.2565044811335055,0.3771084525309944,-0.9513176890831401,0.3073014701711614,-0.8267014923906968,0.09985100089828655,-0.966931543209396,0.22076226281602787,-1.2544303349929093,0.19777252364684297,-0.9015338167263479,0.11774898800101871,-0.7615927901049178,-0.13635792162567412,-0.9373195020445307,0.008994046406280192,-1.099032749506844,0.023616737724425615,-0.8541260537626386,-0.0317784755065312,-0.7530467779720741
FIST,0.0,0.0,0.2901349856806026,-0.14281881903299282,0.5572636145044293,-0.4648334736049585,0.5798245397650937,-0.8828034714866178,0.3776764839656867,-1.140917354489973,0.4791657904569865,-0.878525600728395,0.6134362712687601,-1.1381039480686885,0.5437763529554119,-0.8805584222092638,0.4647119361749946,-0.7404254569902201,0.2957210803994269,-0.9552743284561748,0.4140565851780111,-1.2437960127187282,0.35940792758306306,-0.9206491166831011,0.29060478645683374,-0.8178753384700506,0.09501265705088702,-0.9690543286372626,0.21693505836657923,-1.240636656480935,0.19016196659282483,-0.880965294976072,0.11068450763291082,-0.763385543251832,-0.1363915248940882,-0.9434293645648426,0.011000371294273215,-1.0856744282178026,0.019828029674965393,-0.8375054842330316,-0.03844222740346364,-0.7527642823672687
FIST,0.0,0.0,0.29871044911158934,-0.1471753764246916,0.5626822640132573,-0.4665951986804293,0.58141281091755,-0.8865576700510307,0.3817064591439791,-1.1469460579960826,0.481362964599088,-0.8802946764543778,0.6193684170245115,-1.1423074020935293,0.5533067335492652,-0.9032644774363255,0.46879952377161854,-0.7488709620391739,0.2981060624590488,-0.954532752463299,0.4165268386301248,-1.258150870924484,0.37156196361010524,-0.9617359721458019,0.30776505943222926,-0.8445443278942278,0.09695051923910593,-0.9665026852871552,0.21683431828161842,-1.2439225305833435,0.19295615011425032,-0.9008456875520003,0.11509097714373391,-0.7690390446945594,-0.1361582578375868,-0.9382921728891694,0.01176696831672888,-1.092600057778337,0.0250727992288438,-0.8508707284731992,-0.02918057706375026,-0.7513068469432418
FIST,0.0,0.0,0.295909020245948,-0.14778636159247352,0.5624528440285305,-0.4636192221899625,0.5809490258935606,-0.8806876700002885,0.38372198865318385,-1.139501512570584,0.47674638783075685,-0.8812532249460574,0.6087508870198391,-1.1519718895817734,0.5509268843105664,-0.9097560048886335,0.47602997650210976,-0.7508557218106833,0.2942472526839334,-0.9557293310806975,0.41237468603849564,-1.2666651493655277,0.3728326303517632,-0.9741629169362345,0.31285798524633557,-0.8521711189356238,0.09245414953109203,-0.9670601477390672,0.20863469050039918,-1.2563873540768533,0.18810194746651537,-0.9029295970733777,0.11454396830111346,-0.7555141168371501,-0.14159076506288315,-0.9350263269009927,-0.0009899558901313107,-1.0954598992314732,0.01321683442439302,-0.8533303970314337,-0.04124106787439541,-0.7490513918370485
FIST,0.0,0.0,0.3013964252390894,-0.14804748615215121,0.56586028748058,-0.4727797684049089,0.5834728541804822,-0.8929198356569973,0.38811949699658066,-1.1492518873762552,0.48741643583863997,-0.8735993723806524,0.6200455322997784,-1.1390381303802783,0.5593031289604702,-0.8996707903161584,0.48216417132147577,-0.7479497387972512,0.3047057472601584,-0.9524465379151884,0.4201557888665817,-1.2588594034540421,0.377736226751265,-0.9650524708669408,0.31652077404121226,-0.8523882682168239,0.10296069765720055,-0.9677074001421692,0.21898356640555863,-1.2511688877544684,0.19510072173516235,-0.9006156437812519,0.11874255239615294,-0.7667079597810231,-0.1310654962870256,-0.9417798116303446,0.010394010754226952,-1.101747394759421,0.023464120482405888,-0.8554239407499795,-0.031346564406437676,-0.7552940676588731
FIST,0.0,0.0,0.3015728602301369,-0.1498521739924836,0.5669309121138548,-0.4657646116692343,0.5863877363929825,-0.8916819456751605,0.386905086940774,-1.1551628638226445,0.4809990998883038,-0.8818807211247005,0.6151214418114883,-1.150681099258748,0.5586857883232775,-0.9239698999734464,0.4793719893929295,-0.7696060213299162,0.2957867424454302,-0.9552539992031025,0.41719614715422626,-1.2659712831189962,0.3760260192529159,-0.9735049120139339,0.3122058235367101,-0.8567727445846154,0.09448527188745796,-0.966649102319744,0.21421301557560135,-1.2602234134037376,0.1956601938231427,-0.9131588636878033,0.11908693177050463,-0.7683278460910643,-0.14053485022229545,-0.9371049767412107,0.0030311595037623177,-1.1086461574265145,0.021426286346939025,-0.8663573345777914,-0.030207353372938794,-0.7566352231555191
FIST,0.0,0.0,0.3003673441653008,-0.1534212473033804,0.5599674493806973,-0.4676332861972184,0.5833363432938047,-0.8860685412228692,0.38813430389672854,-1.149958070457285,0.4752882224409396,-0.8816159916978747,0.6126400538295329,-1.1409658157798181,0.5541792903558292,-0.9162442741062524,0.46999876139148095,-0.7667051031298281,0.2933829314299493,-0.9559950081174953,0.41130263111629906,-1.2635481084998081,0.37222024560667955,-0.9824676366576208,0.30865427522645666,-0.8704376998827178,0.09406282747393988,-0.9668852668963878,0.21208133460962306,-1.2488677451078045,0.1935027376976907,-0.9102195054189083,0.11659449914733361,-0.7709317626684532,-0.138988446286397,-0.9350938147157281,0.004845915030831322,-1.1038428006333958,0.024199746490206894,-0.8630703306023868,-0.028123769375842232,-0.7533173151756456
FIST,0.0,0.0,0.2976686728479923,-0.1542719502835958,0.5506895366880086,-0.4642593181339128,0.5771343372400496,-0.8753515399614035,0.3877566288834861,-1.139963212275212,0.4736750810638651,-0.8872684514445974,0.6068127875390922,-1.1409478280125611,0.5408738361050164,-0.8917059135272488,0.45971141173015256,-0.7558289417730473,0.2916683774750004,-0.9565195019345402,0.4063309640680512,-1.250767015805125,0.35854841297111384,-0.9359900869153072,0.2933247346472824,-0.8369590634913193,0.09342112872923253,-0.9636356233595132,0.20768593117968287,-1.2269108886234714,0.18936801755958602,-0.8774084500754223,0.11603591096471993,-0.7633126981944685,-0.13510816852731963,-0.9319993244266663,0.004698344490172884,-1.081650302773735,0.022706306429163835,-0.8389326019868968,-0.027680915544282717,-0.7488509526605471
FIST,0.0,0.0,0.3000865160524037,-0.15497746487550718,0.5543183735292149,-0.4654668445752038,0.5770906224302198,-0.878398871224942,0.3868492261234556,-1.1421252754409028,0.4719400750731364,-0.8854573926179513,0.6076640115479396,-1.1483785568445255,0.5467548527357395,-0.9233931087839639,0.46346529231669603,-0.7685070956108124,0.2910743382924594,-0.9567004387934642,0.40211344526394,-1.2727979778879623,0.36681339816039676,-1.0000445156350637,0.31264872489548945,-0.8834504152584562,0.09138102104001657,-0.9648114297779912,0.20383514935184552,-1.2352500789410923,0.1854359968551836,-0.8989587639433648,0.11511413282729809,-0.7587524540300478,-0.13920359624799628,-0.9322288932603815,-2.6970502050674557e-05,-1.0893024621544591,0.02088911884690349,-0.8514909903399484,-0.025148443133400537,-0.7443849265813057
FIST,0.0,0.0,0.3029978608464143,-0.14942481640996375,0.5640233022873382,-0.46852420660827887,0.5807040445913354,-0.8875948818090185,0.3864822517872636,-1.146286527208659,0.4837783688635944,-0.8805016217434913,0.615682226650162,-1.1470312961977878,0.5544662885777494,-0.9116308202559131,0.47424420655066624,-0.7613360962560592,0.30101942734095816,-0.9536180075708102,0.4104266291958371,-1.2680121863804912,0.3740453402917015,-0.9909410227400556,0.31807947173918905,-0.8834794540865822,0.09899116217285737,-0.9635249430074975,0.2077739146373523,-1.2449314984946893,0.1894377674147096,-0.898992287934031,0.11908406880817864,-0.7591523110840118,-0.13351534760618824,-0.9340618755795008,0.0018876497255247858,-1.098987711509388,0.021173762152209504,-0.8577537559002117,-0.027293894713677908,-0.7517366442383859
FIST,0.0,0.0,0.30161691091306037,-0.14968832374561777,0.5650010667770781,-0.46223314672267557,0.5863380782422095,-0.8767749438345538,0.3954126721553329,-1.138008928557063,0.4850410397921386,-0.8802350504754536,0.6162338563373942,-1.150876483621413,0.560758127040721,-0.9228931195644104,0.4820381201918024,-0.7650724034181532,0.3006762599168407,-0.9537262640414284,0.4178478396970287,-1.2679415480493519,0.37656445993394067,-0.9760391187997781,0.31363375085129813,-0.8533984996558027,0.09927105701441519,-0.9658258449801651,0.21441649894873857,-1.2512352172283974,0.19329470793102954,-0.9028898179504206,0.11980943795299229,-0.7577746158921109,-0.13567256133786096,-0.9368183204612243,0.002760640186777086,-1.1049139360493943,0.02195670871272411,-0.8599333181829159,-0.025641889644205974,-0.7496331516993562
FIST,0.0,0.0,0.3011674651185074,-0.1519005759413135,0.5656630337903665,-0.4671300499659964,0.5862091660702351,-0.8848184247964896,0.3903479151641874,-1.1386600093026895,0.4836718156853831,-0.8774222859979225,0.6139770352956622,-1.1457464129106982,0.5631676495709717,-0.9427392179790823,0.4856488388416685,-0.7828477241598544,0.30174302248824886,-0.9533892952931957,0.4118187210679387,-1.2708319225815978,0.3836925154187221,-1.026363968852436,0.3334071166233673,-0.9087961792002117,0.10062736880109426,-0.9672176744769265,0.209857780980314,-1.2580412031684571,0.19251995518993542,-0.9285642229261997,0.12262528711541791,-0.7656500762029427,-0.13416096953795498,-0.9380666235301904,0.001501168637995191,-1.1141437344818812,0.023964939930651522,-0.8766496670362061,-0.019660058349259317,-0.7502017600942213
FIST,0.0,0.0,0.2977725535813849,-0.150226898108037,0.5561486717406765,-0.459695480338521,0.5807265733572512,-0.8716049260913548,0.39660288900293605,-1.1369523997952984,0.47973076276282856,-0.8811063322374645,0.6075316739045942,-1.1454023199041095,0.5554308992530156,-0.9365355137731932,0.4770342450567408,-0.7739626171412372,0.297053222412969,-0.9548609234093053,0.4098022652401979,-1.265572241805722,0.3710974164690822,-0.9961204499378071,0.31331992650792456,-0.8750954357740212,0.09658458818979898,-0.9669768606537917,0.20926333451497903,-1.248807695077631,0.18796552067915057,-0.9151709884010523,0.11610472662459098,-0.7649235157070498,-0.13832262971007472,-0.9360301894724339,-0.00011160154205542441,-1.1017450747702464,0.01793199861355916,-0.8638907032988867,-0.02884806341287423,-0.7487319400244834
FIST,0.0,0.0,0.3042312370709945,-0.15137208364567042,0.5622204762615136,-0.4611339991147127,0.5800961547000401,-0.8738397102654454,0.39131508386464525,-1.134496703108015,0.4802193333517927,-0.8780636924886199,0.6123239957621203,-1.1371943632644854,0.5587225055857326,-0.9259580247382758,0.47860827618923296,-0.7701529248645816,0.3000204947065473,-0.9539327558879811,0.41169994917658126,-1.260509161347209,0.3805403310692371,-1.009842031322078,0.32768712655551363,-0.9016574322669481,0.09886467308929807,-0.965210311788943,0.21100144785608108,-1.2472976514937826,0.18942187999780136,-0.9140972920011324,0.11575951164068944,-0.765323335926911,-0.1357546578169081,-0.9321000730834421,0.0014331757664809103,-1.092768250949235,0.018851689671302206,-0.8577434688398825,-0.030129245572264155,-0.7474358194970517
FIST,0.0,0.0,0.2983502018695997,-0.1543491834822426,0.5529330618983103,-0.4615103813891053,0.57668436844071,-0.8718508769598087,0.3938969378160476,-1.1386748628908618,0.4766178226291448,-0.8808111909103675,0.6023540384231193,-1.1386934501829733,0.5530610044256778,-0.9447384646695094,0.47727317957017673,-0.7893013050223393,0.29583503145870954,-0.9552390455597093,0.4043577109223087,-1.2598355069433844,0.3728586014514248,-1.0135795988865328,0.32324214857124295,-0.9053284487818627,0.09559986462306666,-0.9669930295146292,0.20523236031982434,-1.2495217283389053,0.18619231275129053,-0.9246263950284438,0.11654309600971893,-0.7742499354468362,-0.13868443326705943,-0.9340389997537163,-0.0028591902090541687,-1.09711553645872,0.015405457490227504,-0.8634760627107626,-0.029942733544746216,-0.7472484859846367
FIST,0.0,0.0,0.2981073281241992,-0.152616015825298,0.5575828300106814,-0.4687409303050679,0.5759542433369783,-0.8863898695209317,0.3840662394374998,-1.1437645432525916,0.4754957521567805,-0.8828980493455102,0.6041941558573777,-1.1473456774607116,0.555460803411798,-0.9446375824480633,0.4791022933235916,-0.7886952813561152,0.2921500977302865,-0.9563724799450181,0.40111633504095723,-1.2710967384076315,0.3725119963278012,-1.0190466150372073,0.3211250974726878,-0.9067378818850161,0.09091077432343202,-0.9666870816898775,0.20004659918659176,-1.2499258834979685,0.1832264131786502,-0.9212220305316042,0.11109714855155045,-0.7715585215254667,-0.142875252843755,-0.9334912535156291,-0.00824915628710967,-1.1019368957017477,0.011759992713821273,-0.87126696187609,-0.03681998275413966,-0.7604209213641165
FIST,0.0,0.0,0.2933034312858569,-0.14842475132813263,0.555422142859989,-0.4634497159411562,0.5785873527510389,-0.8798044200970705,0.38525953405659497,-1.136690387132415,0.4713560450017076,-0.8823425919236866,0.6030407711288792,-1.1465450421350927,0.5504479417334067,-0.9359940034560836,0.47133521227937714,-0.7808866123021966,0.2897135179177084,-0.9571134089206701,0.398075234055581,-1.2717529681705808,0.36949196167784903,-1.0180593826302584,0.31662131082861183,-0.9052840832518,0.08956173891543275,-0.9669253102021472,0.20029729712243444,-1.2434271509285144,0.1821160828468237,-0.9167840569143502,0.10765775668479667,-0.7744788400367421,-0.14247389974125374,-0.9330441521613259,-0.004347198371667258,-1.0955830728683231,0.01355106400363469,-0.8643872727640917,-0.03824219307134982,-0.7581183124119645
FIST,0.0,0.0,0.29463584794941416,-0.15113222830814746,0.555140193717025,-0.4658908817958471,0.5749127004645035,-0.8789204360631908,0.38309125261107274,-1.1325139756861455,0.46935046985372914,-0.8846678162238658,0.5991929016519157,-1.144903237919773,0.5479803034321798,-0.9324963111251546,0.4716147020378483,-0.7816542418154101,0.28854576397171516,-0.9574661049321689,0.39469544255468364,-1.2707786134118022,0.3683951333404623,-1.016279411915093,0.31747408911431413,-0.9019375466106533,0.08871409876867495,-0.9651401284422827,0.1971732693795306,-1.2436366571028543,0.1832571074165932,-0.9161943973975702,0.11318076431243279,-0.7710652983672799,-0.14292647913349235,-0.9278457071785287,-0.007739123285396444,-1.0911991783002881,0.013063664905663592,-0.8606599490963862,-0.035463722583124795,-0.7532707397921417
FIST,0.0,0.0,0.2933048490880789,-0.15649120410199585,0.5438175750888034,-0.46747811038039544,0.5664470828442597,-0.877083286875964,0.38282850718976463,-1.1427340968519268,0.4707300906267878,-0.8871477043286309,0.5954867336350879,-1.1522190264416217,0.5418974649334072,-0.9276691685612873,0.46968765737249074,-0.774586716594421,0.2890766145139769,-0.9573059651653371,0.3972707143777775,-1.2657769974016602,0.3620642931702342,-0.9884453765619264,0.3075721657949245,-0.870760512307479,0.08916512493792322,-0.9646958941184685,0.19649229621816786,-1.2422908487380107,0.18209507841644298,-0.9098515290225287,0.11437960306251951,-0.7676472956937432,-0.14071896939170855,-0.9302764033024811,-0.006920995213460889,-1.0986282222660062,0.014214957045670868,-0.8669989082621454,-0.03092459859311879,-0.7588088006305752
FIST,0.0,0.0,0.29780265695607666,-0.15889757671141563,0.5458303419942606,-0.4704944420699124,0.5654183770004836,-0.8769980215055365,0.3781684176584382,-1.13840966240215,0.4696768325236606,-0.8871177874532171,0.6003081308716659,-1.1402646378722296,0.5405830107926684,-0.899270223695009,0.46514089020592725,-0.7609456233686467,0.2906794719045656,-0.9568204871412833,0.4021179004939586,-1.2576569098452137,0.3642486341831175,-0.9724899398058897,0.3081674771722331,-0.8724428771742285,0.09112513657839606,-0.9640316052232114,0.20235584814793048,-1.2285800321944758,0.18342601549590357,-0.8925607963169506,0.11206097006123618,-0.7734592403419608,-0.1367059924995699,-0.932947507566195,0.0005464954022104476,-1.0849093474538518,0.015345456784768213,-0.8521795713572988,-0.03612249266328505,-0.7625470103419951
FIST,0.0,0.0,0.29684654760240226,-0.15614340985466196,0.5442967471843569,-0.46671787686414273,0.56591382891896,-0.871019888440819,0.38646962540454677,-1.1365422645106997,0.4742903148800148,-0.8850188287956752,0.601039758603135,-1.1378065719000234,0.5425233043214678,-0.9014296880067517,0.4680146336418175,-0.7573830445024761,0.2968907275208146,-0.9549114597239691,0.40295498109873923,-1.2566187124190042,0.36680240151738963,-0.9787942095503931,0.31371946782225313,-0.8730408911913634,0.09769124497151206,-0.9632111906036357,0.20356354442116248,-1.2295606452151044,0.18655077190785466,-0.8971963377555737,0.11978074714403446,-0.7698929692622908,-0.13072914030479293,-0.9328845711599552,0.0017876109056903097,-1.085280152832336,0.019365581685583357,-0.8524466507402787,-0.026836710578199557,-0.7550667980213004
FIST,0.0,0.0,0.3026738650809338,-0.15884205425573192,0.5508123170963076,-0.46892290874766507,0.5715468424007423,-0.8805405509262965,0.3855332143554373,-1.1501585954590563,0.47565804564293956,-0.8896176352584818,0.6046454227930947,-1.1535709233119307,0.5405527231164821,-0.8975291293058313,0.46580451637042025,-0.7576872118546912,0.29335468004825604,-0.9560036776570399,0.40447536388932676,-1.2595664245347624,0.35892182528707994,-0.939471306823668,0.3008999467970843,-0.8372337498920882,0.09343979589805664,-0.9642412539693473,0.20463538637263423,-1.236457189754532,0.18784799459808296,-0.8843123383325704,0.11892020246913274,-0.7647136694149802,-0.13507173382701587,-0.9385090565172636,0.001974028202109096,-1.094288090855838,0.017935755071804383,-0.8520354237229564,-0.03206250013916513,-0.7583175350253507
FIST,0.0,0.0,0.30028190920486664,-0.15649796026022253,0.5539181894878922,-0.4688068614391787,0.5714182612048146,-0.8813636681691189,0.37752389681160436,-1.1397418587077188,0.47628561923269047,-0.8844467943764902,0.6051502032389203,-1.1490355413088629,0.5429548006770482,-0.8928337837401207,0.47192998429428556,-0.7531218012014799,0.29506311584167577,-0.9554777640896736,0.4053564871379723,-1.2591944623354636,0.3631264881261395,-0.9475765801627699,0.3073974666702872,-0.8400840510407878,0.09434624634433837,-0.9653172470991478,0.20217767013924928,-1.2382889837303774,0.18610455574692406,-0.886730602962192,0.11996440688549975,-0.759951382635591,-0.13551902627323736,-0.938098605315521,-0.003620773452893831,-1.0943747380140716,0.016811052543046722,-0.8513181863901497,-0.02697358539961605,-0.7530562682324978
FIST,0.0,0.0,0.2948489557036276,-0.14875438319089776,0.5514141674068068,-0.4601393912771422,0.5717888994732103,-0.8715876262153257,0.38579886122923507,-1.135315857339683,0.48055679245560057,-0.8809394016407947,0.6067064048247908,-1.1442863834787407,0.5472604756863693,-0.9023934927980606,0.4732170890216894,-0.7523550312025061,0.29865420868230264,-0.9543613904786529,0.4063384162194608,-1.2573368865272985,0.3655318032037212,-0.9593926487383574,0.3090576159778041,-0.844159551290138,0.09775955692131995,-0.9647738861409819,0.2032476145286328,-1.2429501558793474,0.18804786014990238,-0.897552628121388,0.1233835140111743,-0.7603768242688332,-0.13526709277864632,-0.934396559160185,-0.0052207276020423896,-1.094109818303877,0.018249132509558653,-0.8525883183422021,-0.02157670708938043,-0.7466817337404731
FIST,0.0,0.0,0.30097297905234854,-0.15475772066891172,0.5549603266103389,-0.45843779080906405,0.5763026335299503,-0.8716548590090223,0.3859196250925665,-1.1385840980498831,0.4800477895024337,-0.881440927529003,0.6099739260851164,-1.1391771978006435,0.5507312607903465,-0.9127240380979351,0.4711895128179758,-0.7652691965933553,0.29828801508804037,-0.9544759085774963,0.4099642263109721,-1.2546510733029677,0.3680763436527212,-0.9677410417455582,0.3090393213448442,-0.8629110863202759,0.09914668885975234,-0.9660021283620349,0.20935136900266044,-1.2383351823248376,0.19044753298631856,-0.8989430180086536,0.1183140388013603,-0.7667803398664901,-0.13241474166785838,-0.9381287611032396,0.004346664518290729,-1.0933556386843104,0.02406378837444381,-0.8556481288193137,-0.02224719795599188,-0.7528708896198563
FIST,0.0,0.0,0.3011013369114324,-0.14928715354983826,0.5568738453309159,-0.4553614606703741,0.5811938865085249,-0.8680023662373483,0.39211217991892316,-1.1364419353292665,0.48140981634405405,-0.8786731781889174,0.6133942463103119,-1.1320814522750011,0.5502804742951064,-0.8889644423490918,0.4705458389243218,-0.7455114100898886,0.301348459214278,-0.9535140828163895,0.41543879868883604,-1.251879962371807,0.3709385930152245,-0.9506568371763771,0.30970714371851216,-0.8419526231022051,0.10235904447790173,-0.965081503197996,0.21432286801643236,-1.2339884926406488,0.19547235408938998,-0.8864552953739735,0.12394486159857422,-0.75595683663487,-0.12866700960759664,-0.935955912161184,0.010119218938729774,-1.0913293966632016,0.029207297100759682,-0.8470227156137369,-0.01834763622780201,-0.7442176793565886
FIST,0.0,0.0,0.30166043474055615,-0.15372992686397122,0.551482180162301,-0.46149937631523635,0.5737546328566111,-0.8735139515163635,0.38837202972122187,-1.1433797732074418,0.472431297376505,-0.8826893274727343,0.6066827257439795,-1.1363477045809003,0.5517919308384381,-0.8996873413151022,0.47466664667813313,-0.7574279514955177,0.294501459758959,-0.9556510295080742,0.40994549026943156,-1.2590413574694383,0.3750284230554516,-0.973354388561936,0.31933605724062675,-0.8652983532928558,0.09423966756634419,-0.9676930325322476,0.20855207767269987,-1.2455739435049018,0.19183685271675036,-0.8989066890357731,0.11958220037386363,-0.7589948343554971,-0.1378832899095659,-0.9396248797180986,0.0031086633640137877,-1.0958619431202885,0.02231645929362126,-0.8560665745120157,-0.02654744589288337,-0.7515254888865049
FIST,0.0,0.0,0.31176957260319454,-0.16181689038075028,0.562268123180351,-0.47215912170543356,0.5778523532131399,-0.8931879360361212,0.3815554397939824,-1.153611335030503,0.48702718192404265,-0.8781847641731794,0.6196113794163427,-1.148150794019836,0.5620483519854653,-0.9108111804100881,0.4912821834307099,-0.7668977543916665,0.30643664571208806,-0.9518910558276741,0.4177602059268655,-1.2609623005050334,0.38066979468026396,-0.9721524917308657,0.3257448025801785,-0.8554635153509689,0.10414920999992737,-0.9638486706487673,0.21544106193285564,-1.24747362864608,0.199185959631386,-0.9110083028322244,0.1267453438775015,-0.7714587486280999,-0.12862987796868539,-0.9373939668868572,0.004727033170451505,-1.0992189795861107,0.0213231166506244,-0.8685954299895109,-0.028954425380497976,-0.7664897640853116
FIST,0.0,0.0,0.30294190463193627,-0.165990869476958,0.5521057854221323,-0.48657101056079305,0.5665938258774955,-0.9077428388812536,0.369800107013218,-1.1693070691524565,0.4727093084969617,-0.8831816039517522,0.6054488866022254,-1.1496377423157043,0.5522906703147668,-0.9157309858151607,0.4808374019433759,-0.7773431664651091,0.294654272161264,-0.9556039241741924,0.40840326401543503,-1.2649236578694536,0.37389649693042676,-0.9802730734144494,0.3163685285379954,-0.868500592805254,0.09394391690028688,-0.9669881064782725,0.205888998208241,-1.256354266420267,0.19238633669705296,-0.9180988808067814,0.11958398394509336,-0.7777343947156291,-0.1388373586474494,-0.9398465688503895,-0.0029625121736509535,-1.1096082193587897,0.01614749510144779,-0.8762735331021502,-0.03412300264848872,-0.7710029674640362
FIST,0.0,0.0,0.30553924459133636,-0.16493779920437887,0.5591931594114437,-0.4845417443599759,0.5655321200493729,-0.9075066188137303,0.3554271004145315,-1.1506092777158685,0.47823867022478433,-0.8794449339555922,0.6153839333415576,-1.1535218574837134,0.5536627372830216,-0.9222391203854574,0.475361508874859,-0.7759207990841147,0.2983053057807839,-0.9544705048051685,0.4064577073075127,-1.2718306073700238,0.37141734589307795,-1.0008130862144264,0.31674925187695097,-0.8818967622339396,0.09672707522468807,-0.9661439160609175,0.20201588986122274,-1.2443644824290585,0.1834205963404663,-0.9110362904003904,0.10937098233708219,-0.7662866773535026,-0.13416613729059118,-0.9393132942749546,0.002663402616226956,-1.1018676055844603,0.018998158521055086,-0.8695842591729144,-0.03221702981861595,-0.76191102047187
FIST,0.0,0.0,0.3102385000562228,-0.1541435768788102,0.5659697932307529,-0.47633993083974563,0.5748984608946175,-0.902965421339405,0.38088806022315164,-1.1665131447670414,0.49288306196911946,-0.8729209682457303,0.628443643163827,-1.1488448377295788,0.5608360499485239,-0.9234423290168873,0.4817815156865072,-0.7712859159841673,0.3106457471490256,-0.9505257596605279,0.4208801665387385,-1.275882893847355,0.38310022769354907,-1.019433514070986,0.3337262907344271,-0.8979575917263184,0.10511992606692662,-0.9645226891872053,0.21411224971291845,-1.2545618281123387,0.18877157154506527,-0.917104043190506,0.11914636167897953,-0.7584010660816954,-0.12926663338966587,-0.9389849356148923,0.006400611514741282,-1.106483881896654,0.02167655883849729,-0.8672131974843781,-0.023622777074133343,-0.748714549604684
FIST,0.0,0.0,0.30837820219471135,-0.14624486442997528,0.5721065498333033,-0.465740181925942,0.5853720277845477,-0.8952840731454852,0.3860066353575373,-1.153234606890725,0.49496162104388397,-0.8720501988351778,0.6284056596612786,-1.152197100291302,0.5683810947726781,-0.9283423380889623,0.49137161691355435,-0.7738658592283827,0.3114566612327311,-0.9502603580986423,0.42273221443600406,-1.2719580601945757,0.38769937593088233,-1.0067042657632144,0.3357114078176885,-0.8875771528448686,0.10629206792337458,-0.9658294523977584,0.2155277776430359,-1.2590284371816085,0.19415758139588535,-0.9157427083950666,0.12339041114663664,-0.7561979884093157,-0.13145782102840878,-0.9428094479773916,0.002297913150806699,-1.1136322401593457,0.020780073773055078,-0.8699358969454387,-0.022373483664183225,-0.7485753486875498
FIST,0.0,0.0,0.3060487914680711,-0.14180290742571688,0.5715396731621615,-0.4582265849944471,0.5865310968214308,-0.8845981128801593,0.38797716586421643,-1.1416762159321936,0.49278252196507244,-0.8743643139814112,0.6253314992784376,-1.1459608114849642,0.5659009248573429,-0.9172573512405481,0.48891929210938667,-0.7663332273078604,0.3074356486443025,-0.9515688739879301,0.4213802323842881,-1.261886619762423,0.3820766241735451,-0.9838056407045226,0.3254322455035145,-0.8667026311488567,0.10306680787036498,-0.9645719634522949,0.2160621733471018,-1.2434264732387017,0.19243456981005175,-0.8999205305909443,0.11861183685493788,-0.7506202524155255,-0.1346041422881222,-0.9366114186919428,0.001219069260856831,-1.104385588728783,0.018219050140612536,-0.8593506133955244,-0.028657607173377026,-0.7429601495068446
FIST,0.0,0.0,0.30780378363750793,-0.14369931277195352,0.5838507777903772,-0.4727738553103502,0.5965696178338704,-0.9105762885548097,0.38392524865524597,-1.1552523576920952,0.49310781127188713,-0.8775254083022117,0.6245731290117331,-1.154809818880254,0.561338930605487,-0.8924452882442807,0.4911703469787765,-0.7638756303057236,0.3002948323334159,-0.9538464308649719,0.4122079807501036,-1.2448538550530588,0.371930243739057,-0.933675792798281,0.3129410334305211,-0.8457015674824456,0.09151884625353607,-0.9673917584369286,0.20598521372425466,-1.2469828945893906,0.18503773804630172,-0.8810982865882875,0.10891260116973525,-0.7515305216325477,-0.14786096563886264,-0.9458899917219223,-0.0068649391947966185,-1.1107454375409038,0.01078073716623848,-0.8584505806267462,-0.04006812176575545,-0.7587816445884712
FIST,0.0,0.0,0.3033153421647994,-0.15514061522932404,0.5708122752929379,-0.4835170146442831,0.5795465235121097,-0.9131752535546,0.3703626684608694,-1.1552951083366987,0.47476002427728187,-0.879958767333845,0.611340362040866,-1.1508815523419609,0.5502908034400709,-0.8908443595650513,0.4757392000866061,-0.7600697446928488,0.28632032460973883,-0.958133952908138,0.4021983588588952,-1.2479597269152574,0.357103680413127,-0.9296102457193601,0.2898390402600199,-0.828957605647284,0.07992443577817594,-0.9710897123181541,0.19767885515484537,-1.2405538412335413,0.17980368489246806,-0.8836745815986481,0.10199521645192525,-0.7636993283137986,-0.15837047401585452,-0.9444946656105806,-0.01486957432249851,-1.098087867198008,0.0017454598459114362,-0.8538555195730837,-0.054635641186557345,-0.7669464016427833
FIST,0.0,0.0,0.3066750030601784,-0.1557357147882127,0.5705267651073401,-0.47948069231564133,0.5804271198299328,-0.9027586629974313,0.37354146656924936,-1.147729852843548,0.4757805693095255,-0.8787823710540474,0.6150070108641792,-1.1532710396133299,0.5497453020684262,-0.8875666903818773,0.47017466195815216,-0.750275394216813,0.28792039921062146,-0.9576543445932861,0.40473726046163955,-1.2526666988506552,0.3544777824788232,-0.9240413159059876,0.2833343935120858,-0.8098101208170931,0.08199040058641524,-0.9701567824060159,0.2004369576529256,-1.2372939821718758,0.1784035459979066,-0.8795615437143797,0.0990223319800958,-0.7582290801291914,-0.15658323869690874,-0.9420535273281656,-0.012593678047266204,-1.0919426057724995,0.001322194125393604,-0.849011219232058,-0.05626294334574695,-0.7651020901840669
FIST,0.0,0.0,0.3268222389615032,-0.14561113691982025,0.6114862229500039,-0.4626262991425558,0.630886121793267,-0.8940890392105809,0.41036740043560715,-1.1305422337504984,0.4948889463446768,-0.8789507095469205,0.6374682530354608,-1.1455009582682187,0.5617395710897208,-0.8511125476966045,0.48282520247134264,-0.7330646019169438,0.2963529411944656,-0.9550784963789047,0.4254230799436138,-1.2305152262590715,0.35686016649307,-0.8547224521873972,0.2718096595878152,-0.7573335485838659,0.08643934740545499,-0.9677099832445386,0.21692423429974872,-1.2277480354707349,0.1881201782265309,-0.8336183707115927,0.10657213060971868,-0.7235321780031185,-0.15489163680150808,-0.942370717061898,-0.002898477381740727,-1.0955232038573188,0.012540730637021557,-0.8285681283159232,-0.04126324915283461,-0.7452453275490497
FIST,0.0,0.0,0.3266433500308045,-0.15226176662619345,0.6077015523034787,-0.45506005448218784,0.6361171540752799,-0.8772056418586579,0.4312648320267342,-1.1356408835194105,0.49565996453401445,-0.8744348699050972,0.6355959730100088,-1.1289669495442423,0.5627896363099898,-0.8320359833164966,0.49184683044991134,-0.7191501265232658,0.29881111030747165,-0.9543122761218237,0.42263227619151994,-1.2203696721961688,0.3545730540942124,-0.8362655559445566,0.27465261167537486,-0.7366706074223974,0.08950343379111436,-0.9712122129596337,0.21486346034329487,-1.2301028156118405,0.18520851088349446,-0.8317872593837079,0.1102967229279917,-0.72028710500992,-0.15227537366068444,-0.946960680184738,-0.0018310954670259358,-1.0951050531067565,0.012122443739490722,-0.8265026669186024,-0.037983245674942906,-0.7423501203304043
FIST,0.0,0.0,0.3385910916208317,-0.14945638855854854,0.6328118934763849,-0.45445903267086657,0.6845660620909769,-0.8951357517926275,0.4782365308049576,-1.141087736884488,0.4930306424652536,-0.8773243540423614,0.6356721875615666,-1.1365857365000054,0.5784761683834652,-0.845543416438618,0.5119023425506404,-0.7208788301769204,0.2965183661027679,-0.9550271506945469,0.42557468647987945,-1.2248123329376455,0.3640118320213149,-0.8332731412301724,0.28726133496563155,-0.7352299365919844,0.08779676817324263,-0.9765542953593823,0.22317092539804853,-1.249853770306992,0.19664234852299267,-0.8434532077487061,0.12021585968316509,-0.7236193188289938,-0.1569830315069642,-0.9611635817447411,0.003100389993637685,-1.1253416489891828,0.016115609241282493,-0.847610343101043,-0.03501139975788814,-0.7483257536917272
FIST,0.0,0.0,0.35009551429482416,-0.13695711816120937,0.6657524731189974,-0.4203647238251037,0.7530173617828203,-0.8516745688546928,0.5556657149307239,-1.1152484726613199,0.5009074088774838,-0.8681822566868262,0.6613706689901,-1.0698763705020404,0.6008100500436993,-0.7997019169114744,0.5184148758695134,-0.7002047885036041,0.3020154610690383,-0.9533030269936501,0.44905114961819753,-1.1759355209347735,0.37593825151727084,-0.7635453957131035,0.306485814291275,-0.7282154406401262,0.10032409923661537,-0.9817157923803638,0.238154567230668,-1.2096719160903255,0.20197505888192396,-0.8019566002241418,0.12106417472022003,-0.7483052387783127,-0.14048014177792265,-0.9794565763901578,0.03003489736076472,-1.1003267363236007,0.02349149169007744,-0.8178403973693841,-0.04112967786468741,-0.7630299655244525
FIST,0.0,0.0,0.34650145592389947,-0.13988469598485942,0.6601128722381961,-0.41231629586715185,0.7397816643365012,-0.8439156115021285,0.553815561897705,-1.1204504525130374,0.5001838638357551,-0.8649209267670556,0.6553344204415419,-1.0581385753458794,0.6055413229015516,-0.8433391081731288,0.5183174841905288,-0.7419925775584099,0.2999071648245956,-0.9539683917650903,0.4478691381112695,-1.1833088272898529,0.37719566715410446,-0.7735300642781043,0.29713089793989095,-0.705043895485005,0.09321366894756586,-0.9798854629240769,0.23379800648670326,-1.2195834464549762,0.2013459192069519,-0.8115422277485204,0.11187378309910234,-0.727981710248109,-0.16290974048943885,-0.9655184621579775,0.007497002762187097,-1.1150317147380717,0.013851656635540183,-0.8322602751430246,-0.04830838831243299,-0.7577047527588416
FIST,0.0,0.0,0.3528390012704643,-0.11789695056173174,0.6765887546921302,-0.3781096885352013,0.7522815377399025,-0.8081228591004729,0.5697515854490803,-1.095856337610563,0.5284913115090706,-0.8503659111576317,0.6820099491072956,-1.022609507178894,0.6170852312693085,-0.7762125950669896,0.5361235105831177,-0.6846639422330058,0.32172628054707486,-0.9468327203922269,0.4765177716733204,-1.151426123447948,0.3851448375978452,-0.7300456496125457,0.3118158081951091,-0.6943762182635164,0.11182784449637904,-0.9872998809068111,0.2557295306193628,-1.1974864235307479,0.20676503096199572,-0.7853086249192011,0.12078343059762561,-0.7262221669344083,-0.1458227794407966,-0.9922702115046267,0.0317457020215466,-1.1205330921901449,0.02785216153772932,-0.8273981076411927,-0.03621365088401815,-0.7602984805008802
FIST,0.0,0.0,0.3615713986285102,-0.09121276878008998,0.7041042449851102,-0.3650983443170411,0.7936217415281714,-0.8138170164144474,0.5921094409220001,-1.080462744731452,0.5333366437358487,-0.84392372092829,0.6949158089869699,-1.0299239110057083,0.6285648492533478,-0.8110876482706463,0.5358788801642268,-0.7033112029487435,0.33066678060635546,-0.9437475722900847,0.49683386453937595,-1.1762177411462285,0.4031616743539811,-0.767079778605885,0.3115523005648122,-0.6871540423416919,0.12176042549589453,-0.9850704210039276,0.27606799496852824,-1.2177023563250198,0.22476383620196963,-0.8106381289973319,0.12727476375639193,-0.7246341395995035,-0.13820869854713666,-0.9872202519680073,0.043089513212141654,-1.131571036729444,0.03852158436339805,-0.8443984374702879,-0.02884902484295141,-0.7666971160854777
FIST,0.0,0.0,0.36287736083455124,-0.09624927001150553,0.7030111845301146,-0.3586974947966283,0.7872047400022559,-0.7943656114182629,0.5930039456669232,-1.060355924516546,0.539219033353901,-0.8417340627081578,0.6939088921549997,-1.031570486215466,0.6381733084148156,-0.8533021934858955,0.5482772598630116,-0.7422652934330951,0.335327448684871,-0.942101641097443,0.4934737869220455,-1.174364411289048,0.40512441662892246,-0.7816712782024947,0.31464087926050543,-0.6776489239801149,0.1243770841290879,-0.9804611456444075,0.27360866220715785,-1.2150540246437294,0.2252598294938342,-0.8209191640633297,0.13159261740177952,-0.7197557090407171,-0.13867898050236732,-0.9747732851233034,0.037473477897689664,-1.123470690718819,0.036067574943762504,-0.845967749651124,-0.02610313894598587,-0.7642988991964967
FIST,0.0,0.0,0.3573149869378726,-0.09706728436881155,0.6957123440773573,-0.36369794961689095,0.7770123879528756,-0.7922853475741345,0.5831079009948564,-1.0542316889645662,0.5425155255511835,-0.8380344792220339,0.6942622742494373,-1.0258230597083324,0.6341872325259825,-0.8597498967377819,0.5352515630995694,-0.7447490065439796,0.338141393260495,-0.9410953183200155,0.48679237396729264,-1.1753622670076842,0.4029565566142991,-0.7926950914592142,0.3128545821606837,-0.6691265541064294,0.12424113580565173,-0.9796408230596739,0.26849199155130293,-1.2151173397296722,0.22271328036124846,-0.8255448536782184,0.13115585798113952,-0.7091201118870427,-0.14068383186667902,-0.969642937811262,0.03308824727762938,-1.1203683519772638,0.033305388007540425,-0.8443110563886422,-0.02619470136527535,-0.7548712603219072
FIST,0.0,0.0,0.37335096381189253,-0.09780174558710342,0.7031584477326199,-0.3839749634127442,0.7747384190754567,-0.8212238082844524,0.5721945659386218,-1.0933528534554111,0.5288329940789739,-0.8565619605842287,0.6838084004095695,-1.0178204099111674,0.6284118670219512,-0.8225991941020863,0.5373220914870561,-0.7119037938160959,0.324066808782192,-0.9460341978204204,0.4943083935659092,-1.1720146521396297,0.40958204289737277,-0.7788976354602852,0.32036739683127236,-0.6861342724730645,0.11588582041036985,-0.9844329024069226,0.26843785600006137,-1.2031185761633523,0.22666865066353775,-0.803663977640577,0.13464886192691916,-0.7150489232687671,-0.1391977373977098,-0.9867107802849804,0.03682983172058485,-1.107298688373498,0.03973733961179077,-0.8281601427629879,-0.022827779837038143,-0.7567447948324374
FIST,0.0,0.0,0.3710613721595184,-0.11299673942851783,0.6952514066421095,-0.3963114650903559,0.7680350842234281,-0.822171246334898,0.5568088011473932,-1.0766511254230695,0.5224032888550089,-0.8566574881081636,0.6785881455586035,-1.0071962542187058,0.6226086326721852,-0.8321253405196193,0.5257504955859224,-0.7447508453249749,0.32224655925907536,-0.946655774315927,0.4811777102332248,-1.1684942543263726,0.4037763726530786,-0.7896142236550542,0.31214857762177717,-0.7002468540884287,0.11647208556132296,-0.9820835837512165,0.26553716566563396,-1.202168559760097,0.23013720541471416,-0.8192905134421774,0.13515623597013435,-0.7362495502582075,-0.13431529006354143,-0.9767498018685961,0.042491556127924476,-1.102055880788532,0.04727747161565244,-0.836041134764748,-0.01828953741242968,-0.7683669536705007
FIST,0.0,0.0,0.3702468092579652,-0.10986468234933937,0.6852012257422229,-0.3952690381026872,0.7563488036784991,-0.8130565603574035,0.556536206893702,-1.075675580830717,0.521780574928998,-0.8647506581581352,0.6826228713167615,-1.0109321009269516,0.6220784304635991,-0.8073401551208619,0.5276407704774241,-0.7042905412835383,0.32104716078079437,-0.9470632083206436,0.48772086175064555,-1.158994005097186,0.4033174293527372,-0.7726014686963456,0.31271999071668466,-0.6963208727614479,0.11658704394974546,-0.9776826478012661,0.2681158740265488,-1.1833817633037131,0.22760665534877467,-0.7953341576379325,0.13399258151968618,-0.725848887838133,-0.13040029151968943,-0.9729299995979273,0.04494936150648547,-1.080122057672023,0.04593664487218185,-0.8090277993077163,-0.019328280561924316,-0.7506785462480028
FIST,0.0,0.0,0.3576448115109526,-0.10826568468071646,0.6871165689278724,-0.3964161094791095,0.7500652405959813,-0.8401264604543772,0.5392729036534698,-1.0975961834998182,0.5094329603427035,-0.8707351874336111,0.6563421171232414,-1.0679517190202126,0.6020201124445661,-0.8173315675696999,0.5230616247703049,-0.6894003135378348,0.303476397342475,-0.9528389560970061,0.4575062362397294,-1.1946268220936755,0.3854146074039686,-0.786822574687997,0.2955277559927558,-0.6891875474631022,0.09313568963828275,-0.9769646342897378,0.2351533876054162,-1.2089739044704915,0.20482391609926892,-0.8128684667051909,0.1139792849047675,-0.7228079117407784,-0.16483885416416064,-0.9653662236408743,0.005439165232345099,-1.1255990247340648,0.021223582178077578,-0.8460480062717803,-0.036626433089006316,-0.7623641170565036
FIST,0.0,0.0,0.38291640484693673,-0.12933106158491262,0.680457825721843,-0.423095649396508,0.7548242098413077,-0.8423554806416365,0.5487233249148235,-1.0955007918968005,0.5141343392766269,-0.8741993035309806,0.677717375280302,-1.020060976670498,0.603761449376985,-0.7577107418094984,0.5154599600712958,-0.6655838339271856,0.31242727468451964,-0.9499416813853384,0.4791729188674839,-1.1671186009069463,0.3918951377018309,-0.755071524728472,0.30566836355994814,-0.7076835874461356,0.10715575584482014,-0.9744024561714003,0.2570258150793231,-1.1829526034462599,0.21936862990141845,-0.7810012394488078,0.127954580369953,-0.7345921621403726,-0.1353614337498251,-0.971410628508806,0.038976793718417814,-1.0789448313787282,0.03906616506397652,-0.8024786362267646,-0.027525236978592087,-0.753811876236161
FIST,0.0,0.0,0.34887847478454026,-0.11401416003570702,0.6703043052624105,-0.41335317844464503,0.7385072001093136,-0.8432144042837975,0.5297648241255594,-1.0904460695558014,0.49759215031950454,-0.873772408327033,0.6546075842142698,-1.056498089887024,0.5907074885910396,-0.7996047985819011,0.5053525356975833,-0.693214499531049,0.2989804382305538,-0.9542592402253519,0.450559496853851,-1.184676248427374,0.3807034838469914,-0.7839126392079971,0.2954557302980952,-0.7118649046473882,0.09486148200253075,-0.9754012969764968,0.23966319604573647,-1.2090212521603605,0.21248734761506582,-0.8059579074579889,0.12499720534500669,-0.7292025250852088,-0.1508988804112327,-0.95774240433887,0.02184162207871497,-1.0939230428257127,0.029764272726067086,-0.8154386956910139,-0.033897882710643305,-0.7479861962560315
FIST,0.0,0.0,0.36545782123142007,-0.125918113809279,0.677940759831537,-0.42187801032062416,0.7428410873498799,-0.8491196279247395,0.5279004862857435,-1.0903308727093257,0.5062034185449497,-0.8738655306398757,0.6687392568242955,-1.0448096054412035,0.5983470470789843,-0.769587221860179,0.5124914789204594,-0.6733234280231162,0.3071203827505886,-0.951670673341956,0.46824616720611534,-1.1750707885536509,0.38863158753337546,-0.7658751746938374,0.2986307814157834,-0.7128777266720991,0.10355791475602136,-0.9727750558458023,0.25227063160431756,-1.1931093513806765,0.2181300855509039,-0.7868592084486964,0.12445880434827364,-0.730891216843086,-0.13931338249695344,-0.9611863124655056,0.037226019457387176,-1.0868079218972395,0.03837742052632652,-0.80573455095114,-0.031199442620503448,-0.7493466327966442
FIST,0.0,0.0,0.34984601696251577,-0.12470197905439007,0.6625714975989195,-0.4166787093293107,0.7181272969188043,-0.8461692325065767,0.5127582336954871,-1.0974818298537539,0.4965690104035079,-0.8718985714481071,0.65053970952194,-1.0555845071496557,0.5819660242786664,-0.7859397639133288,0.4981473830662496,-0.6795566357754799,0.29787159142252834,-0.9546059475110189,0.45098265706814517,-1.191383572853115,0.3767388281411118,-0.7894639044574842,0.29222690274729973,-0.7188270664526916,0.09249198950141164,-0.9761668261383133,0.2348214808966952,-1.202005607432145,0.20202326987269195,-0.7951058368579037,0.11604922175955736,-0.7227075771162826,-0.1557030989028588,-0.9604622208112993,0.014430882097584339,-1.0920367279014667,0.02174230636325818,-0.8098048882810324,-0.03783595177288638,-0.7442746168284443
FIST,0.0,0.0,0.34142348426691277,-0.1106497920223213,0.6696294025717416,-0.4106529804547506,0.7280782265679764,-0.8526674385741692,0.5131214317413985,-1.0995945649581946,0.513974517017659,-0.8567242746010529,0.6690949513801837,-1.0594419071988321,0.5864483323163889,-0.7718693899347702,0.5025838412226612,-0.6806365677544813,0.3119159970909681,-0.9501096835411936,0.46073026873073164,-1.1896990282921398,0.3783352720472278,-0.7762031419754728,0.29033707855979113,-0.7136628263895336,0.10032407674547394,-0.977706351675164,0.24023318269529367,-1.2224028752218976,0.2048697266245104,-0.8062434378992398,0.11889929417302136,-0.737123164219818,-0.15237755332410538,-0.9670199557539831,0.013740191558745615,-1.1088837339935171,0.017743648164223032,-0.8206910299749,-0.04329112137149637,-0.7584864298885133
FIST,0.0,0.0,0.3544083047523542,-0.117100058185993,0.6688393134165835,-0.4086334330689032,0.73093661597026,-0.8421122188484379,0.5327905473351014,-1.1044686952592941,0.49825155617255346,-0.874224724016074,0.6537053191178017,-1.0488363888282437,0.5916749586349835,-0.8090224907052325,0.5049011352111492,-0.7050128888461078,0.2979216665493444,-0.9545903208185496,0.4577053345189842,-1.189941250143968,0.38484200779003297,-0.800730533898764,0.29796022386956916,-0.7302900835432569,0.09255356572552934,-0.9767891646984331,0.24042187322978972,-1.2035446008666775,0.20702844466217543,-0.8050154827285105,0.11679266610326479,-0.7324673415831839,-0.15766916812114246,-0.9616490996726372,0.015375428752870233,-1.094808855990213,0.02342603314210179,-0.8168448685734739,-0.03903715376945245,-0.7495152556284428
FIST,0.0,0.0,0.35160719665736734,-0.1173926402061799,0.6703262318828187,-0.41630754584550494,0.7301278874045108,-0.8489298099357916,0.5214350296285946,-1.0961251034585506,0.5061867689267645,-0.8686670825893136,0.6636249224045645,-1.0523043695254266,0.5957339033756361,-0.7787671192187425,0.5093918349683715,-0.673586361359186,0.30665770297888917,-0.9518198638417416,0.46220661943657926,-1.1897553908643517,0.3894459431462416,-0.7840258805745295,0.29663290447378254,-0.704560804096158,0.09772523386057393,-0.9740150641148485,0.2428688691723759,-1.2069670656210056,0.21304709851431727,-0.7995741027939317,0.12077444604650821,-0.7214868322015882,-0.15411043505861735,-0.9577927418255879,0.016464617669099835,-1.1020800878594617,0.02459952847835349,-0.8184271071125719,-0.04019321666530523,-0.7490292857315446
FIST,0.0,0.0,0.3426535956775087,-0.11742701277840842,0.6702733856565036,-0.41002189505747644,0.7288511544023447,-0.849035184187274,0.5181505510003487,-1.0973377409221412,0.5013689795275269,-0.8674465921759316,0.6551062222370314,-1.0714791453974293,0.5884930147897025,-0.8111868678523614,0.5006719084617913,-0.6955948573143401,0.3007942073613276,-0.9536890713528549,0.4500859191512537,-1.202620912398066,0.3834850216473978,-0.8041219450942911,0.29403785385298253,-0.7050672767505857,0.09040890264482213,-0.9734526035325957,0.23358864543407398,-1.2259804252651632,0.20815433262773422,-0.820131108647322,0.12099615778899334,-0.7185386223572063,-0.1657083344719159,-0.9497311783273901,0.0022810325255617956,-1.1108110561197175,0.016487692088974406,-0.8285097485728394,-0.04191699885163512,-0.7452439778602865
FIST,0.0,0.0,0.34466291816409406,-0.12112941767968599,0.6644499494044107,-0.4169895774433344,0.7197358418576966,-0.8543774084163226,0.5093996284536457,-1.100636580154666,0.5111142224063241,-0.857676319996471,0.6687940249537995,-1.0558277591701148,0.5918166321254043,-0.7785575716009556,0.5030096895553625,-0.6746361141671072,0.3097078440141891,-0.9508317681672624,0.46100230179071855,-1.1965256981671393,0.3825702113561562,-0.7927061711920907,0.28841882200902424,-0.7115902900126518,0.09706308162313486,-0.9767948225102214,0.23972911195627195,-1.2231463690232403,0.20752592008142168,-0.8130492951936966,0.1179881831127934,-0.7284750205851137,-0.15939193536050875,-0.9618117325034574,0.007503522549654318,-1.1134750330747831,0.019136181119701372,-0.8282893281793979,-0.03979449507184268,-0.7553670731060693
FIST,0.0,0.0,0.3458367705678598,-0.12632563995073673,0.6677640137275239,-0.41198485648482885,0.7241004683624753,-0.8510896474642259,0.518587537939388,-1.100146261785904,0.50598210972452,-0.8635879520698879,0.6581994765024883,-1.065212245960952,0.59043908948425,-0.812839421419618,0.5037813715403244,-0.7013747476187251,0.30519483250877694,-0.9522899318012029,0.4536570958823763,-1.2049455032494243,0.38556658988353415,-0.8163650921324672,0.2981832704202413,-0.7211775949082088,0.09292717256406377,-0.9738272242147793,0.23312606267467767,-1.2299950965571353,0.20728385369453672,-0.8352904831715058,0.12141478999527375,-0.7363472223049173,-0.16680895583963942,-0.9524414564133001,-0.004323815878204188,-1.1203657192289096,0.013440959354776403,-0.8451570792637939,-0.04074848396007273,-0.76368833651649
FIST,0.0,0.0,0.3571484063716127,-0.13117796340924456,0.6642120902641921,-0.4244496097483149,0.7285753120592309,-0.8506829126257834,0.5272579632432973,-1.1059897024320335,0.49324161980479625,-0.8859683221414799,0.6451813088707868,-1.0545359515189867,0.5885230031975373,-0.8072618045841594,0.5015207496602951,-0.7045265505976646,0.29443961042345773,-0.9556700873280918,0.45274660856951365,-1.1916489763578857,0.38528064638971693,-0.7884324131506631,0.2979042666375429,-0.7177287451238896,0.09009082987469844,-0.9718382659203006,0.23612720451360716,-1.2037877277005007,0.21128607042885814,-0.7991573646453802,0.11907812249542357,-0.723016656116488,-0.16012146144693368,-0.9538805332138478,0.010160343264349779,-1.0926015844343322,0.023576300941230043,-0.8146427384745671,-0.03914470539252975,-0.7441347622277537
FIST,0.0,0.0,0.35285820677001845,-0.1255319638501486,0.6697831896214853,-0.4255515701424411,0.7329497698009733,-0.8608779981384128,0.5188126668908005,-1.1099955815363842,0.5220646587342282,-0.8551739087311953,0.6771082288123076,-1.034304323791131,0.5940960013424493,-0.7679196696766074,0.5022396843322409,-0.6782764911739194,0.31826432557284656,-0.9480020142740527,0.46461860860547516,-1.186686300184563,0.3839751360312801,-0.7789576898439331,0.30073290233082994,-0.7146412412901347,0.1066817079964866,-0.9752622290120221,0.24284230371251828,-1.2164640495030936,0.21064875646885448,-0.8057813322461295,0.12692795354127062,-0.7325954006827862,-0.14472486875929236,-0.9624375503967305,0.019117212837505285,-1.0978096463385323,0.023409523024678438,-0.8143167934685729,-0.03526762202407887,-0.7501810292148149
FIST,0.0,0.0,0.3496413798752958,-0.13681597400739293,0.6550030326424994,-0.42734386964460214,0.7121376684664432,-0.860717821854447,0.5139437331307527,-1.1159753499609404,0.48679476792778914,-0.8868678149229239,0.6264966434537794,-1.0800157515342614,0.5726087884388761,-0.8096134304250242,0.49988303446284205,-0.6967135581294818,0.28974464193059724,-0.957103987282735,0.43482863559181495,-1.204674139185677,0.36860016530726103,-0.7951164400230174,0.2848242227261475,-0.7112694543887628,0.08569297221097419,-0.9717369142784514,0.22129813955868308,-1.2171665503183033,0.19726163686383277,-0.8117696437281023,0.11255857434776466,-0.7203629651908164,-0.16500647244501648,-0.9519322472092009,-0.004012880612160526,-1.116623638049512,0.01297886994297239,-0.8367314862358467,-0.04068274774097153,-0.7509898034121266
FIST,0.0,0.0,0.35163349877961997,-0.1272804033557763,0.6711410072135126,-0.43429844404406287,0.7298495875663987,-0.8743019273974527,0.5060432890244432,-1.1176513571342026,0.5017503865414675,-0.873662882012051,0.6606308821371004,-1.0658486793531956,0.5854769243189104,-0.7903045218902242,0.4991906130227329,-0.7002334096029897,0.29725602648461596,-0.9547978082916704,0.4527896157554278,-1.1963822710850907,0.37713310768269864,-0.7835698913186736,0.29046669989770785,-0.7258673911049917,0.08920234363733083,-0.9752302803690103,0.23061178902593943,-1.2183973356306725,0.203549670072198,-0.8060657909843392,0.11892497474107748,-0.7389781076220472,-0.15705805701825581,-0.9597253478244815,0.010209623535320764,-1.1013041059531672,0.019901839092527594,-0.8174334189642081,-0.03950538081174684,-0.7524836150798031
FIST,0.0,0.0,0.3438513495188611,-0.12455577033217037,0.6627044821852663,-0.4133997481439283,0.7219373606096665,-0.8488207825192915,0.5126501071149021,-1.0963723333196471,0.5006231094253639,-0.8700040590079178,0.6534157835662456,-1.0595722811552957,0.5805951061923665,-0.7894181600610071,0.4954126491577227,-0.686616239853349,0.300804197614161,-0.9536859203625169,0.44770013278826565,-1.19608169898263,0.3756051679569583,-0.7944105170958181,0.2893794180027721,-0.7175086803451199,0.09294483872183133,-0.9728884170446516,0.22953572070309458,-1.214707617698808,0.20123017279655053,-0.8103544476207885,0.11480936325466955,-0.729279439191921,-0.1599882146135784,-0.9508028682535435,0.0029778231565720696,-1.0987284648951388,0.014015648036797723,-0.8183359873555482,-0.044516184282077126,-0.7479785458232826
FIST,0.0,0.0,0.34727870189579046,-0.1346744078731455,0.6598264882382632,-0.4232090151734345,0.7169218747415947,-0.8569773431486161,0.5157537314950449,-1.111405334462027,0.49784537283698427,-0.8733503849175448,0.6444840105175152,-1.0632028960380853,0.5796337996384276,-0.8102890012600951,0.4969056837386666,-0.7028961928629817,0.2997786409809516,-0.9540087873869998,0.44692348938932996,-1.198148956836223,0.37436802228895705,-0.7982462075477476,0.2892102568829615,-0.7192455844667053,0.09380838028575035,-0.9739248182885615,0.2306864651962193,-1.218846091139282,0.20241107281927714,-0.8146309124118458,0.11655465561513577,-0.7266795117378644,-0.16045527477697216,-0.9543133237608729,0.001075839535679485,-1.1040446255105438,0.016807978026295124,-0.8245685174460798,-0.03711204982339541,-0.7478460856215001
FIST,0.0,0.0,0.3483012029953519,-0.13760340397437731,0.6538500013906008,-0.4284988059970524,0.7167142644232348,-0.8557171083123267,0.5165119415663345,-1.110235637253979,0.4770393328679691,-0.8887506774215792,0.6266464084710894,-1.0653401180870234,0.5784914547683608,-0.842451516788202,0.4956541461076692,-0.7324161095448466,0.28203109750977046,-0.9594052637115529,0.4356723091441766,-1.1998755813245812,0.3739099838457734,-0.8166271640155831,0.2913014981549705,-0.7377120038733715,0.0816111019548193,-0.9744519899631585,0.22574711084286142,-1.2092658877915732,0.20127291055147123,-0.8169060824096706,0.11251189877834396,-0.7317406293088757,-0.1662293837448492,-0.9507183939591974,0.0011189055392013638,-1.090828993115653,0.018504603306462763,-0.8183533553745879,-0.037829317186502495,-0.7425683512540878
FIST,0.0,0.0,0.34417656884946857,-0.12929052274579392,0.664289670275881,-0.43477049133943,0.7234839113853258,-0.8697605823560314,0.5041491121751266,-1.1073984810215423,0.5037116916105107,-0.8676544953195959,0.6533484963749887,-1.0572919149177487,0.5763642557923122,-0.7921655700644623,0.487060440978693,-0.7031484638131589,0.3014650784722741,-0.9534772186380258,0.4441831997405997,-1.1888594502218999,0.37023697030300246,-0.778216624443845,0.2874228272450825,-0.7203797616040439,0.09275515200792517,-0.9743634441928477,0.22458788868951465,-1.2180645902041163,0.1989582777661608,-0.805403323210706,0.11533785783756617,-0.7361996706008558,-0.15737389324307832,-0.9551017387829913,0.0031821739670220076,-1.0961368015535267,0.011180421119136016,-0.8093661433055223,-0.047471127415502405,-0.7452711747908094
FIST,0.0,0.0,0.34777780689422977,-0.13577386679559827,0.6599425054705168,-0.4264721649584712,0.7185901285312791,-0.8591170583349198,0.5181623430763472,-1.1123599611214228,0.48669852919860096,-0.8824794522715695,0.6313708296824522,-1.0752912195936732,0.5770092604463986,-0.8440903655085307,0.4933038521550351,-0.7315245580901328,0.28807011467724947,-0.957609319623528,0.43520522851231414,-1.2068521125943021,0.3736412708419564,-0.8196407630757597,0.2883058672564084,-0.7284761235610088,0.08121946110523255,-0.9734887762868747,0.2185932410351228,-1.226414835454508,0.19778276249936855,-0.8309559059353906,0.11179176401615945,-0.7339321118215434,-0.17397992650429014,-0.9480935476974776,-0.012841485494185309,-1.111746056173613,0.006567720256568281,-0.8394165134052056,-0.047754938359624244,-0.7566500281804924
FIST,0.0,0.0,0.3418142006247596,-0.1216340857063632,0.6660958630221532,-0.4259024311170107,0.7245736891114679,-0.8647128528678356,0.5055361990921738,-1.1018530996390672,0.5088077640646127,-0.8607183250310757,0.6598520633642966,-1.0493763028936094,0.5821759349138065,-0.7824989615388451,0.4942029742401592,-0.7024246254070675,0.3070280345240955,-0.9517004707450085,0.45057303241521773,-1.1856599078013712,0.377219771358339,-0.7827371940899664,0.2910233448516246,-0.7222037614166911,0.09458521047094214,-0.9738366504440932,0.22798911864341573,-1.2208624136461377,0.20328002739222142,-0.8114570194739152,0.11853406437702768,-0.7381108891872742,-0.16010556351620941,-0.953980696591455,0.0010453871231345276,-1.1000106058474362,0.013421892279804426,-0.8181408200680265,-0.04404344546724483,-0.7537120420894784
FIST,0.0,0.0,0.3425975839078397,-0.1421329209766674,0.6438428912953891,-0.433688578169659,0.6931085546919219,-0.86127236612551,0.4906078467465796,-1.1065416466301006,0.48290311347031856,-0.8890557875447175,0.6159924140245845,-1.0730564072168967,0.5567949985464925,-0.8126296372553339,0.4798835295402055,-0.7092285584272816,0.2853403283544606,-0.9584262606035837,0.419777276320515,-1.191194960583485,0.3557161613546115,-0.7901673604683247,0.27633366032533824,-0.7188492414395554,0.08058839141512013,-0.9688417386264739,0.2059383954632044,-1.2012863087773964,0.18676758939651306,-0.8050279565586057,0.10550179053046083,-0.7281344859162866,-0.16993497787007172,-0.9423207511259327,-0.015896776238891006,-1.0948345868955696,0.002645839142054676,-0.8234863141117725,-0.048400308428060236,-0.752840027819432
FIST,0.0,0.0,0.3521243949810562,-0.14032902512918793,0.6560059467285104,-0.4399347743650368,0.7121586805472253,-0.865601724323108,0.4973082058729812,-1.1059257017332276,0.48747541237310915,-0.8844620477187353,0.6381773273185234,-1.067748173465472,0.5684365703230274,-0.7986749091429521,0.48644226813062535,-0.7055152558132611,0.28920869511035757,-0.9572660709920541,0.43880385268572564,-1.1857076093853047,0.36576778803204724,-0.7817032425549136,0.28548323074154985,-0.7352876051702398,0.08605614654846214,-0.9710736533232168,0.22015862128564234,-1.2032374555145116,0.19520441115615775,-0.7961419774406545,0.1126541698221217,-0.7361821646986606,-0.15659656614923864,-0.9516948374638895,0.002540453043592038,-1.0760306104874655,0.014840486530839248,-0.7988186147702369,-0.040561153343932295,-0.7425797855979818
FIST,0.0,0.0,0.3597457811172172,-0.15064866271095653,0.6606635580196731,-0.44285327668289026,0.7235011786060481,-0.867229815282592,0.5161339658933355,-1.1129720770906983,0.47309448648041386,-0.898347954755436,0.6186094852813643,-1.082693686700852,0.5750899649020574,-0.8537996369017994,0.49466535958282365,-0.7420359055089326,0.2776276441763171,-0.9606887587502564,0.4282634025602203,-1.2016219004737487,0.37009956792848697,-0.8057419873059993,0.29162141904116556,-0.7364231684570703,0.07893794619064169,-0.9718429364470113,0.21766559156969698,-1.2167172209566903,0.19966857184471742,-0.8174229841547079,0.1135812252062895,-0.7368344938818964,-0.16537637117696533,-0.947771527369835,-0.002817256551882463,-1.089007612623977,0.013105634555400439,-0.817099730762021,-0.044582353016239924,-0.7453219923930728
FIST,0.0,0.0,0.3514204358913262,-0.14248530704925197,0.6540544422126419,-0.440268792745901,0.7149230441495004,-0.8669361652996975,0.5048390317790475,-1.108190473373255,0.4799506473107271,-0.8902793860701678,0.6246323045035531,-1.0750030722924397,0.5653144827075217,-0.807040170816642,0.4870832089518156,-0.7117323428943126,0.28156552519139727,-0.9595420027407308,0.4269035038635261,-1.1871955325013812,0.36127777472521716,-0.7785879125747676,0.2797700286065759,-0.7279811938359375,0.0783722464744267,-0.9713349282942674,0.2117723953642144,-1.2112754701206239,0.1903913993000803,-0.8006939111923222,0.10472459692213085,-0.7317483828452561,-0.1673703216517862,-0.9481922947729727,-0.005807482273033962,-1.0863781344884935,0.00642914227567923,-0.803850031205752,-0.05293762280915111,-0.7370965203176778
FIST,0.0,0.0,0.35526973288124175,-0.138956721946977,0.6568172800518488,-0.4400906998442834,0.7151112338542925,-0.8674020931818137,0.4987892843328781,-1.1052355507670861,0.4877668890539215,-0.8893096125799284,0.6363295594518853,-1.0605569806051462,0.5698234383232951,-0.7840883954768879,0.49223650186401985,-0.7015772552039018,0.2869363091510514,-0.9579496617728784,0.43246017915337726,-1.1788317272992817,0.36179394379474655,-0.765398448217405,0.2831939142526311,-0.7278793671271084,0.08402128264840007,-0.969433830848693,0.2154300062179779,-1.1968646884032628,0.19303661076122683,-0.7889822719413411,0.10967422967986076,-0.7359266494438687,-0.1573563247417228,-0.949263589710171,0.0010215528171069804,-1.075364388689112,0.012252328908990683,-0.7967945971101666,-0.04598751451767198,-0.7412099929198438
FIST,0.0,0.0,0.3503184588177603,-0.1411566292820374,0.6631893707537594,-0.42888837375724187,0.7197086519509588,-0.865817029014362,0.5133613110399708,-1.110835123422308,0.4809922943673017,-0.8864120216906158,0.6266360463414031,-1.0853146334288906,0.5678496352699406,-0.8205092154259364,0.49068497350854495,-0.7065123079111867,0.2838594352868256,-0.9588659035541125,0.4295985991648697,-1.2032035989332612,0.36653441894866545,-0.8025893319747057,0.2823937979139957,-0.7220402295593161,0.07936035461388231,-0.9725392258428109,0.21537676915949167,-1.2244744394742402,0.19327127763598176,-0.821643430529364,0.1062908927618188,-0.7332842054828914,-0.17332417567372368,-0.9457861830936911,-0.00983961672414647,-1.0990718271697772,0.005154112041005724,-0.8231222337696885,-0.05298148256812886,-0.7471616799885439
FIST,0.0,0.0,0.35670861758698225,-0.14443730924086381,0.6629022453167607,-0.43749071644063015,0.7227936349368081,-0.8678140986713735,0.5137067123742385,-1.112999028296084,0.47950808122128363,-0.8945822807056085,0.6227051764265964,-1.0767232933391628,0.5714741000197225,-0.8301739503857336,0.4904575103130887,-0.7248859402167611,0.28137123462183766,-0.9595989935006095,0.42878819487391906,-1.1939962118631604,0.3682111216561748,-0.7924260980255499,0.28680446854443614,-0.7297475016115629,0.08004579757527212,-0.9710848406333485,0.21476742304669608,-1.2106526631631536,0.1962673884887445,-0.809063951775134,0.10873583429701371,-0.7361977789648017,-0.16598063077599848,-0.9458494201884933,-0.002943183640632531,-1.0817758434907758,0.012702126929502577,-0.8086761524196442,-0.046491288537795133,-0.7422993926773248
FIST,0.0,0.0,0.3461759673625032,-0.138452110333878,0.6564469509382796,-0.4359210705069197,0.7151147111899455,-0.869141658702457,0.5096294161156021,-1.115896897908196,0.4831656258981926,-0.8848731064181011,0.6273414477244071,-1.0738447083625562,0.5690238815498301,-0.8126695135980163,0.48921208426010065,-0.708291335401135,0.28415367398973285,-0.9587787490125846,0.4275582292847101,-1.1949915158109135,0.3651484459234596,-0.7956674216284813,0.28195030904273793,-0.7294844545044059,0.07919827147463594,-0.9739573776779972,0.21257959094676637,-1.215183619110611,0.19208411527692143,-0.814042196882207,0.10520417768899147,-0.7398088023391342,-0.1696881626677435,-0.948428245603634,-0.006524604862276288,-1.0888888457111339,0.007865400949498327,-0.8137221947333872,-0.05239655769643942,-0.7471504459875369
OPEN_HAND,0.0,0.0,0.26636526201739646,-0.11840663207597328,0.5055188631465686,-0.3618946882538339,0.6884617275139898,-0.5960270051989572,0.8536873681135851,-0.7553145767563825,0.3417313805935902,-0.9161564526960063,0.47589173238999305,-1.2442097911398613,0.5505866793851201,-1.456957043800153,0.6113012999547077,-1.6426656866013913,0.18302179479970015,-0.983108855940326,0.2649283892924006,-1.3708864162209828,0.31047691581725223,-1.6253528717545391,0.344838470341526,-1.8422855990028892,0.018832181850440263,-0.9607877269730563,0.040347939974656105,-1.314634782862196,0.05961456053303609,-1.5432583281866046,0.08024321304383655,-1.7433769453770982,-0.1618909320773007,-0.8732761370091867,-0.21458748267948013,-1.1359310260486601,-0.2421846232066214,-1.3170142637251558,-0.25597209296528234,-1.5015402937875408
OPEN_HAND,0.0,0.0,0.2697415084824854,-0.11827786398784804,0.5093040043663816,-0.3576971580897328,0.6902462638913606,-0.5914745367373879,0.8571763464250336,-0.7519297859109684,0.34313934709541044,-0.91649950399016,0.4771249206492814,-1.243559579846632,0.5506699519135526,-1.458896559840553,0.6106555350989915,-1.6464854948640384,0.1822723341092923,-0.9832480847773621,0.2634218495124084,-1.3714935869469127,0.3090415942563772,-1.6243834735956766,0.34442875002606227,-1.8404687415898624,0.017724800568461433,-0.9597176844226917,0.03762532919541744,-1.3172326710651443,0.05524671929670506,-1.5455734292722896,0.07479387991977145,-1.744854085525947,-0.16268268246566187,-0.8707798701343128,-0.2162045245601886,-1.1358680836617416,-0.24439590816231055,-1.3195915095989978,-0.2588736083236634,-1.5056772954254027
OPEN_HAND,0.0,0.0,0.27250450386880526,-0.11812035631390448,0.5105541161199454,-0.354837584852645,0.6917447569307202,-0.5894136717055882,0.8603096104949315,-0.7538853878579074,0.34393148299250437,-0.9166666856044923,0.47819661293525717,-1.2428695036611381,0.553069558207732,-1.4591117409493741,0.6146914510405795,-1.6494049427399016,0.18288382691890823,-0.9831345309017961,0.26436486777481066,-1.3698356723918117,0.309871548395924,-1.6246759340146446,0.3459164555982484,-1.844071232095629,0.016633008109512418,-0.9588578943005848,0.03589091695181949,-1.3147486193597424,0.053558397998471646,-1.5435842558877435,0.07368889863121174,-1.743662757841333,-0.16496224723710162,-0.8713273626475988,-0.2168363511074882,-1.138337152832134,-0.24519581984570127,-1.3240412684957588,-0.2596653679883681,-1.512431822105095
OPEN_HAND,0.0,0.0,0.2708438108318868,-0.11525385463776697,0.5112691797357106,-0.3563152735292359,0.6980317497372814,-0.5871054890388984,0.8616416070355422,-0.7540572800178599,0.3514745656068338,-0.9164391862784997,0.4883329846948,-1.2473871377603283,0.5614841344738115,-1.4611149630346825,0.6175940291472501,-1.6454269147434453,0.19064268627750347,-0.9816594960417271,0.27415509857447135,-1.3697200866855468,0.31939085158171027,-1.6219269988255391,0.3521505375062012,-1.8351904383326538,0.025224777339081392,-0.95812869935093,0.04581092207950766,-1.312092454862339,0.06344736592190417,-1.541725874271156,0.08251594963864214,-1.7429692958282554,-0.15619148546986397,-0.8682765700550839,-0.21160439053158728,-1.1295524489471063,-0.24021067121092937,-1.311098047008293,-0.25439504386322676,-1.4954958308272586
OPEN_HAND,0.0,0.0,0.2634010966936902,-0.11625079171194375,0.5007040332497683,-0.3536644199304165,0.6860728262980469,-0.5835166504294499,0.8553490153299511,-0.750415131122989,0.34603481884771703,-0.9163944151606976,0.4804542384575464,-1.2442655737933714,0.5556805026169213,-1.4571228352985368,0.6171189338254947,-1.6424766668549604,0.18626806052941175,-0.9824989616414926,0.2678535431603603,-1.3632495261618873,0.3108771831753742,-1.6117918159272777,0.34445953739672175,-1.8251529758026472,0.020789635808874156,-0.9588395831195436,0.04166290401948365,-1.3089276220633828,0.06076796935482928,-1.53447281309471,0.08328729388610666,-1.7344052158237935,-0.16064054450862328,-0.8703363975788783,-0.21201678801155527,-1.133398464529405,-0.23906798349165384,-1.3160965143949435,-0.25112940054639543,-1.5017500433350839
OPEN_HAND,0.0,0.0,0.27069021097492024,-0.11994018313405051,0.5068284154208744,-0.356281300730889,0.6930025872556089,-0.5855835368008311,0.8618079357340337,-0.7556358402378565,0.3520735941229976,-0.9172543374018429,0.49039433666666254,-1.2472162343370117,0.5670430403260368,-1.4672262035577452,0.6270624158541717,-1.6551064493572063,0.1900034059183153,-0.9817834311799318,0.2735510388035402,-1.3705658536036127,0.31558424451515055,-1.6271293123241635,0.3464087682965108,-1.8432853465286547,0.022516521303785265,-0.9574095648059088,0.04418625454850571,-1.3141294692098304,0.06218415583424173,-1.5457349640842604,0.0813493088304681,-1.7488452508129306,-0.16015141503937724,-0.87151952891742,-0.2113189549066405,-1.1368949127226808,-0.23969071734119962,-1.3231402987021765,-0.25248084848284436,-1.5131223050057994
OPEN_HAND,0.0,0.0,0.2669851309010992,-0.11634230157196718,0.5023963275648227,-0.3536001680034922,0.686796167918675,-0.5828277941090328,0.8552356891540298,-0.7539273295270915,0.3489492093207792,-0.915452896685659,0.48543825447914446,-1.2424224999664322,0.5633137297416504,-1.4588938059131724,0.6256622951379675,-1.6453442664470224,0.18826027179342336,-0.9821191730458512,0.2706955540627382,-1.366354728954978,0.3135884436491517,-1.6205485533672443,0.3455537801405698,-1.8349619844434786,0.02180321175062831,-0.9586993939287888,0.04354142381452403,-1.3118783218382444,0.06305332347586773,-1.5406411797066981,0.08411363151620761,-1.7425708095627461,-0.15898671800846773,-0.8723589819654802,-0.20711568046932474,-1.1370976160428548,-0.23386243725131559,-1.320590971116568,-0.24512475920993287,-1.5078474043636747
OPEN_HAND,0.0,0.0,0.26692627250804885,-0.11831574898398561,0.5017522632205795,-0.34958768680788777,0.6831206522989075,-0.5794591908508836,0.8512690122556001,-0.7532940824080394,0.3489511259983849,-0.9151171184685335,0.48497677185058985,-1.2427485075542561,0.5611914224245206,-1.4604123725453426,0.622010109906768,-1.6498347826702517,0.18874873617595916,-0.9820254144328334,0.2723107313406077,-1.36833843186986,0.3147866019910914,-1.6228828919532148,0.3457088939490977,-1.8388409618894637,0.022489094421853296,-0.9577498978351603,0.04417867081590385,-1.3112877850612805,0.06249788087225991,-1.5418282651874735,0.08248876773342395,-1.7459708504155271,-0.1594422751436245,-0.8703209719227475,-0.20991420692196422,-1.1357089282900457,-0.23752432735428874,-1.320712878227813,-0.2502307623025004,-1.5104777627661004
OPEN_HAND,0.0,0.0,0.2690886273223304,-0.11663231758471415,0.5044421486513124,-0.34801057325372964,0.6851976180723959,-0.5783742975926789,0.8533208090695311,-0.7527599159368855,0.35018049733636963,-0.9151235965889596,0.4856368843008419,-1.2424541616036775,0.5624401498544098,-1.46031794791229,0.6242488727112072,-1.6497500578466742,0.1895875452545895,-0.9818638208449982,0.27201492494234775,-1.3677085851167583,0.31487628794612016,-1.621899456877433,0.3468959639084234,-1.837776609373243,0.023105151828514334,-0.9575927572006524,0.04448970224292939,-1.310647897092215,0.0633624296359692,-1.5406967547220298,0.08437916543066201,-1.7444841538888392,-0.15883215491757854,-0.8706253733171343,-0.20860178049301856,-1.1369638238718691,-0.23566574358087278,-1.3223252326226522,-0.24766728956937148,-1.511699869686276
OPEN_HAND,0.0,0.0,0.26283413740381806,-0.11618159867976811,0.4988536195380524,-0.3549243015389002,0.679961816972926,-0.5849508831408065,0.8472076144499662,-0.7541435501701359,0.3454836013661934,-0.9137915071439006,0.48007681078625114,-1.2386015736730187,0.5554773443557439,-1.4514351122226166,0.6166266624992695,-1.6401285852084742,0.1876561663688973,-0.9822347800926867,0.27039253791795603,-1.361786737149531,0.3135180137099681,-1.6119618014617356,0.34540797896814224,-1.8262767246180804,0.022868213170670747,-0.9590901379716013,0.04518449917771887,-1.309532823517688,0.06342898441831543,-1.5368767878053424,0.0837201026055535,-1.73879417502518,-0.1585137373451481,-0.8693620685251848,-0.20739838228843477,-1.1347202488916488,-0.23335518870874117,-1.3185791237990203,-0.24569658955746418,-1.5060299462716709
OPEN_HAND,0.0,0.0,0.2656005422198433,-0.11469539016528581,0.5040030897958909,-0.34973401399923304,0.6843653973637382,-0.5826018345253509,0.849849253741161,-0.7530396987326792,0.3492365480195821,-0.9110277126178069,0.48573994555604233,-1.2412124107524822,0.5611767685917495,-1.457557132565876,0.6223124567761952,-1.648508383987877,0.18947011819210488,-0.9818864874883806,0.27334362160779213,-1.369646639041942,0.3164734937499066,-1.6225848855672158,0.3478999198855558,-1.8371270192500757,0.02350446082106337,-0.9608293433802765,0.04547545445140405,-1.3153861782851906,0.06306752711733495,-1.5458879405464936,0.08280799101370098,-1.7484116857321739,-0.15913032578792347,-0.8721066173970562,-0.20913970829398829,-1.1377785614446192,-0.23428324295318226,-1.3204869793549932,-0.2454184078558735,-1.5061906364672946
OPEN_HAND,0.0,0.0,0.2656209699946088,-0.11311578685012769,0.5023835691871784,-0.34790253522851283,0.6835816572164927,-0.5801213933939157,0.8500760448470395,-0.7541241784107633,0.34856375346290863,-0.9123205089692786,0.48330358865759393,-1.2400031091151995,0.5591747578203314,-1.4547854975102181,0.6214175203427128,-1.6462978624154778,0.18956860978494486,-0.9818674768950255,0.27312643358805133,-1.3662872838855074,0.3165213372717942,-1.6174599694875893,0.3486464864215117,-1.8328874402562831,0.02372217964507452,-0.9578973330775704,0.04467010608751637,-1.3095298925460814,0.06294546458779302,-1.537714550827941,0.0839954870217025,-1.7403205253440162,-0.15866620682269508,-0.8674112987638136,-0.20834916741541476,-1.1354081128909028,-0.23411003971769773,-1.320953729881023,-0.24600128893081794,-1.5104004699106355
OPEN_HAND,0.0,0.0,0.2650419631302388,-0.11109082413529903,0.5030689917938943,-0.3473668945941504,0.6828038256794646,-0.5796216817302843,0.8494291586943953,-0.7532257585081327,0.3497718096028647,-0.9115910473101755,0.4834618942960931,-1.2383238344383902,0.5587538005341594,-1.4519093154848401,0.620467251578237,-1.6428525094141933,0.19019052224037808,-0.9817472002760854,0.27310739129893685,-1.3625880544708853,0.31590873515241646,-1.613229954432628,0.347135934589901,-1.8282550080131783,0.024005595954362486,-0.9582593885139906,0.04453659208845162,-1.3090487117599419,0.06245416439780737,-1.5368088061839376,0.08298111580085762,-1.7388684451096972,-0.15849905802277806,-0.8666907811439667,-0.20829397631965127,-1.1345414289553233,-0.23366088805540539,-1.3201031375470853,-0.24576782320201532,-1.5087414209771783
OPEN_HAND,0.0,0.0,0.2619982682291984,-0.11214033120819451,0.49759833653395275,-0.35130174705735273,0.6780202677782944,-0.584061930610555,0.8443943244511489,-0.754605981559752,0.34365061313927237,-0.913891292961509,0.47701868036747985,-1.2398257595590094,0.5529142561878905,-1.4515511727227577,0.6151816051835617,-1.6391650986838102,0.18419205266775712,-0.9828902724790993,0.2650413852228507,-1.3625137507993734,0.30696579344769853,-1.6098178729271686,0.33826892536898456,-1.8218223512591738,0.019331212869851486,-0.9589920507979646,0.039735344978781464,-1.310497730093659,0.058187362569375026,-1.5356620210988352,0.07948468988239188,-1.735526347949378,-0.1608757611953456,-0.8666248634200554,-0.2095090500642655,-1.134366309145229,-0.23425881717312105,-1.318696552737652,-0.24572160562494286,-1.5052991007958532
OPEN_HAND,0.0,0.0,0.2683434806733546,-0.112959048630182,0.5057984069033744,-0.34836931162322565,0.6855784582073949,-0.582239594109981,0.8518534061579986,-0.7570325445683935,0.35029487396002784,-0.9126926101233972,0.4863120915454593,-1.24063817083059,0.5625827825865953,-1.4562488185608276,0.6242551061492696,-1.6473228034026222,0.1900639153356889,-0.9817717189282181,0.2718639390053923,-1.365043578682611,0.3132115472774001,-1.6167870927098518,0.34328153238121445,-1.8326108313117306,0.023935174007367648,-0.9578133114447575,0.04489100672816765,-1.3102561085355082,0.061963094036202405,-1.5398352383923517,0.08124781791973441,-1.745253313224256,-0.1581490983574563,-0.8665680583577139,-0.20717097019865155,-1.1318091659279172,-0.2314423842350324,-1.3158272144847276,-0.24209540238684576,-1.5040119170950121
OPEN_HAND,0.0,0.0,0.2625632989411893,-0.1107349408410538,0.49760153780381156,-0.34814863976348376,0.6771315987394173,-0.5804317649791365,0.8434450712607324,-0.7538643839606356,0.3469724020133388,-0.9123430385086596,0.48127771695765453,-1.238189655166434,0.5571069289748856,-1.4501828979537565,0.6183432791561417,-1.6382224961910359,0.1869703495281385,-0.9823655574160395,0.26846823062522307,-1.3628128702549962,0.30993004253748957,-1.6130164848295008,0.33925985722976665,-1.8267384698420774,0.021475687355533176,-0.9583056238623378,0.0415094727882209,-1.308146953927771,0.05979287317438282,-1.5339270822203637,0.080027569325292,-1.7352029865905048,-0.15920768510714522,-0.8659704646161718,-0.20681524155037298,-1.1310200045271288,-0.2310107490033623,-1.3142090439959186,-0.24224973191599575,-1.5005768363787293
OPEN_HAND,0.0,0.0,0.2667241341592863,-0.11269462657801436,0.5044352618840765,-0.34931859536685234,0.6811652439116058,-0.5842968123263703,0.8461973724210907,-0.7553049851577271,0.3470338090614238,-0.9142126876313519,0.4812155098568583,-1.240498935907393,0.5566204096777198,-1.4513813645471867,0.6188050829622179,-1.639344543339587,0.18670362834543272,-0.9824162840479846,0.26712067552721985,-1.3620443564708047,0.3090140910058476,-1.6106790655730103,0.34038817765068113,-1.8233076081620576,0.021607181620553816,-0.9579465037074132,0.042976894080729036,-1.307347818958914,0.06229701109394658,-1.5308766925623187,0.08408394489321747,-1.7293524237007876,-0.15862384942312552,-0.8665538831303172,-0.2066023172072086,-1.1332290045895894,-0.23086541467215413,-1.3164287798549859,-0.24209615788112435,-1.5018549818461753
OPEN_HAND,0.0,0.0,0.26745354226651596,-0.1136290097516852,0.5055567868749741,-0.3486149025184445,0.6820694229683099,-0.5822114514976998,0.8472573134792919,-0.7551463164054515,0.3469998020839578,-0.9139591157619301,0.48195716080565426,-1.2404271330118044,0.557777176210558,-1.4524452605140872,0.6197052771436975,-1.6406114629276087,0.1865555550039949,-0.9824444131334614,0.2673416307181804,-1.362791337146766,0.3093971702886098,-1.6122744042252404,0.34021175145685284,-1.8255178167007131,0.021320204621729226,-0.958137459204714,0.04230238949353813,-1.3085886485948006,0.06103954667632868,-1.5347819263932736,0.08209157372908836,-1.7359324464808015,-0.15953354488321975,-0.8663797159135517,-0.20738516517849187,-1.1326080317993112,-0.2310705119782907,-1.3162265238800515,-0.2420052077296132,-1.5020389510476382
OPEN_HAND,0.0,0.0,0.2671240198623758,-0.11034837763772128,0.5047672915920182,-0.34526801823889874,0.6820655366256122,-0.5784483567343361,0.8473662593124648,-0.7518672702390659,0.34898930075403783,-0.9131399439069764,0.48434428372414506,-1.2405826391816417,0.5607860126453774,-1.4527419306521845,0.6232835107960798,-1.6408606348987391,0.18784902908202922,-0.9821979140035572,0.2687720021517935,-1.3628182041695194,0.31021805246471235,-1.6124086432315043,0.34063482871475065,-1.8252568241647673,0.02211353955756957,-0.958153688072235,0.04257035219035382,-1.3083644794028273,0.060681372369148605,-1.5342269079385962,0.08163680528437206,-1.7352643143757207,-0.15898832841680643,-0.8659254860704719,-0.2062665223204871,-1.1318774313494446,-0.23026790540739064,-1.314887977387084,-0.24163640089594188,-1.5003273018814638
OPEN_HAND,0.0,0.0,0.2640426885573155,-0.11120532518105467,0.4995523317406491,-0.3461868983190946,0.6773548736179353,-0.5786404765594517,0.8429284742512831,-0.7539489642112928,0.34703289883381216,-0.9131892354051403,0.48100141362688986,-1.2395003590252087,0.5571728258140907,-1.452400013768791,0.6194268068319424,-1.639636189939263,0.18624926334756906,-0.9825025251379702,0.2668807139403668,-1.3628096301469275,0.3084311189670019,-1.6121305521212677,0.3394523082079877,-1.824614492148342,0.020959184364204485,-0.9584825943587566,0.04155374057545848,-1.3076250230089244,0.05977227417489277,-1.5321669135139413,0.08090010856907691,-1.7323100251154944,-0.15885919937038212,-0.8671549164655413,-0.20539390915188127,-1.132462597284505,-0.23003659274825097,-1.3154051613801445,-0.24141736829665678,-1.501758411925241
OPEN_HAND,0.0,0.0,0.2641990646516535,-0.11562874545483816,0.5009430184430881,-0.35047100757770483,0.67837995801056,-0.5826995104133125,0.8439362054281853,-0.7571756001074321,0.3471323211350521,-0.9151043886871822,0.4811777936261919,-1.2413696565196768,0.5563758049731711,-1.4547977505057266,0.6178782928269184,-1.6434532329877363,0.1877025908123411,-0.9822259095556046,0.267362043060996,-1.361117428485262,0.3082031132945495,-1.6111255267659932,0.33873808319505994,-1.8259182514059553,0.023154589524645365,-0.957512685730155,0.044617857710690705,-1.3059032540791247,0.06228516601942398,-1.5317847572178065,0.08271511197896952,-1.7341440634394651,-0.15719883451455446,-0.8668852177229064,-0.20266197295368804,-1.1302300584228646,-0.22614629268987801,-1.3119287653584835,-0.2365231789272254,-1.4973390853011324
OPEN_HAND,0.0,0.0,0.26351351609165713,-0.11622373911446346,0.49959380518546564,-0.3520532918340428,0.6772696014500186,-0.5836836245484497,0.841299629234124,-0.7588366127396805,0.3470413724096469,-0.915215846538324,0.47998383386958576,-1.2421990110246846,0.5550054908675408,-1.4544093844958892,0.6163017006772321,-1.6410691013198504,0.1855823577320798,-0.9826287134511196,0.26451447254594107,-1.3631163057398028,0.30560563628504905,-1.6130286313064865,0.3362633353955348,-1.825662202848427,0.019857724126160017,-0.9581579899509296,0.04000110987512941,-1.306835174422218,0.05794233292342022,-1.5319814621590087,0.07857584217759073,-1.733370390685705,-0.16048315526120763,-0.8681667980992052,-0.20609079130540522,-1.1304361095228488,-0.22930373784667613,-1.3109336552681692,-0.23880761755077626,-1.4953587411955358
OPEN_HAND,0.0,0.0,0.2684476430558158,-0.11412204419217827,0.5071397998440219,-0.34844562175688076,0.6838156262521237,-0.5820682366947394,0.8486655081745477,-0.7590479786178098,0.3498642281763435,-0.9140684688712777,0.4852737976594233,-1.2421574097539336,0.5615282987731837,-1.4572583899409193,0.6237402055067919,-1.6477471647155353,0.18840492582180648,-0.9820914335875656,0.2678330924043296,-1.3654524446890224,0.30890188676629016,-1.6176288778283305,0.3394647296686022,-1.8338440184233724,0.021693355066029346,-0.9579099912829132,0.04301412480038362,-1.3089487975172047,0.06164079784599548,-1.5373910557932067,0.08299510674404587,-1.7421441724590905,-0.1609520888156881,-0.868235934383496,-0.20802268410184085,-1.1335586586988033,-0.23078923346209707,-1.3164476593896461,-0.23952757079007775,-1.5031453887296768
OPEN_HAND,0.0,0.0,0.2665634180102378,-0.1136463475514764,0.5028634465224995,-0.3495347076360992,0.6807013860054133,-0.5823384933228798,0.8462411132578447,-0.7594201008059568,0.3463932378873211,-0.9142951236721291,0.48189574641698407,-1.2416985977655999,0.5585806875263284,-1.4563305491044216,0.6205562995807183,-1.644340060748025,0.18516568451583662,-0.9827073161820774,0.2653481615268196,-1.3650781646603287,0.3068818852623386,-1.6160075866105272,0.33735404778358336,-1.8292277338899707,0.01891441271957365,-0.9586166020511248,0.03909433556414618,-1.3093997159412287,0.05783653404999883,-1.5349067904228697,0.07913373347095443,-1.7356284162197757,-0.16188455361193957,-0.8689877334991278,-0.20809650933339335,-1.13415827338284,-0.2315219945574333,-1.3174360667085339,-0.24120684109715235,-1.503661133254605
OPEN_HAND,0.0,0.0,0.2699648009774854,-0.11595368449681405,0.5087643555072131,-0.35040160017809646,0.6889254227107123,-0.5829390171764326,0.8543042667053294,-0.7575065740511321,0.3487856524875841,-0.9144161006992167,0.48787940022568127,-1.2471745816290216,0.5643952038327554,-1.464787766101111,0.6260658267669159,-1.65701903357512,0.18749194318915796,-0.982266140737404,0.2684842355028606,-1.372021362943604,0.3118866615101293,-1.6248948692118574,0.34416076404430945,-1.8402237154730379,0.021025189482429495,-0.9582407677434498,0.04076531298380633,-1.313500033304201,0.05843766248325545,-1.5441061235863773,0.07909173428297188,-1.74763411391565,-0.16121240896423483,-0.8669027416364359,-0.21007402815429568,-1.135527329681292,-0.2336058004293098,-1.3202821616193432,-0.2430182371547905,-1.5075826289122545
OPEN_HAND,0.0,0.0,0.2661722089271274,-0.11462608196332959,0.5031603611929742,-0.35067637915023575,0.679450911775658,-0.583878834994778,0.844326349379927,-0.7607706797156375,0.34474415624228,-0.9132331368320289,0.481106319400891,-1.2389188425266355,0.5577826693979502,-1.452019356828849,0.6203565661554714,-1.6406510601560564,0.18561411922326895,-0.9826227143441018,0.2647710999985416,-1.3643338258882913,0.30718315976650734,-1.6156979383382395,0.3387880687420698,-1.8284517141529915,0.020992944811475636,-0.9590088172916226,0.03950560979462397,-1.3079526738375036,0.059189102089432226,-1.5317212457939315,0.08207512907815089,-1.7298710609819161,-0.15866754356078577,-0.8683288649396086,-0.20603051186353852,-1.1344576730641556,-0.22969436078313862,-1.3176274263307743,-0.23980803460061853,-1.503510139200201
OPEN_HAND,0.0,0.0,0.27303269844192285,-0.11856909442744104,0.5139590996354505,-0.3537500698129951,0.690624999197226,-0.5885742849046115,0.8540035887265981,-0.7676927931979866,0.3525224642657519,-0.9148508548538501,0.4864641894224888,-1.244072826434073,0.560801158441205,-1.459991584888322,0.6208849859288437,-1.651323100498735,0.1909029537586436,-0.9816089151216105,0.2699384889695016,-1.367400696267719,0.3120556030865798,-1.6203678756708664,0.34328904416489336,-1.8364808650278495,0.023603667961842722,-0.956201809679206,0.04205146359879725,-1.3094936270456776,0.05986913254947654,-1.54151533388664,0.08094986883716464,-1.7487507171229253,-0.1591821610851632,-0.8645830218860499,-0.20778294404551514,-1.1308929889667785,-0.23119930102411837,-1.3171076676956055,-0.2405756145053074,-1.5080144067093573
OPEN_HAND,0.0,0.0,0.27550140087541697,-0.11446313586519707,0.5188178271854672,-0.3556040419971358,0.6953303967792284,-0.5921988448102005,0.8581157654667614,-0.7637126892591303,0.3509447240400483,-0.9125918915067405,0.48736392445797333,-1.2417084426998524,0.5645355906933762,-1.4570509700232495,0.6270861752616643,-1.6470138884178744,0.1892523234332923,-0.9819284892878405,0.2686919516998592,-1.367923175157194,0.3124136340171442,-1.6218311179034763,0.3451238463839457,-1.8369858024345633,0.023079747948315604,-0.959444997209886,0.03938372112208937,-1.3135776631823153,0.0595564036006277,-1.5419566223281835,0.08280594391540146,-1.7432589957882836,-0.15801354627292127,-0.8688248759887908,-0.20766671688866167,-1.138406980000918,-0.23158714122789328,-1.3243579693184435,-0.2421436220834551,-1.511951488206788
OPEN_HAND,0.0,0.0,0.27723697533757835,-0.11215070375335953,0.5187800257135072,-0.3497458885713729,0.693255276675373,-0.5872969379727809,0.855711813020187,-0.7631322004414952,0.3525563180029553,-0.9134386837117784,0.48905031417323763,-1.243408820910515,0.5647348418179463,-1.4595078036134326,0.625723106238209,-1.6498830756945786,0.18929573402820915,-0.9819201215367375,0.2684270953374877,-1.3703963805460553,0.3129755102902053,-1.6270613873582047,0.34596993757975103,-1.8423531190541786,0.022240809304922195,-0.9570874242985855,0.034852623243507325,-1.313082982776157,0.05574048033536597,-1.5456986959949002,0.08027579740760019,-1.7505187068832786,-0.1580350455635416,-0.8654829434109683,-0.20804581153914214,-1.1360681657055856,-0.23197041071627886,-1.324210684009589,-0.24161376195737197,-1.514349973984208
OPEN_HAND,0.0,0.0,0.2737971305336452,-0.11618286205695462,0.5117951794813829,-0.3562928710467213,0.690594580200736,-0.5992733385683482,0.8570688216530311,-0.7741444771383333,0.34569424587897674,-0.9150850734454293,0.47845983558363364,-1.2398891391081135,0.556277404008737,-1.45108561391656,0.6204962369061303,-1.6394906621002023,0.1860531969642029,-0.9825396724302787,0.26462714615417754,-1.3669507542844628,0.30958856477941943,-1.6158759110715144,0.34532517347900765,-1.833415325089248,0.021356667964420584,-0.9570079097072662,0.03981687644052788,-1.3103001997884756,0.05906611394130608,-1.540976685292644,0.08253656554424897,-1.745958813857429,-0.15982434977519844,-0.8632934035673328,-0.21053709761188077,-1.134364433820556,-0.23388048571722514,-1.3222011081552183,-0.24274075282129637,-1.512179155378576
OPEN_HAND,0.0,0.0,0.2742602633790936,-0.1091126462288186,0.5139893264284966,-0.345521681763376,0.6857027226771202,-0.5884117957728211,0.8486536913507028,-0.768677941130016,0.34837212428325803,-0.912528267669913,0.4807339662591887,-1.2403241820351099,0.5570194939324212,-1.453415076699682,0.6215663444308489,-1.6448420395935808,0.185018620339018,-0.9827350152140945,0.2610425830100105,-1.3691885398053636,0.3055736692541439,-1.6230480360962498,0.34142406698643646,-1.8416004032690974,0.01773062435700711,-0.9572486568459213,0.031211705895692027,-1.30920107055975,0.052792891672676936,-1.5377257219054092,0.08028884637146597,-1.7406241107761717,-0.16250714925288864,-0.8632720712607669,-0.21307721225616708,-1.133357126984086,-0.2370245069879714,-1.322182181495195,-0.24730011416270117,-1.513988461027306
OPEN_HAND,0.0,0.0,0.27815705693720444,-0.10948550001795021,0.5206868540278498,-0.34539549934250047,0.6958214785212394,-0.5866328971281481,0.861239783156818,-0.7663835054375824,0.3539963810156207,-0.9120234594937252,0.4871424277573556,-1.2391540007026143,0.5646283113923046,-1.4529398138031513,0.6300414480388481,-1.6434495868239594,0.1902905649618942,-0.9817278140536118,0.2659943418203848,-1.365377261774891,0.31211038597123186,-1.6186465876758676,0.35027829340180505,-1.8374056389859668,0.021908429323464422,-0.9566300383789564,0.03400920209790369,-1.307862160549597,0.05424245105149724,-1.5393846665429642,0.08128846512597897,-1.746062045455093,-0.1594782660619464,-0.8641531558442622,-0.211025540938496,-1.133779544330257,-0.23606827658750112,-1.3231500780742014,-0.24678138618552017,-1.515914528556564
OPEN_HAND,0.0,0.0,0.27826167938526614,-0.10617962932947288,0.5204652683477984,-0.3511493445342866,0.6988855422703966,-0.595046499658616,0.8656672027962755,-0.769959473478242,0.3517185603313393,-0.9124504166940433,0.485026274687142,-1.2419903247870108,0.5627914151554363,-1.4569345630257797,0.6271591012138541,-1.6464244732129487,0.1867384618365097,-0.9824096634657735,0.263586890406909,-1.3700682944246088,0.3092237967687254,-1.6254214842937726,0.3446287806805013,-1.8445844827156035,0.018402913784148132,-0.9578290876292722,0.029984068605127114,-1.3145489903652818,0.051156390273992526,-1.5487137486845315,0.07684842857039934,-1.7560400418389708,-0.16211510531589027,-0.8637077639309493,-0.21435437792748344,-1.137323711619138,-0.23845690796042224,-1.3288787892242933,-0.2489072087980112,-1.5221133517618846
OPEN_HAND,0.0,0.0,0.27761239338346183,-0.10795269931382877,0.517394142208433,-0.34936072058714496,0.6933745462891513,-0.5929074047733917,0.8576248559340278,-0.772014305458909,0.35188691368683134,-0.912668042217879,0.4838574556726599,-1.2399476206555546,0.5608718928053216,-1.4558858084713007,0.6244876697532187,-1.6446700340963523,0.18732795798886104,-0.9822974275420472,0.2632930223012852,-1.3686447086972167,0.3079205329065807,-1.6241551696851384,0.3432767817784523,-1.8429594414234736,0.019102493894583725,-0.9576535014598072,0.03095566658716335,-1.3125687817899845,0.05150724063286751,-1.5458389067442393,0.07691048590230869,-1.7523017320108512,-0.1617116423975478,-0.8649714160869393,-0.21377160657237784,-1.1371996109437417,-0.23835066708687758,-1.3276819838678393,-0.24833556886685051,-1.5205803021867463
OPEN_HAND,0.0,0.0,0.27640704895223395,-0.10855229677579041,0.5164772914396367,-0.3492250700986613,0.6880584395544438,-0.5930532459510774,0.8531910138516374,-0.7686716589240822,0.34915891263974924,-0.9125401825834937,0.48103823457853734,-1.2384870749619383,0.5574216448009579,-1.4525877879059983,0.6210014526123123,-1.6424286318040495,0.1848642142603544,-0.9827640725453397,0.2614217916998751,-1.3668190292113902,0.3064019871783421,-1.6198892123750177,0.3421073337396504,-1.8374541812186338,0.017217419400992934,-0.9578883937473784,0.02919476494618405,-1.311794163344947,0.04986440622866915,-1.5421787404364629,0.07594158984493694,-1.74711913511804,-0.16286923040717263,-0.8627489882381189,-0.2148472963110303,-1.1342255280750877,-0.23901053752726623,-1.323797948161352,-0.24956087379742892,-1.5159155334276626
OPEN_HAND,0.0,0.0,0.27816697624281694,-0.10964060229005931,0.518328170119556,-0.3489180292449773,0.6906150418798422,-0.591870109837162,0.8548134190989509,-0.7682893915442821,0.34973188429406454,-0.9139708721038208,0.48314894379174733,-1.240605680892305,0.5603801615689779,-1.4541469780436818,0.6246605616154876,-1.6431280440672622,0.18514483035392348,-0.9827112453784259,0.2614631512623604,-1.367296457287436,0.30735446972275055,-1.6203957468364223,0.34475684604439916,-1.838944065730263,0.017112238726784485,-0.9569151911125414,0.02947926854062902,-1.3105965017273558,0.049855012510269324,-1.542833398845648,0.07629846498539858,-1.7497557775561714,-0.1635073435382767,-0.8620557184050145,-0.21564430097617318,-1.1336950896734062,-0.24068939709888232,-1.3242467948786436,-0.25194300900079436,-1.517354682655149
OPEN_HAND,0.0,0.0,0.27813356240880255,-0.10862967213976744,0.5179410163802071,-0.349978630488876,0.6907553339244247,-0.5930412161904356,0.8562101767271265,-0.769631785885937,0.3504224796918729,-0.9136223354367916,0.4834749646204449,-1.2390063865243823,0.5603987295423574,-1.4545194369103651,0.6241151149285514,-1.643348437138816,0.1850206160794659,-0.9827346394757717,0.2607303735466404,-1.3674931580938243,0.30540121517153274,-1.6211290122441342,0.3413437945890633,-1.8386732087620705,0.01681394385440989,-0.956722926127811,0.027938385942101823,-1.3101653978476222,0.047521442788793944,-1.5420353574811554,0.0730068684627608,-1.7488342813630164,-0.16374365059240553,-0.8610185133960708,-0.21565161591396237,-1.1320169311101553,-0.24033540466930894,-1.3222387138637337,-0.25090285253437206,-1.515800680141752
OPEN_HAND,0.0,0.0,0.27859779718977146,-0.1099323403649884,0.5185023830998866,-0.3536944073279677,0.6915332524917799,-0.596238909031631,0.8572579002774448,-0.7709682985612767,0.3512842376086234,-0.9136017761441386,0.48375564612661187,-1.238669881915621,0.5607198102238651,-1.4539513804447972,0.6244739604349108,-1.6423190898322757,0.18657450422249947,-0.9824408146927368,0.2617276170726225,-1.366716529267718,0.30651452429049636,-1.620132318756158,0.3425243607127616,-1.837229967413079,0.018876233903132394,-0.9563147433166836,0.029306527804056955,-1.309149337078689,0.049425524923030914,-1.5417625237099437,0.07556736725540354,-1.7492764112265806,-0.1611639362331539,-0.8608001400718465,-0.21332643354933847,-1.1310920386083827,-0.23765224433258525,-1.3213264126152764,-0.24760650436775952,-1.5148086549950432
OPEN_HAND,0.0,0.0,0.2752749755994962,-0.10936883121337289,0.5139932634172657,-0.3554039076803529,0.6863812312280864,-0.5987146227349632,0.8514173337921298,-0.7699457738381914,0.3470838809399236,-0.9132757431153644,0.4785535756648125,-1.2382726252799723,0.5551501995690745,-1.451473162375949,0.61900880446775,-1.6401274283003113,0.18203426914573625,-0.9832921869193193,0.256947453370828,-1.3679496214643512,0.30121577852842957,-1.6209255981768862,0.3366280923145384,-1.836678905762,0.014398291540079875,-0.9577443366847495,0.024744939806143982,-1.309945727306847,0.045485992651851354,-1.5409923129290797,0.07223894916667749,-1.7463321371095224,-0.16498159163539222,-0.8614952194795399,-0.21649003463603614,-1.1316327770577026,-0.2410409273863839,-1.320953853841891,-0.2514840362957568,-1.5129427665754784
OPEN_HAND,0.0,0.0,0.27507542520199685,-0.10784223351870431,0.5130645803876437,-0.34902077615353855,0.6872066941961256,-0.5949455449579888,0.8519693891723512,-0.7708519027515283,0.34700253158671307,-0.9141283099659697,0.4792192538557946,-1.239025349861618,0.5556160854280676,-1.454209611149765,0.6191249711830047,-1.642806312820023,0.18322146824734983,-0.9830716624810651,0.2602049637999255,-1.3668559704780843,0.303883614876997,-1.6189981727279006,0.33938664806548957,-1.835758052598137,0.016325546343754185,-0.9575219559726827,0.029101580721320276,-1.3089110026051922,0.049380169832290155,-1.5373956579931833,0.07533576938844995,-1.7392873205957609,-0.1637173417332885,-0.8631510251061674,-0.21524207727734748,-1.1337537132560014,-0.23943012570299999,-1.3222872248257034,-0.2491187035786309,-1.5122933610192053
OPEN_HAND,0.0,0.0,0.27421406084505145,-0.10718581526486011,0.5144748222256893,-0.34700789062703935,0.6858370384542393,-0.5936195562060878,0.8514108812146317,-0.7722711390556299,0.3459259727657475,-0.9133925447042344,0.47827056787003025,-1.2407090073030438,0.5540187239486383,-1.4551338839276622,0.6174705976924626,-1.6457024895387284,0.181526990826938,-0.9833859626826675,0.2580470964286802,-1.3690558665859036,0.30208553905491525,-1.6218109192167278,0.3375303234409318,-1.8391346178381505,0.013961411329257855,-0.9572338103852994,0.02585288071934628,-1.3110424634009052,0.04603719168405619,-1.5407114117479555,0.07271758565279769,-1.7455884791282412,-0.16671560305199973,-0.8606152056057146,-0.218929401170698,-1.1312629666214873,-0.24336698167118637,-1.3203674234757419,-0.2541991152491585,-1.512508809385443
OPEN_HAND,0.0,0.0,0.2711303247001224,-0.10944774471221572,0.5086421247260655,-0.35235539997654614,0.6822049913468896,-0.5966844822129892,0.8468163031585868,-0.7739378470624085,0.34182689039410774,-0.9152220023825173,0.47524155218761016,-1.2408251991259218,0.5520079664092595,-1.4545407717594796,0.6147125589525415,-1.6426244625184159,0.1782417304040283,-0.9839867303691539,0.2546667652478753,-1.3684535870726968,0.29917247291045607,-1.6199508070772561,0.3341823376858382,-1.8372030084696778,0.011673172877855931,-0.9575946219689476,0.02299424644949479,-1.3105721331502884,0.04278690632267736,-1.5415448952955226,0.06795410002966552,-1.7479015035899577,-0.1677360821053914,-0.8606844554120038,-0.22085717709819458,-1.1321212160768641,-0.24575169373103245,-1.3217125670442211,-0.25718867282702235,-1.514079727983619
OPEN_HAND,0.0,0.0,0.2722842442566115,-0.11018020188979416,0.51045002851564,-0.348200635620582,0.6847229426744614,-0.5906431844444627,0.8479537181703426,-0.771183940330866,0.3459278011380311,-0.9126468453964911,0.4778357154881762,-1.2376965890568985,0.5534503297774171,-1.4520515402043026,0.6157954003649978,-1.6427933681273146,0.1828890494451476,-0.9831335593870499,0.2590699029560597,-1.3645505222034082,0.3023933633384893,-1.616302612439986,0.3369782599334217,-1.8319788674113482,0.015164905113111844,-0.9590826076766124,0.029067499526196975,-1.3098345182170963,0.04726320599630802,-1.5397683924859262,0.07138505606954279,-1.7449968230569266,-0.1656218923765155,-0.866329187824321,-0.21709546605823074,-1.1340096584425607,-0.2422548488141029,-1.320914801028442,-0.253212406974057,-1.511033528887439
OPEN_HAND,0.0,0.0,0.27617178929650554,-0.1102483571303344,0.5176874692985735,-0.3547120744869546,0.6923966076667644,-0.6006318303269524,0.8582023350536732,-0.7752338019765433,0.34690277616551196,-0.9147882081234775,0.48071971434686955,-1.2419536729649796,0.5573533250022282,-1.45587618533607,0.6205019093078944,-1.644604992905635,0.18266751750261914,-0.9831747444119129,0.25807252126629554,-1.3690455423317964,0.30264768434901296,-1.6223926662155599,0.33808164540928837,-1.8395105329129047,0.015384556436876161,-0.9576383442591314,0.026006504825039762,-1.3118318509021942,0.04638669738651744,-1.5429683151337272,0.07236301691915155,-1.7479756281844898,-0.1644766814650721,-0.8623808249489503,-0.2172724844574582,-1.1330195370270757,-0.2422111324687156,-1.3230002900181514,-0.25383532782405205,-1.5153126335835665
OPEN_HAND,0.0,0.0,0.2761208041974849,-0.1097153642284628,0.5155452409567226,-0.3525221871963377,0.6894544205924222,-0.5955234658346409,0.8551039944716492,-0.7737088851309895,0.3447516362609329,-0.9146030859066943,0.47641692807597974,-1.240845315180748,0.5530438867928844,-1.4551777110937205,0.6163214756354778,-1.6446632183520333,0.18048181699795188,-0.9835783210975716,0.2568510088959167,-1.3701816611755486,0.3024257533626025,-1.6249666678276034,0.33787595032784495,-1.8425588738534109,0.012877451905472006,-0.9572323148906561,0.023212104355594197,-1.3110469063592407,0.04332779372411736,-1.5431911560692424,0.0690571112626366,-1.7499681042440558,-0.16720081602367792,-0.8615254943177179,-0.21882730894841476,-1.1338345984564613,-0.24318091807190878,-1.3241501719946012,-0.25353490898374736,-1.5175898888987651
OPEN_HAND,0.0,0.0,0.27296998384161036,-0.10948785191775684,0.5123401309788044,-0.3495920422718231,0.6887396607677666,-0.5927622297845339,0.8558379351721424,-0.7730214714810026,0.3453322571588202,-0.9141909764251411,0.47783557380134534,-1.2421416666759206,0.554139384060946,-1.4567893383169341,0.6179839928298184,-1.6475848336319256,0.18133368658684762,-0.9834216258090032,0.2575878301222172,-1.3696972485671735,0.3039296232414011,-1.6239127438455612,0.341604513429846,-1.842656907844372,0.013184430948384358,-0.9573812551003139,0.024570259492422107,-1.3108830333184374,0.045173493603639495,-1.5424063144465483,0.0722122012008284,-1.7484387746635766,-0.16739704893131466,-0.8630845127156995,-0.21858503991350475,-1.136015072850546,-0.2430503680293141,-1.3258757141643642,-0.25354749570320867,-1.518477672804084
OPEN_HAND,0.0,0.0,0.27287413040055236,-0.10927858569365222,0.5116217520437591,-0.34962986710524063,0.6871820937106949,-0.5929286075361854,0.8517799999339402,-0.7741313635061982,0.3454072523551471,-0.9141154951046375,0.47828283423814366,-1.2408496334442212,0.5543769945433786,-1.4541999832039743,0.6173964924321548,-1.6434631615244248,0.1821690455241242,-0.9832672265731374,0.2576754938920454,-1.3672987104766405,0.30332349417881815,-1.6202915534423425,0.33997782875012744,-1.8381387953887127,0.015048831073243769,-0.9570787446759531,0.02600112127755607,-1.308262909917045,0.046217616914084346,-1.538992351376114,0.07216783400809357,-1.7447001914531497,-0.1645347209604511,-0.8616661500702607,-0.21616331019624146,-1.1320361862109505,-0.24059381789450163,-1.3212165414075883,-0.2519291353820057,-1.5129238324849108
OPEN_HAND,0.0,0.0,0.27275374251462525,-0.10951979543364909,0.5116632208209105,-0.350374662892713,0.6885687756071961,-0.5938218791941289,0.8534364412952126,-0.7734096284446719,0.3452184499494322,-0.914039271596461,0.47800102158483354,-1.240808154526118,0.5542952651311379,-1.4543209934387893,0.6173544296344429,-1.642501995744584,0.18173965277863952,-0.9833466828173568,0.2579346744756533,-1.368247938161917,0.30388709014443943,-1.6208743623869435,0.34067857559869485,-1.837974973168283,0.014903572771860635,-0.9578280337813136,0.0256704489705441,-1.3103239791050934,0.04584963322681757,-1.5415005622335285,0.07141065331572773,-1.7465577056547372,-0.16376993496542183,-0.8634869262471038,-0.2160913014435794,-1.1335220375657344,-0.2410132544900189,-1.3224885066162726,-0.25261336871854084,-1.5135289022152616
OPEN_HAND,0.0,0.0,0.27322841024638084,-0.10865154559157562,0.5126560932681987,-0.350418411346932,0.6859816700260786,-0.5942493457178666,0.8502029413682265,-0.7727523183441843,0.34545144926949883,-0.9140265064172868,0.47708298253887427,-1.240138656715509,0.5528754965752006,-1.4532777365467682,0.6162539017982435,-1.6423393419403676,0.1815658741697326,-0.9833787842621889,0.2566120401908842,-1.3683767594979357,0.30131143220460327,-1.6214786595210007,0.33683821542701725,-1.8384078045714494,0.014565130595678252,-0.9568785000015934,0.024943561239926162,-1.3094727599230849,0.04578161445399448,-1.5394477309195085,0.0722441239781862,-1.7431917111378132,-0.16482655803820445,-0.8610656132481675,-0.21710619927878194,-1.1323813507957838,-0.24148646555006908,-1.3218499255193195,-0.25191419341320886,-1.5130117112261912
OPEN_HAND,0.0,0.0,0.27435641532638416,-0.10881718619041918,0.5142961892653289,-0.3484014115112361,0.6888883203182758,-0.5929456771253059,0.8525872903561565,-0.7733810584146257,0.3465972674756033,-0.9141702061627451,0.47973228662489026,-1.242150635711115,0.5556558024195324,-1.4565145090866531,0.6182098319928649,-1.6457299030669397,0.18292189737952258,-0.9831274482278863,0.2593995350399631,-1.3698271551903436,0.30336110137342626,-1.6242946003731755,0.33780950732899534,-1.841555426200473,0.015622088746954598,-0.9571878940158346,0.025514516876401702,-1.310589155823158,0.045568924995804186,-1.541608151761713,0.07109857920861294,-1.745924171128475,-0.16468438679965486,-0.8624827578720475,-0.21755117662641218,-1.1336214164873057,-0.24182806726200573,-1.3228228650474376,-0.2519120363332334,-1.5140144561744087
OPEN_HAND,0.0,0.0,0.27243510455583336,-0.11096705518217219,0.5104345959701297,-0.35240914522854944,0.6858875634698122,-0.5949225459173895,0.8494485549794585,-0.7749790353191304,0.34369009804058004,-0.9155199214760739,0.47484126849885777,-1.2427009727657574,0.550597929745371,-1.4571258064135801,0.6131710759790343,-1.6457751246870826,0.17964420000539033,-0.9837316511144812,0.2561865762127779,-1.3697128480104015,0.29867639166388,-1.6236557807454322,0.33135802183875784,-1.84022585037023,0.012653089075717484,-0.957063693803812,0.023864888583968093,-1.309872173818103,0.04367985688253986,-1.5396124472962258,0.06840343410549106,-1.7430989544542477,-0.1669837422520788,-0.8618585965442112,-0.21846298781899617,-1.1330501773312307,-0.24229685664728612,-1.3215849245531097,-0.2517833753766027,-1.5128172020226014
OPEN_HAND,0.0,0.0,0.2715327842150516,-0.10933516199815187,0.5069648679869592,-0.3486198576645113,0.6790912163595408,-0.5905865957654671,0.8404116803479079,-0.7705275835242007,0.3423417089815521,-0.9142897421889984,0.47359547656895606,-1.2385313316381221,0.5495862057339906,-1.4530481212757589,0.6120199283950328,-1.641303274979756,0.17911954276944825,-0.9838273168590429,0.2570715908728281,-1.367185266347781,0.299218005784237,-1.6179136506149618,0.3315632672119987,-1.831411514896172,0.013293817634936273,-0.9577580158022956,0.02387276815610179,-1.308987405889389,0.04232272188189344,-1.5383182393844828,0.06532548818095826,-1.7417302330549365,-0.16579479304945213,-0.8599618818334861,-0.2177078807454837,-1.1297918636375281,-0.24233946085439204,-1.3180357800639702,-0.25422359159181124,-1.5086514717773527
OPEN_HAND,0.0,0.0,0.27057323330169886,-0.1102806487714011,0.5077604359088169,-0.34789970693951655,0.6819780184650304,-0.5925442801422688,0.8459852253956518,-0.774996430894823,0.3459529746991757,-0.9120858279323474,0.4790970466129418,-1.2396761000582222,0.5542988953239841,-1.4569933185640846,0.6155961579784683,-1.6482715099273821,0.18292198207049545,-0.9831274324701765,0.2595346301520068,-1.3676222402402807,0.30076597753425244,-1.6194571669976547,0.33310696286743097,-1.8350042405329658,0.016047249467881986,-0.9593801235849403,0.02930114466405317,-1.3112653862157277,0.04933810342162185,-1.5396259548409004,0.07463862076586693,-1.7416707479947786,-0.1646602712758175,-0.8661273295302591,-0.21729116951008376,-1.1363704110950261,-0.24212761123704932,-1.325216373900302,-0.2533644003682928,-1.5154828673637637
OPEN_HAND,0.0,0.0,0.2738274136491125,-0.11096622250124256,0.512794283936615,-0.3557983785250982,0.6879523573936721,-0.5993774870372616,0.8522942389677515,-0.7774711188101721,0.34681832368916815,-0.9137115357181894,0.48087334481824645,-1.242064008811975,0.55611569445196,-1.4585027984084977,0.6161664197281079,-1.6479733400012417,0.1829343458971392,-0.9831251319599077,0.2597115299853453,-1.368671548600193,0.30030027354356775,-1.6240089550874581,0.3299050382300675,-1.8399602104337052,0.015160506416035988,-0.9583208601194837,0.02701662063564026,-1.311897667514878,0.04689658235212395,-1.5409053685385108,0.07096568538654284,-1.743453418430632,-0.16590105109183328,-0.864569939657083,-0.21929807028132248,-1.1339724177200343,-0.2446165913925707,-1.3229318634853597,-0.2555836130686224,-1.5140321998283544
OPEN_HAND,0.0,0.0,0.2722302905336394,-0.11038906971411293,0.5087281872501904,-0.3511558000851485,0.6823446799407541,-0.594481455776188,0.8460596159383318,-0.7755711978375068,0.3435992520549047,-0.9137982876987701,0.4757057012841679,-1.2435695466758205,0.5511038718058219,-1.461145407773194,0.6114145948920054,-1.6502325336072399,0.1792615056952194,-0.983801459937869,0.2560265341917488,-1.3733784253242596,0.2980541811551329,-1.6265476908147278,0.3292607207212101,-1.8409820703220308,0.012609564645902642,-0.9587434657578617,0.021997258261287057,-1.313101662917497,0.041028003677701756,-1.5454768993934345,0.06445790388728802,-1.7513562750211547,-0.16649383390019448,-0.8631605398094702,-0.21949469885647352,-1.1339041006693689,-0.24408104332088665,-1.3226093469753808,-0.2550163820944275,-1.5130818547912588
OPEN_HAND,0.0,0.0,0.2711464451015773,-0.11256927849814971,0.5050465416101776,-0.3510272374482236,0.6780987019629026,-0.5943381739351263,0.8418342984966901,-0.7756291018638245,0.34324632357603296,-0.9131366691844385,0.47455576505088554,-1.2384274602504624,0.5490818960126544,-1.4544530095964778,0.6096874077587344,-1.6446540978501099,0.18038969273857947,-0.9835952209896511,0.25673199838445343,-1.366220802658878,0.2968228760840811,-1.6167318150010324,0.32696631942466053,-1.8292418559833639,0.01378670690160365,-0.9592427911575256,0.025936399264060613,-1.3098991854174709,0.04529024333076436,-1.5372025498626443,0.06906142165402383,-1.7376924986665079,-0.16577074472839726,-0.8657308830143928,-0.21785844091802808,-1.1333617606820108,-0.24207495004670834,-1.3199234111343976,-0.2523707218191491,-1.5083639689032489
OPEN_HAND,0.0,0.0,0.27279003660502926,-0.10999662150889816,0.5082626546401748,-0.3474172343173702,0.6809454565905071,-0.5908349753165523,0.8434418815428967,-0.7742501660545172,0.3451959375473605,-0.912813982271124,0.4772046512693026,-1.2395001793683544,0.5518907732474507,-1.4557638420725816,0.6119550311317542,-1.6463555938432815,0.18250029527821188,-0.9832057985098366,0.25956932640967384,-1.3664480389120597,0.2991030672386849,-1.6192655919861187,0.3276405333218355,-1.8327684011507193,0.015781872655281814,-0.9585437132853982,0.029011525126151672,-1.3096918307644259,0.04786391462347761,-1.5369811415168655,0.07028089649011289,-1.7371209931630263,-0.16411414773535785,-0.86496582026544,-0.21622203078577232,-1.1325380094976045,-0.24122895621100965,-1.3199484431183959,-0.25303388507706753,-1.5092738265473675
OPEN_HAND,0.0,0.0,0.2692333913036584,-0.11399683774305104,0.5017955016238707,-0.35262926630337355,0.674431521686461,-0.5937759065827287,0.8369371909321092,-0.7734859741797453,0.34137727362039727,-0.915143852623234,0.4715719533458543,-1.2415456406615442,0.5449234677157943,-1.45614616780421,0.6036162466588418,-1.644978498517106,0.1790285070176348,-0.9838438868413204,0.2565071969872632,-1.3670480832423257,0.29707536478147784,-1.6174662326199452,0.3265927333717317,-1.8300874541256682,0.013516184987951303,-0.9581137381245026,0.02392459037586322,-1.3068242077885968,0.04192539921413099,-1.5340696508515683,0.06396592103020837,-1.735394824427739,-0.1644954586177387,-0.8642108046111873,-0.21691148397408658,-1.1311739371788583,-0.24199464487855485,-1.3173355069141668,-0.25310846428817907,-1.5055421117719512
OPEN_HAND,0.0,0.0,0.2686536587790402,-0.11215994126524273,0.5021796643334746,-0.3523712137632086,0.6736833445367277,-0.5943205849354017,0.8356903148174989,-0.7738881989293844,0.3424041420861033,-0.9138725725113567,0.47272240478283833,-1.2394154834883038,0.5465220461980914,-1.453005695296406,0.606306793487993,-1.6418914232082957,0.17947554569063404,-0.9837624349908107,0.2552271294449983,-1.3666967889112025,0.2948192112433738,-1.6154025117733024,0.3239524045124413,-1.8265395335779682,0.013318664420387672,-0.9588632048242626,0.027352891710590826,-1.3077770828632622,0.04686194120836739,-1.5315061250142559,0.07047162570227766,-1.7304526432987208,-0.16573137481578196,-0.8645086368468173,-0.21773416959742503,-1.1307101665887846,-0.2422759130419442,-1.3148820209462573,-0.25334444463241373,-1.5014480048462473
OPEN_HAND,0.0,0.0,0.27089243193495555,-0.11036160608884475,0.5080038252654709,-0.3528860166923808,0.6808534537711124,-0.5960069446309733,0.8439293297938789,-0.7746287278241748,0.34518951548713095,-0.914753906134019,0.4765441428370404,-1.2413818338054001,0.5507985168806536,-1.456208656178082,0.6104533179200675,-1.6448644602958384,0.18204202434917865,-0.9832907511874872,0.2570524274835834,-1.3655830903994135,0.29618295001750616,-1.614983613899395,0.32474912223188207,-1.8260730003266812,0.01555381196898107,-0.958372230564872,0.030428224200240057,-1.3079366981010332,0.05001944152212874,-1.532109469978561,0.07285835122576192,-1.731302134594055,-0.1645380867806824,-0.8656195660849112,-0.2157236040704201,-1.1321993405026618,-0.24008141491557175,-1.3170444418108873,-0.2508786618370572,-1.5042631063601464
OPEN_HAND,0.0,0.0,0.2718479213316252,-0.11056822686963177,0.5090042410122962,-0.35387133736902976,0.6808029834208796,-0.5969205039398484,0.8444923078420463,-0.774444334190789,0.34394683505410906,-0.9149308917074686,0.4765573476350552,-1.2409570645055992,0.551519987513022,-1.4543306131320577,0.6115046645420252,-1.6417685420360404,0.18045695356009012,-0.9835828830921223,0.25683129942090877,-1.3666051628212312,0.29662057716888923,-1.616682712331548,0.32539344099843004,-1.8276297250482807,0.014131364863601906,-0.9582454739276591,0.027633485518701238,-1.3084586236886673,0.04739045320794724,-1.5334211423071735,0.07071416268177162,-1.73261733715559,-0.16504381026368692,-0.8638900536379086,-0.21751207803234698,-1.131289227282178,-0.24198929351694817,-1.3175003516485126,-0.25291810387343383,-1.5055225407457165
OPEN_HAND,0.0,0.0,0.2685162328312304,-0.1129547902200284,0.5032083461619787,-0.35529382489084355,0.6760508928878419,-0.5949097430027898,0.8384723814856834,-0.7734737264323134,0.34195726632169643,-0.9152908013160745,0.4729755688008149,-1.239776636908155,0.5471020837562596,-1.4530174477452475,0.6054423050185721,-1.6386385633689284,0.1793802483158346,-0.9837798160737744,0.25594245019854595,-1.3648060579343717,0.295037935096108,-1.6147178347642552,0.32261848345171823,-1.8244873890933921,0.013585370354540228,-0.9590669807788207,0.026944735201205067,-1.3067663152562619,0.045466136382622716,-1.5321772141023486,0.0672606498412942,-1.7314616411217774,-0.16526592514845415,-0.8658560787500389,-0.21739419840327773,-1.1303505891224026,-0.24236942344781684,-1.3146595208818939,-0.25362285192616973,-1.5008900578594504
OPEN_HAND,0.0,0.0,0.26929980997249175,-0.11908786791156145,0.5037754571585518,-0.36027100752045554,0.6764661588684105,-0.5986219456313095,0.8390484656831068,-0.7780556982928294,0.3440012144299434,-0.9175888960756876,0.4747959626252677,-1.2426383565885473,0.5480911567854261,-1.4565194929230987,0.6059920983198361,-1.6448129709492783,0.18097124693113856,-0.983488387213692,0.25632754058506896,-1.364548653289895,0.29597588894469834,-1.6154463358769753,0.32477182140367283,-1.8279229103228547,0.014599013209528113,-0.9569937509332822,0.03076583963295631,-1.3036995329366015,0.04865666598713626,-1.5306224073076087,0.06999048810521989,-1.7337145914734184,-0.1647008651232618,-0.8641586742087168,-0.21462880738770487,-1.1262645934716695,-0.23933857036185424,-1.309391487905349,-0.2500905510800934,-1.4972192904960604
OPEN_HAND,0.0,0.0,0.26852903139088674,-0.11583548829024432,0.5046261317676766,-0.35743896274932585,0.6776459832749394,-0.5966195429452902,0.8388690910791297,-0.7738596383068431,0.34343723896817585,-0.9151940358161145,0.47566973733338613,-1.2413912777834395,0.550638588056918,-1.4548609337140765,0.611302499268086,-1.6427647841923798,0.1809175004690276,-0.983498275557227,0.25800449594839037,-1.366312737543148,0.30067131469287073,-1.6170769845509116,0.33328729883564234,-1.8291838214499325,0.014806248322452852,-0.9581470807722389,0.029855423178201296,-1.307762487742369,0.0494609158222333,-1.5353065448434275,0.07338381113559618,-1.7371040468811716,-0.1643967854546928,-0.8638540673311651,-0.2145337425764811,-1.1287971302650406,-0.2389379486196057,-1.3135808082812093,-0.25010838076269787,-1.501190763667507
OPEN_HAND,0.0,0.0,0.27053401223865536,-0.11232399037149948,0.5074720772399268,-0.35532226940213807,0.6809485560645753,-0.5967665685813944,0.8436753343409068,-0.7752687724138339,0.34628308167258254,-0.9142876633166132,0.47644497314092044,-1.2426265575345976,0.5507876104147713,-1.4571170383588883,0.6115622443635823,-1.6464087853453897,0.18331689307982907,-0.9830538727412443,0.2589847403471479,-1.3674734217510536,0.30169329447779,-1.618870214681771,0.3348062831262438,-1.8315765270689641,0.01637064098229348,-0.9578998288291872,0.03189684335468911,-1.3080939883672273,0.05163926829707806,-1.5361142850932472,0.07607620441937868,-1.7384426036159906,-0.16387517931759765,-0.8644814504521093,-0.2142422625727708,-1.1314130763493453,-0.23801032765054958,-1.3165526799715328,-0.2475379715392641,-1.5046679469290398
OPEN_HAND,0.0,0.0,0.2699084044026576,-0.11333712639563218,0.5074955123649163,-0.35683953988388883,0.6815233925236547,-0.598488735708901,0.8448977499449113,-0.7748770485817731,0.3447471175722065,-0.9146414129732957,0.4768349114215993,-1.241993426890767,0.5519730904008074,-1.4563821450074785,0.6128655733987216,-1.645313554398292,0.18251266607285763,-0.9832035021921847,0.25862856491860425,-1.3660734318054781,0.3005023131179662,-1.617552707920915,0.33200760358982956,-1.8311590612814492,0.016626549501525954,-0.9582414865436735,0.031961158409153166,-1.308306276455317,0.05200158272899274,-1.5339427273551645,0.07572932000198068,-1.7345590872504297,-0.1626206172054192,-0.8646294423667753,-0.2125300706437531,-1.1316639429193047,-0.23658755081752278,-1.31680381061833,-0.24767982578776113,-1.5048620829992696
OPEN_HAND,0.0,0.0,0.2704238487390141,-0.11428383045127598,0.5090446447076372,-0.35538602539747766,0.6817080757412999,-0.5967986168432327,0.8447255750375131,-0.7738307663169135,0.3454042247897006,-0.9146507788510925,0.47901336967146313,-1.2421850421808889,0.5539508386660423,-1.4569125179605584,0.6143379693887231,-1.6452688206113906,0.1828524384440737,-0.983140369303924,0.25965169542968985,-1.3678377058842708,0.30128785162718846,-1.620376818006319,0.33268837001858903,-1.8342692019088584,0.016974586941962123,-0.9586865387566758,0.03178715470139249,-1.3096164949855862,0.05173178461527936,-1.5364553443106568,0.07578166236845933,-1.7373942889165317,-0.16243955425258585,-0.865506715243608,-0.21251090671726575,-1.1322280869248322,-0.23693051800075896,-1.3173090327582158,-0.24859585910478008,-1.504656369483615
OPEN_HAND,0.0,0.0,0.27252382084079324,-0.1112616421176366,0.5121529633021006,-0.3517444072045087,0.6848324334871718,-0.5954466776643477,0.8493938411507398,-0.771155998792254,0.34719945310028405,-0.9151424476761292,0.47995601421273076,-1.242633595220233,0.5556275395353805,-1.456319764847245,0.617748546052073,-1.6438005727812846,0.18448495500585013,-0.9828353378753175,0.2611754730880208,-1.3663725087128502,0.3043169398537614,-1.6184057142806676,0.3387210353155323,-1.8328616368664528,0.018191603185042447,-0.9584543783550238,0.03337230902426482,-1.3071850451741602,0.053799429747240286,-1.5344855835370736,0.07948765439165549,-1.7357791806757659,-0.16224480426840499,-0.8660730065239729,-0.21198940808423133,-1.1323658323460726,-0.23559356627686182,-1.3171012117524838,-0.24562688977673466,-1.5039582094247659
OPEN_HAND,0.0,0.0,0.27668386809701245,-0.11372092668462486,0.517877708102441,-0.35882426342622015,0.6935304251991231,-0.6003716988055267,0.8577333251371678,-0.773294797349462,0.3522367982338941,-0.9153362437759406,0.48411706772762414,-1.2422154567742771,0.5587274726536787,-1.4570658477465295,0.6194468512582586,-1.644839239578212,0.18835412889469041,-0.9821011771341699,0.26336253640410257,-1.3652633222798751,0.30624945200625486,-1.6178270702140487,0.34040785749272084,-1.8330733265242825,0.02140789641273616,-0.9572950012056268,0.03473439311530474,-1.3068414824545223,0.05344763868436311,-1.5363468462343242,0.07755398548811222,-1.7410414033872683,-0.1588735598570721,-0.8644338268627147,-0.20930780129709414,-1.1286873571169114,-0.23409806662117125,-1.3144500759931714,-0.244754312698105,-1.5042372279124867
OPEN_HAND,0.0,0.0,0.27760132614712857,-0.11394734263053938,0.5182241593258652,-0.3562692829559655,0.6871363889901583,-0.5990191624742578,0.8505311148668975,-0.7716710269647771,0.3468608858572557,-0.9156658825436106,0.4791966061480173,-1.2428615543228885,0.5552759843171284,-1.4565011864870783,0.6184448690340866,-1.6452789358443034,0.18179354544420515,-0.9833367209836241,0.2573151467623802,-1.3702586701636852,0.3022213147142886,-1.625762951537848,0.3377158038252106,-1.8423872984685676,0.014863130106718725,-0.9569610599665346,0.02526655146368787,-1.3112491252761074,0.047298021059163455,-1.5429916831904982,0.07500809815395224,-1.7474344414627143,-0.16443229344851146,-0.8624094108710036,-0.21530968097472125,-1.134341736073483,-0.23935876572183892,-1.3252703989868209,-0.24892408976941063,-1.5183690692295169
OPEN_HAND,0.0,0.0,0.27796671827927366,-0.1107967210403831,0.5174081112465063,-0.3503284204773587,0.6891637300643997,-0.5919194896740803,0.8531365079700838,-0.7723384374841763,0.34778592304978834,-0.9156820402507161,0.48177492229978375,-1.2437285338490323,0.5579637195122319,-1.460464658497052,0.6202637161466255,-1.6486043316581587,0.18363742977771297,-0.9829940459558417,0.2593508040409855,-1.3719084141439115,0.3045894478090939,-1.6288124026121733,0.3401958792833001,-1.8457585256382458,0.0163217596025109,-0.9566139254737038,0.027116548241350943,-1.311161425992491,0.048654939907543146,-1.5411219536197425,0.07546574818949328,-1.7437400473782834,-0.16379103016267632,-0.863489439953396,-0.21553412881232112,-1.1344520911689908,-0.24005974143366685,-1.3242189531275022,-0.2501203719203376,-1.5163205240160735
OPEN_HAND,0.0,0.0,0.2790633145847157,-0.11013459635138495,0.5196022893210874,-0.3479453592289679,0.6921390993279899,-0.590799606652633,0.8556956744425442,-0.7705750114550163,0.3500292476980532,-0.9147427573296614,0.4825132230364863,-1.2411696226828175,0.5589048240053212,-1.455851619649785,0.6220357608581111,-1.6441092051128456,0.18623330137785143,-0.9825055508534832,0.2611145272592593,-1.3678185672572905,0.3067549152898343,-1.6214469031104466,0.3441755011575558,-1.8383800384476565,0.019192492399420513,-0.9561971294805994,0.03062163300771275,-1.3085675181685483,0.05138863481161122,-1.5392181256198318,0.07812549249579825,-1.7423580912754453,-0.16104091248866864,-0.8627705955999005,-0.21362056209889732,-1.1340671013392232,-0.23859926927188332,-1.324299022413804,-0.24958918517539067,-1.515809576731301
OPEN_HAND,0.0,0.0,0.27742209524551364,-0.10947910856563452,0.5182147485127069,-0.35104157786296847,0.6885781504331219,-0.5950894260296943,0.851543306481414,-0.7720268143483291,0.34774555038061417,-0.9150310781845772,0.4787173376568093,-1.2417913556181661,0.5549732262076298,-1.4538326402043722,0.6193479624427409,-1.6414711370259913,0.18430407363547616,-0.9828692733224338,0.2585614836349183,-1.3673898840626102,0.30391382326607075,-1.6211987997863115,0.34012465697537625,-1.838853346070985,0.018497992123266038,-0.9559341521900137,0.028592020566656738,-1.308549597291874,0.04908213158138557,-1.5379445512690808,0.07485753603838063,-1.7411856118702118,-0.15979436037380584,-0.860777235498294,-0.21093773500068863,-1.1327253277666667,-0.23510693899454885,-1.322377994263194,-0.24604436532766288,-1.513937132268584
OPEN_HAND,0.0,0.0,0.2778038285138512,-0.11320527907524744,0.5167360506044614,-0.3536446769566631,0.6858214742398189,-0.5966574291568051,0.848639301415349,-0.7743707814805987,0.3469738219663509,-0.9154341282318502,0.477334440473997,-1.2416108230892318,0.5529219172385907,-1.4551974514146364,0.616831392480143,-1.6447054630411853,0.18432783656602444,-0.9828648170867086,0.25789083208531505,-1.3661542177454054,0.3029029337658675,-1.6212406347824901,0.33902246093014965,-1.8393477224029793,0.01849114814903694,-0.9559788184581444,0.0278301196524817,-1.3080464198963813,0.048315486855746576,-1.538609662713952,0.07445163585957025,-1.7426673797836927,-0.1600288399109853,-0.8628659728032203,-0.2111814961864788,-1.1340030999608286,-0.23575012303023524,-1.3243577408859288,-0.24609878363826054,-1.5172166671289486
OPEN_HAND,0.0,0.0,0.27402503166576764,-0.11403945200998326,0.5121025299682312,-0.3543214386326884,0.6821065256665666,-0.5962995507114991,0.845131718814682,-0.7729821739230712,0.34327395277177236,-0.9164875624519205,0.4739666505563465,-1.2423913626782919,0.5493165194978507,-1.4550100060152922,0.6127645491121653,-1.6438642581384995,0.18034288331061937,-0.9836038046079388,0.2539404849247276,-1.3669085733141102,0.29871368662530573,-1.6206440751273825,0.335277356254715,-1.8380137688322624,0.014247216444939521,-0.9564287650399682,0.023712640989940036,-1.3071688745343026,0.04507106222066891,-1.536120054689813,0.0727553548515802,-1.7390919103119789,-0.1643655358152303,-0.8621252579190597,-0.21587629618992385,-1.1333780918134626,-0.24090441362703108,-1.3231972007479142,-0.25141724608577576,-1.5153069692469132
OPEN_HAND,0.0,0.0,0.276144915753048,-0.11281951294386394,0.5157518622791145,-0.3500641953953943,0.6892350245232005,-0.591543400014146,0.8526851409095126,-0.7724967022558314,0.34578411630306677,-0.9156971839343698,0.47891699582106034,-1.2444763708306659,0.5551344489556412,-1.460503483380893,0.6185661896369886,-1.6504515879614619,0.18208014859916816,-0.9832836922710072,0.25695361265712485,-1.3712317591217176,0.3020663278505539,-1.6293961576676232,0.33823661323317417,-1.8483114118688093,0.014485308604046208,-0.9566131617068598,0.023999950134266416,-1.3107709039028081,0.044380097660290586,-1.5432172822924302,0.0708679222360855,-1.7476679138424398,-0.16609199954053558,-0.8636885134004543,-0.21847044642849558,-1.1349126833821221,-0.24399804820359386,-1.3256699315642493,-0.2546508954295779,-1.5190257180571594
OPEN_HAND,0.0,0.0,0.2795800038556827,-0.11130137708342434,0.5199792904448158,-0.34940054885195226,0.6918237834877486,-0.5909512694488607,0.856668697346707,-0.7724794673391783,0.3475541126766811,-0.9156069400613622,0.4799817122084089,-1.2437911292565846,0.5571544847499073,-1.4590876222633782,0.6216134818505272,-1.648887016290014,0.18318011485749697,-0.9830793688816759,0.2574313884496489,-1.3694321032481505,0.30269391335036394,-1.6259485930470636,0.3391776966118011,-1.845481295441648,0.015335714809763439,-0.9562974854950882,0.026462632477061154,-1.3096506646554653,0.04780982874575683,-1.5413670926118939,0.0749405898135652,-1.7469876615396263,-0.16479685265154367,-0.8632084929748165,-0.21634522087269636,-1.135552142881229,-0.2414525632119021,-1.3273334781560961,-0.2522903954099434,-1.5214507197858573
OPEN_HAND,0.0,0.0,0.27752991989836584,-0.1126895993952673,0.5175332218864659,-0.3520274897959596,0.6918169923482281,-0.5925033859206493,0.8569550914144853,-0.7757074753726181,0.3484381785953237,-0.9155425901159121,0.4790565713439898,-1.2438322422042656,0.5555457708723822,-1.4611700442307793,0.6188520939184123,-1.6504020712968797,0.18406034486244127,-0.9829149451753795,0.25819686049496404,-1.371267472421187,0.30358563388509974,-1.628888811101876,0.3402069547255659,-1.8484338466395234,0.0161653868591765,-0.9562750373736358,0.025884127985990366,-1.3099640825103613,0.047293742820489024,-1.5430334919386126,0.07460641845853952,-1.7495030641892046,-0.1642288547409507,-0.8636740977768188,-0.2165406358348406,-1.1360936973525864,-0.24161952369743914,-1.3272735155905986,-0.25177742690283783,-1.5210904593485783
OPEN_HAND,0.0,0.0,0.27523886367320183,-0.10943256302208537,0.5157712824911851,-0.3491698802985357,0.6894812767681956,-0.5920360450701567,0.8548974859470064,-0.7725300624369024,0.34778477808594777,-0.9140689975683244,0.4779885632763474,-1.2428122156130468,0.5543284559094162,-1.457677486799377,0.6190039153302094,-1.6477404115804042,0.1842499830021123,-0.9828794146606802,0.2581889363210084,-1.3688463126382504,0.302855215504242,-1.6242721457862177,0.33940422642805207,-1.843076284606173,0.017085135240928362,-0.9565182539002347,0.027593735238107056,-1.3099639234252727,0.048817169916308474,-1.542678639410018,0.07661164979459242,-1.7494713981276893,-0.1625511224772137,-0.8617766896851012,-0.21457829705594636,-1.1341492134945645,-0.2392254900532645,-1.3251105958565976,-0.24939090264685898,-1.5190060485123933
OPEN_HAND,0.0,0.0,0.275623443496447,-0.10979226161812403,0.5163937177571496,-0.3491824308901755,0.6902893326071101,-0.5921503496382962,0.8547707152516982,-0.7725404639040309,0.3456351064830182,-0.9154372288364269,0.47703513272850673,-1.2447684357444286,0.5534959558124734,-1.4586978335248888,0.6178981906036226,-1.6485598086559352,0.18245663267184156,-0.9832139020549153,0.2573454938620173,-1.3693408378980547,0.30270259002616956,-1.6238329375521017,0.3393863938984554,-1.8425316736840232,0.01571842579795137,-0.9566523396386853,0.02581942936276665,-1.3094901934161527,0.047108983563509454,-1.541440657798228,0.07446923386718049,-1.7473594332191265,-0.16411580456166025,-0.8615756696843714,-0.21601411157091638,-1.1350497908616723,-0.24045474839898492,-1.3265380157545685,-0.25128995063654724,-1.5201957270318895
OPEN_HAND,0.0,0.0,0.2733051615829627,-0.1103059600766523,0.5125616500501359,-0.3477732972887952,0.686005951798582,-0.5906180299915541,0.8501471940521032,-0.7712402575690789,0.343758696763976,-0.9148955562497382,0.4741046601227706,-1.2449322163027345,0.5499791906509194,-1.4614013116279123,0.6140774478450948,-1.6536849436866572,0.17915258900729011,-0.9838212997551867,0.25440941497480485,-1.3718107932699768,0.29923689492685973,-1.628848477068073,0.3355458732416885,-1.849004515205133,0.011444782666617455,-0.9567230306897432,0.020946137662828067,-1.3117024020666337,0.041499996396806675,-1.5442757751642937,0.06885573219738363,-1.7499065929697941,-0.1693698113108255,-0.8606551787026804,-0.22258050158708806,-1.1348077226618707,-0.246707033179324,-1.326888327916219,-0.25614939661142516,-1.5215556982842868
OPEN_HAND,0.0,0.0,0.27417799507726437,-0.1107260876034531,0.5136818000459665,-0.34996340724769204,0.6888999675326778,-0.5899432497349595,0.8541439529312789,-0.7686037186750146,0.3454807604836745,-0.915308554481249,0.476885654757287,-1.2447049879934196,0.5528696152394781,-1.4610136854589026,0.6158307201886569,-1.65059634487203,0.18120583437537882,-0.9834451919595331,0.25630206861063737,-1.3712171016710646,0.30129993367897995,-1.6273928648496403,0.3375309339236341,-1.845781296077137,0.013201549013599337,-0.9569745157418847,0.023538739611469635,-1.3113403131769719,0.044326628245682204,-1.5439580799499855,0.07126473024789157,-1.749991065029795,-0.16773409220739785,-0.8625749601288037,-0.2206189899420002,-1.1345432081820748,-0.24482800951679645,-1.324738496783667,-0.2539236751290618,-1.5177764948585613
OPEN_HAND,0.0,0.0,0.27656142782896254,-0.11160486536708634,0.5149268973391815,-0.3473503972272352,0.6889143952988105,-0.5873914820552214,0.8524501633816894,-0.7720293696366283,0.3464891790920689,-0.91506630200365,0.4767232752328056,-1.2436082076746509,0.5522188879573731,-1.4603865836252428,0.6152239638016669,-1.6514507966295968,0.18191053715780459,-0.9833150850419,0.25678670029766465,-1.3721878836602905,0.3013692281410134,-1.6301551664933562,0.3370661929582574,-1.8491004783969474,0.013314094684028655,-0.9557173067916901,0.02303692650894923,-1.3101532349249216,0.04435459003463228,-1.542934557424961,0.07218180292708062,-1.7486476215015017,-0.1679853152834504,-0.8619143423740239,-0.22050656914028444,-1.1343539696703724,-0.245141574990566,-1.3258865119470618,-0.2537192692978843,-1.5204579855132743
OPEN_HAND,0.0,0.0,0.27883176013856775,-0.10774457143376859,0.5194234998311288,-0.34599456994030575,0.6917198342449077,-0.5894144687503423,0.8552805633510236,-0.7706695799943543,0.3475330736221109,-0.9137030884422062,0.4796788113857711,-1.2433769809553186,0.5564229385794928,-1.4601578789905933,0.620184482394101,-1.6511409889095687,0.18207454668132053,-0.9832847295930064,0.25807860830987356,-1.3724886658742288,0.3022884069922909,-1.628655258163716,0.3372937002002687,-1.8462342943539032,0.013921343590183403,-0.9571134291381257,0.02502478675384816,-1.3127522484400862,0.046241199468910046,-1.5445210339709892,0.07328706832594925,-1.7490355372390975,-0.166692689457542,-0.8617506777428742,-0.2195942390435903,-1.135265256371515,-0.24387554066861758,-1.3268436103353674,-0.25346783665969547,-1.5206235633678449
OPEN_HAND,0.0,0.0,0.27583454534075835,-0.10886052429124721,0.5158650752020139,-0.35074746284420516,0.6897149945089854,-0.5934009185343821,0.8542392746952655,-0.7718990456687713,0.3456865334457162,-0.9157129909538135,0.47818261366311354,-1.2446192665827773,0.5550403288656484,-1.460623676082809,0.6188104825599836,-1.6505765634548184,0.18085313127019204,-0.9835101142895109,0.2565403508505328,-1.3724458202148782,0.30111320261151914,-1.628819453588066,0.33631502306509425,-1.846108018829545,0.013074147458298177,-0.956006161954761,0.02366034796480701,-1.3110316288027675,0.04507384257114062,-1.5431731403341036,0.0721111775986084,-1.7476020631474032,-0.16743770403337735,-0.8600705538166596,-0.2204272133817858,-1.1337725047597114,-0.24476796507417745,-1.3255445528812864,-0.25447626392196504,-1.519565610190783
OPEN_HAND,0.0,0.0,0.2766663845713721,-0.10976950147718506,0.5158544764337348,-0.348196434712721,0.6891493687052483,-0.5908825406053776,0.8552097701834955,-0.7735815140742754,0.34621352999453875,-0.9151476483400512,0.477642535408117,-1.2448352904967115,0.5541866699507437,-1.4612385986156282,0.6180324537466104,-1.6522154124159851,0.18112439863906532,-0.983460193509446,0.2561457353986023,-1.3728842518565652,0.3000742948611171,-1.6293789717581555,0.335159791242927,-1.8481546537032363,0.012548065165610857,-0.9552901163753134,0.02345175860079165,-1.3113130541466103,0.044528920926777196,-1.5453557569392733,0.0718915284096762,-1.7524543333217253,-0.16886909603241546,-0.8584223497287293,-0.2218853681248037,-1.1323904413838837,-0.2471567115016736,-1.325391725698648,-0.2580380603180744,-1.520903055523027
OPEN_HAND,0.0,0.0,0.2775974909876102,-0.10933062308033396,0.5159182029202286,-0.3513371630133353,0.6883858298003576,-0.5946204922552837,0.8547560752094998,-0.7733786595967699,0.3468267269486671,-0.9155046375567578,0.4767944661403104,-1.2437822336117859,0.5519518748597726,-1.4595565132877328,0.614262474324448,-1.6491524208316508,0.182064024184742,-0.9832866779823968,0.25564215158677833,-1.371041914893794,0.2990474795270881,-1.6266328128861034,0.33335122290191155,-1.8448847487993523,0.014240535795039994,-0.9551901281022238,0.023957882002488985,-1.3107199069939635,0.04537739381347998,-1.5433125507391061,0.07274848977941528,-1.7492512895867138,-0.16628653918826874,-0.8585674026654987,-0.2195657284013805,-1.1325830098583314,-0.2441509280548655,-1.3244553913061217,-0.25401969989363726,-1.5187198067481176
OPEN_HAND,0.0,0.0,0.2763456460254849,-0.10877195285668194,0.5156606177756533,-0.34948804705021036,0.6887402094242158,-0.5929191753627803,0.8541356699162392,-0.7736395323740638,0.3462491493500459,-0.9146482027739846,0.4780174316114091,-1.2431156995284687,0.5540485695204695,-1.4585224622536705,0.6168057014908377,-1.648280993425708,0.18183552876446732,-0.9833289584258904,0.25706991005837837,-1.372455497336019,0.3009278217797899,-1.6273771234702548,0.33516619415426185,-1.8444540682325057,0.01440942304865849,-0.9561813725207173,0.02449981668455378,-1.3116699516492365,0.0453304319910576,-1.5441873951159257,0.07188377474641135,-1.7508330695397694,-0.16578108063097477,-0.8599400975622823,-0.2190383484699401,-1.1329011751547773,-0.24342927148990648,-1.3239048556664423,-0.25359837044773126,-1.518178939966046
OPEN_HAND,0.0,0.0,0.27637758281511526,-0.11002534302957968,0.5156565773795311,-0.3514143267572555,0.6888762753713639,-0.5939565637791554,0.853793052308111,-0.774054371652585,0.3473006258202406,-0.9147293717886157,0.47819439598770946,-1.243962721711245,0.553354531808881,-1.4598372329625318,0.615135804408649,-1.6501352765935517,0.18269382460288333,-0.9831698563584885,0.2573687706300754,-1.3712916514239855,0.30037844026327115,-1.6273239360083365,0.33321456316799763,-1.8442620589268888,0.014833953876361614,-0.9562728203645738,0.025116650356214458,-1.3105516100051795,0.04666822089421068,-1.5414822044514331,0.07348650629995605,-1.746203095164952,-0.16562116384658077,-0.8614639340681781,-0.21815396976537924,-1.1332651263203477,-0.24242776143286662,-1.3237917620841995,-0.25212282054507307,-1.5175618928176207
OPEN_HAND,0.0,0.0,0.27410866485325175,-0.10959579731966088,0.5106579904014135,-0.3497250459058037,0.6835926328523738,-0.5928894673998654,0.8497489453750152,-0.7744285826417145,0.3448128613156292,-0.9150290449702393,0.47614863089072346,-1.243427397927963,0.5519195289683303,-1.4602463084190298,0.6142660738846324,-1.6509248549310924,0.1807371551643615,-0.983531433530771,0.25588067113251034,-1.3720248487870137,0.2996517381372596,-1.6280217062142524,0.33374268369447774,-1.8461991485399794,0.01346972910374761,-0.9564227708221144,0.02372916998485996,-1.3108533019592286,0.044713692503809396,-1.542467277304495,0.071179091523153,-1.748455427975983,-0.16650254290451688,-0.8613003468068092,-0.21957502135296275,-1.1327337416219379,-0.24339440587602135,-1.3222740684409375,-0.25262494726224494,-1.5150217579283884
OPEN_HAND,0.0,0.0,0.27492053730725224,-0.1109642625594625,0.5113811610463292,-0.35159422682901487,0.6834836407063474,-0.5929862078165146,0.8492228744263293,-0.7741023795824907,0.3460682312210961,-0.9152821108759817,0.4762393546219324,-1.243233621703125,0.5513400700167715,-1.460096456639033,0.6130062968193176,-1.6506141411273,0.1808525852114854,-0.983510214701567,0.25545528873937245,-1.3709130125831828,0.29729593441371704,-1.6252272482148697,0.3297535919252564,-1.8411626600436148,0.012408586536637508,-0.9564081866073201,0.022926891169351846,-1.3091130504124775,0.04355721501560517,-1.5382428486399213,0.0694032779767109,-1.7416731071961284,-0.16867788617751775,-0.8615700908900894,-0.22070070536487355,-1.1337059088534691,-0.24605246137092437,-1.3242757011348707,-0.25690815201285533,-1.5182562831141235
OPEN_HAND,0.0,0.0,0.27436888417092525,-0.10856942955300114,0.5126776277424471,-0.35221697744837327,0.685591246142616,-0.5955851519354516,0.8503142527927834,-0.7744142453474205,0.34834237417607516,-0.9141712110700974,0.4801919253162681,-1.244968684271118,0.5551299585856387,-1.4622443622618493,0.6158843544764487,-1.6524886913742982,0.18334716366615866,-0.9830482274922095,0.25762488151455754,-1.3727520259541544,0.2991586736966906,-1.6292024756708434,0.3301706754194956,-1.8453804957793731,0.014992123469457322,-0.9566718168734903,0.024236001646921024,-1.310908695131872,0.04452946854908236,-1.5402563394697828,0.06942554663202365,-1.742855354127026,-0.16609017981141386,-0.8620772713439218,-0.2192800447788928,-1.1345816546695462,-0.24473947013873804,-1.3246711215334286,-0.25552181394143,-1.5179186550387989
OPEN_HAND,0.0,0.0,0.2756582524782665,-0.10733205301367793,0.5159978246420964,-0.34758270736847297,0.6892788882351822,-0.5912014678033208,0.8543828642700728,-0.7712812134035057,0.350169341990924,-0.9141511895662797,0.48227056966352344,-1.24442771485891,0.5573881671925861,-1.460030783375752,0.6187634754493867,-1.6494033375753605,0.18456201695899316,-0.9828208696888912,0.2589841886626157,-1.372051817156266,0.3015113148847377,-1.6262826727676587,0.3338319212396275,-1.8407463247840679,0.016142770931114332,-0.9557577831005192,0.0259553238705632,-1.3101219394148518,0.0464591961986447,-1.5401754084772528,0.0718202188045141,-1.7435725630009584,-0.16476422144559014,-0.8595446448074817,-0.21686730503722554,-1.131846399587225,-0.24183561729269368,-1.3223825444426165,-0.2530336963884036,-1.5156533607034686
OPEN_HAND,0.0,0.0,0.2742047969216913,-0.10682636805313402,0.5129428627458189,-0.3463902898335745,0.6873621062501967,-0.5888915207505483,0.8522534966995833,-0.7682656602320378,0.34697326813456875,-0.9147539733747762,0.4786996308339323,-1.2444735773118747,0.5542904458963487,-1.4593758266468624,0.6162804719020714,-1.6487260519342,0.18043771823666555,-0.9835864119829766,0.25689778595392654,-1.3715291605410886,0.3002218369737741,-1.6252159504448134,0.33309651443693555,-1.8407955239419678,0.011735989763846455,-0.956884015783087,0.021953574600612247,-1.311173583672885,0.041566604609694184,-1.5417403628524784,0.06651011583483815,-1.7465557569080175,-0.16909169935769144,-0.859900066909108,-0.22217197556154386,-1.1321341502198503,-0.24602871117746236,-1.3217303700524563,-0.25508885091941025,-1.5145013820596933
OPEN_HAND,0.0,0.0,0.27470626285166594,-0.10963309015941178,0.5116313681277987,-0.35127895732671804,0.6841122757430802,-0.5938759103792148,0.850495163990657,-0.7704835696087075,0.3466740328189973,-0.9140143361890142,0.47738474503786515,-1.2437302064261406,0.5533287617011755,-1.4609264958321844,0.6160459184138936,-1.6511146238670196,0.18220682472604313,-0.9832602265032655,0.2556032557559577,-1.3705635341947624,0.29641304089575726,-1.6256348226066908,0.3281949218060957,-1.8433504077750862,0.014839796892011753,-0.9572552718626399,0.0246719281567443,-1.3114999770181277,0.04436930415908494,-1.5423956807367747,0.06967600683196322,-1.7468994684007235,-0.1653115418796687,-0.8614351620780397,-0.21900772786988162,-1.1344665048269649,-0.24454204084007047,-1.3255806146700813,-0.25528909616492196,-1.519075188720312
OPEN_HAND,0.0,0.0,0.2761062093173116,-0.1091056423646385,0.5159684103491423,-0.34959570262506573,0.6886243155373702,-0.5916450642579418,0.8534225905892424,-0.7721824029710738,0.35089717382657915,-0.9133909218963647,0.4818574368691381,-1.2440916382297098,0.5565548624344616,-1.4611192127425283,0.6174290980791293,-1.6520817179497647,0.18552510553417026,-0.9826395245544192,0.25956811733693874,-1.3709589145921175,0.30134629384491124,-1.6271391159715114,0.33263865904473877,-1.843770166700219,0.0171471716511698,-0.9559290126126194,0.026646039447188696,-1.3096643517747906,0.046942973555401106,-1.5409933370495545,0.07254848196247535,-1.7467845160173368,-0.16339369570498818,-0.8604420184881453,-0.2160387769679161,-1.1313669238855675,-0.2407122451560489,-1.3211270589335637,-0.25089818161449073,-1.5140543604236971
OPEN_HAND,0.0,0.0,0.2738358896153405,-0.10912904541945583,0.5114042941429018,-0.3486511482704926,0.6845069735570273,-0.5928099012897726,0.8508989943416015,-0.7711817831825496,0.3462023779031313,-0.9145985024622603,0.4797035863385593,-1.2429689862991264,0.5549872079485244,-1.458821232092401,0.6156585730955498,-1.6498683653053128,0.18272045545744883,-0.9831649074074107,0.25991389617312693,-1.3693869204650362,0.30270758024404804,-1.6243857480637363,0.33434819259797666,-1.8415585436850541,0.015721637555501024,-0.9562504922123222,0.026420654758255255,-1.3098359062150127,0.04655680394207678,-1.5408800195515087,0.07096891135465344,-1.7449398448081095,-0.16437512684856034,-0.8596053227203142,-0.21655407480346536,-1.1307028152836598,-0.2398750443852136,-1.321017356339145,-0.2501556589381616,-1.513075380878662
OPEN_HAND,0.0,0.0,0.2719882838706043,-0.1078353816775987,0.5089748073547777,-0.3493823006463852,0.6846031636411734,-0.5916747054491868,0.8508488818135191,-0.7700195921463631,0.34969567331879925,-0.912086109624162,0.4825394185063288,-1.2412356965254274,0.5578636780163855,-1.458327779970413,0.6187292920738319,-1.64741148994843,0.18575689624218047,-0.9825957335030882,0.2610029463009007,-1.3691092191945933,0.30166437285687575,-1.6228375573573968,0.3318093619731201,-1.8365729339403893,0.018657173650606613,-0.9583764772080849,0.030102794047514203,-1.3118960340582966,0.04960713770480814,-1.5404960796284968,0.07353821950928681,-1.741990250765159,-0.16132773433766348,-0.8649927282815328,-0.21378541636872608,-1.1341723063165672,-0.23807075846151501,-1.3217806152012122,-0.24804579156866619,-1.5114348500522
OPEN_HAND,0.0,0.0,0.2748574707752202,-0.10754000303670959,0.5134971916687827,-0.34816163122816346,0.686952742891645,-0.5909609782068441,0.8530817800235568,-0.7677896975828701,0.3523237555157579,-0.9116818775868687,0.48551280337698455,-1.2421625402697924,0.5596592149505203,-1.4584039725706615,0.6192151723660864,-1.6477284628092626,0.1878906409792085,-0.9821899546586812,0.2643865525007246,-1.3696938732942596,0.30575678550880897,-1.6233593303867873,0.33606854681236864,-1.8358326406191863,0.02030348633527654,-0.9584184874381629,0.03287432223416451,-1.3119538711549426,0.0534931768915725,-1.5387901801579424,0.07846140206027727,-1.7377915171696332,-0.16042135824562573,-0.8657801432107606,-0.2118026023485149,-1.1359615737603976,-0.23556859731598978,-1.3234686811784775,-0.2451879259511123,-1.5122263173789965
OPEN_HAND,0.0,0.0,0.27512751350271375,-0.10960153290886995,0.5174893506843983,-0.3536864950899032,0.6903607986842639,-0.5961509134358851,0.8539512754845363,-0.7677484465116856,0.34967551192566404,-0.9133482148613999,0.4823314458278273,-1.2421672465192655,0.5570786425581923,-1.4558805501211656,0.6174509975990579,-1.6434447221394288,0.18514057273131415,-0.9827120475137776,0.26226645966914225,-1.3697225109473772,0.304195317771458,-1.6228663441792575,0.3349808794204888,-1.8372724284814355,0.018237201445930926,-0.9581588879979303,0.030702184632933324,-1.3127857899475084,0.05139370007489073,-1.5395254700500918,0.0759257469557606,-1.7390967673493627,-0.16198001216101549,-0.8631618115939927,-0.21392615951781702,-1.1340438366196666,-0.23851689236709886,-1.322428896513156,-0.2499339970327612,-1.5122750223153414
OPEN_HAND,0.0,0.0,0.27377451483437587,-0.10697740607891762,0.5156118619465347,-0.3455990965417344,0.6909347949946604,-0.5890743421643725,0.8541705894181869,-0.7672942954993008,0.34930735424685977,-0.9114011474677893,0.48250632104055236,-1.2417701432603194,0.5580365300590491,-1.4578627483495634,0.6196881825843058,-1.6475640127484954,0.18512641143838998,-0.9827147153614543,0.26304764859124413,-1.3701968579810675,0.30457415672049537,-1.625093274296093,0.33513538926068487,-1.8399451703669236,0.01776795269339235,-0.959641855812711,0.03145933274177095,-1.3158617658945482,0.0519999598243897,-1.5431309150353707,0.07648563985266262,-1.7417019875224768,-0.16334160799982944,-0.8666014727115668,-0.21416285240954952,-1.1380737949903346,-0.23758770649912422,-1.3272186114976123,-0.2476311485590383,-1.5176115499518128
OPEN_HAND,0.0,0.0,0.27457965190218053,-0.10736789394714522,0.5166168655247805,-0.34755400717836993,0.6913842599113692,-0.5907145258511989,0.8567319852774571,-0.7676324967970152,0.3498976087606195,-0.9119752199990397,0.48331789368722655,-1.2422295391029197,0.5593082050768494,-1.4574567505049536,0.6213979607297768,-1.647217830550798,0.1853253362785826,-0.9826772205221969,0.26223646803237355,-1.3695703740023253,0.3045314596773688,-1.623839291161957,0.3362335445998971,-1.8391243382253553,0.017564259283154384,-0.9588298889713638,0.030822815230189395,-1.3138000324871055,0.05182853584967335,-1.5431418993411965,0.07742368982515917,-1.7447651573527045,-0.16353757693369136,-0.8648478971945687,-0.214724711706555,-1.1363892011227048,-0.23889169604830435,-1.326270861936653,-0.24992765028018893,-1.5175299215346099
OPEN_HAND,0.0,0.0,0.2790624455014135,-0.1072243809455908,0.5169165133143089,-0.34621021444025735,0.6880349711854565,-0.588198647720258,0.8535505979158937,-0.7670336246595764,0.3510626344289548,-0.9142264437847505,0.4825563985448065,-1.2429425863088652,0.557203503117372,-1.458403597324433,0.6174006857708874,-1.6475798011051446,0.18663185029632046,-0.9824299224143023,0.26204226091420335,-1.3690704032498926,0.30558162936179095,-1.6245719683298192,0.33847936771285964,-1.8400773950889906,0.018933882271293785,-0.9557706856849811,0.029064552220630525,-1.3075252266574389,0.049988247865651265,-1.5382891329047028,0.07625872744128036,-1.7428281692915437,-0.16109954366378137,-0.8611775691138959,-0.2133184289753331,-1.1296726495524503,-0.23712514814972274,-1.3178853182501475,-0.24646415522818874,-1.5086977407145803
OPEN_HAND,0.0,0.0,0.27679282396740673,-0.10577414914971182,0.5169868359073898,-0.3442203089541498,0.6894669631957289,-0.5853764896680225,0.8545026149134658,-0.7651523850086497,0.3491943479503786,-0.9129049184867881,0.48245604018940125,-1.24245634426967,0.5583893078661786,-1.4587982449871428,0.620499361616335,-1.6478690786162,0.1842420299144022,-0.9828809055084041,0.26122906157562487,-1.372768550996498,0.3060666532610056,-1.6275506268043174,0.3409750846575466,-1.842523628120113,0.0164880957584354,-0.9572013201699312,0.02720108355825914,-1.3121051029116146,0.04943567125527638,-1.5414034754260186,0.07695781697968596,-1.7441187626557366,-0.16414705844304533,-0.8620855010244631,-0.21641924778416433,-1.1341910448574462,-0.24052243764266834,-1.3240155933236903,-0.2503547344996916,-1.516232153706904
OPEN_HAND,0.0,0.0,0.2751959400881392,-0.10558464457958985,0.5137502146121038,-0.3478206898853251,0.6868654532304994,-0.5913036713966026,0.852463247219893,-0.7673823474633927,0.34986856478188416,-0.9140843444342661,0.4810621795369793,-1.2413579633435028,0.5562528136204263,-1.4559682298572088,0.618241230912148,-1.6433145623731626,0.18593061475834433,-0.9825628766117639,0.2619669420205215,-1.3682039652842002,0.30451060565187876,-1.6214064074422847,0.3376096440410294,-1.8362668705867706,0.01905821057831993,-0.9564754143069841,0.030262901272163727,-1.3092613527427284,0.05152979343028889,-1.5369304074372703,0.07748370643928604,-1.7378215190205843,-0.16133564320206525,-0.8616072080047495,-0.21243336538129287,-1.1340627689157032,-0.23680706408475571,-1.3241196046077361,-0.24737840736072156,-1.5163316783556828
OPEN_HAND,0.0,0.0,0.2748752559868164,-0.10735295362038977,0.5144714206976773,-0.3446273198428695,0.6902735670334648,-0.58738052417827,0.8555257513076172,-0.7668848010601227,0.34883217054690835,-0.9127398884887378,0.4820419124634171,-1.2421164786009808,0.5584607474172703,-1.4562855303644182,0.6214646405677982,-1.64423543428767,0.18483117701730423,-0.9827702864873347,0.26251063170252437,-1.372188038866587,0.30667958658872474,-1.6246720769530403,0.34111913997503485,-1.8393609165341354,0.01798776170181636,-0.957479356754595,0.029791898364587913,-1.3110418948278493,0.05169621054689484,-1.5398370954608789,0.07885837642320323,-1.7414197627183918,-0.16263605817191498,-0.861727279486191,-0.2140565006929318,-1.1351594230727085,-0.23747088301737612,-1.3253451904146023,-0.24716036051611678,-1.5170798180342797
OPEN_HAND,0.0,0.0,0.27347320548734155,-0.10891394052716909,0.5117201174289299,-0.3450605332104878,0.6847455068387183,-0.5858725735737957,0.8482694123592316,-0.7680428158011586,0.34764034294465906,-0.9126639668742693,0.47909966768558204,-1.2406419906273154,0.5545175103113541,-1.455310952525552,0.6169478003219762,-1.6431607823237973,0.18427038317009664,-0.98287559023833,0.26061986503217494,-1.3696138136431255,0.30449915770911534,-1.6217398558791158,0.33942344417564996,-1.8348975341725087,0.017480034225364306,-0.9576665285500432,0.028848778967552665,-1.3102951297330925,0.05052653922237061,-1.5377589445907371,0.0780300463489561,-1.738330874609763,-0.16258424208509373,-0.8628084884518157,-0.21415761237992992,-1.1340352153800022,-0.23846178216228803,-1.3230417186207968,-0.24870731734415488,-1.5142634952019725
OPEN_HAND,0.0,0.0,0.27395996027543923,-0.10691939368022634,0.5138075834781201,-0.3437184193899927,0.6877982698264467,-0.5875169648044194,0.8511374197622908,-0.7696765416911204,0.3483568839225406,-0.911667753145523,0.4808087738155884,-1.2408945654933814,0.5567536819347075,-1.4571327108869283,0.6193153795090772,-1.6460261932460603,0.18422685746773135,-0.982883749477813,0.2612413819290355,-1.3724611939358857,0.3046811219304265,-1.6264107134518324,0.33884273963117706,-1.8412660181727352,0.016965721282097994,-0.9590909906890275,0.029962263848617717,-1.3142575505410816,0.05212613679546121,-1.5429428131946343,0.07918621315248757,-1.7434424204019334,-0.16387670254868936,-0.8666052128034674,-0.21550227703318825,-1.13983765736736,-0.23946447526930784,-1.3298774811141953,-0.2495328178093638,-1.5211046935514683
OPEN_HAND,0.0,0.0,0.2719060845768952,-0.10997082546243091,0.5105269596985198,-0.34814567802522906,0.6855708767340183,-0.5889766092520452,0.8496990601985371,-0.7708532910384309,0.34622101188975773,-0.9132672434832517,0.47988141346244956,-1.2429497842580446,0.5562239765191849,-1.4591317610869312,0.6180002498476077,-1.6474898574125805,0.18175222286840487,-0.9833443595619967,0.25905177651174427,-1.372894445434346,0.3016630478618559,-1.6276804149169928,0.3338392298652479,-1.842597268336917,0.014043621965319358,-0.9592366969953627,0.026379142281706812,-1.31487939820759,0.04766806404931196,-1.544513205292989,0.0736374171358443,-1.7467028957294406,-0.16697587513895346,-0.8665812408817198,-0.21779576428577557,-1.13860414373319,-0.2416702081509462,-1.3275512859114222,-0.2516126550755573,-1.5182127974538802
OPEN_HAND,0.0,0.0,0.2731625290805739,-0.10953289775043056,0.510774268241485,-0.34803177983264366,0.682694447181401,-0.5892885659789532,0.8457525101179679,-0.7702802887397103,0.3452747115694153,-0.9129377658901727,0.4774807376659965,-1.242008447831627,0.5533228606283986,-1.4590945892766078,0.6152441231339216,-1.6488581615469722,0.18070540126341092,-0.9835372682080886,0.25720147870494786,-1.372288072327631,0.29947592840716314,-1.6274682263334235,0.33209914668652907,-1.8425829523310804,0.012859691854850601,-0.9597487039035525,0.02432299925954937,-1.3145191879343723,0.045498253050150234,-1.543320033745129,0.07151040586389353,-1.7441253712824185,-0.16816952254484177,-0.8672900238847775,-0.22042862851616962,-1.1399952504904407,-0.2447818360070904,-1.3299804293909443,-0.254665539471363,-1.5211991309724673
OPEN_HAND,0.0,0.0,0.2751009642513676,-0.10897749191205604,0.5133306159729847,-0.3479854517035043,0.6891345268194708,-0.590203348821244,0.854084133935208,-0.7711887591706061,0.35011308242123296,-0.911948819569189,0.48153296724398525,-1.2438854224324851,0.5568719436852191,-1.4631011624010846,0.6183098089939365,-1.6546682352720499,0.18530518171095178,-0.9826810213039993,0.26225152050461265,-1.3727792469566278,0.3043476583132315,-1.6298793087588455,0.3367843023958875,-1.8464114836741228,0.016534049657538172,-0.9589734439236451,0.02861302466685834,-1.312215916026852,0.04973595620344202,-1.5430815023588575,0.07599795910038967,-1.745634412186582,-0.1659140843694254,-0.8681382018128028,-0.21810590593330126,-1.1393780255688875,-0.24222675376808064,-1.328923388472824,-0.25103056341819263,-1.5211182063578237
OPEN_HAND,0.0,0.0,0.27187991299426556,-0.10710726320847413,0.509667808438942,-0.34470296140279655,0.6845091334451129,-0.5861136973732574,0.8489872161585781,-0.7667499665723584,0.34584324415722756,-0.912472751167374,0.47717285567321444,-1.2418008881527893,0.5524782229503638,-1.4584488778290365,0.6144967757145372,-1.6474202245515701,0.17911720615823584,-0.9838277422689747,0.25530615520099653,-1.3712880817760102,0.29838485748388827,-1.6225007580631585,0.33234201443953726,-1.8353592725559187,0.010729360734181924,-0.9595406513202613,0.021631687048545713,-1.31435421537344,0.041543632758777684,-1.5448645362514175,0.06689587155174641,-1.7486982610246333,-0.16893075188947285,-0.8646520684963196,-0.21997285876573078,-1.1362837615488601,-0.24248155775467375,-1.3247632075399094,-0.25022194664486347,-1.5146872983698534
OPEN_HAND,0.0,0.0,0.2752685470307297,-0.10873847073845966,0.5132980643066019,-0.34643004575374703,0.6864047585142145,-0.5877512909984465,0.85101143109191,-0.7661596118734444,0.3462826083954727,-0.9117748171495212,0.4783070643781905,-1.2428121147827014,0.5546349888712985,-1.461736197718419,0.6169407688388631,-1.6548868148372031,0.18233886408614475,-0.9832357492706286,0.26064453657641323,-1.372563588155799,0.3034192453062177,-1.6295463038014024,0.3355164421782476,-1.846880366601589,0.014560788739254978,-0.9599899524031174,0.028544304436999804,-1.3153178247339234,0.048593205908275934,-1.5459866308693262,0.07240703848891074,-1.7489687645240377,-0.16641826862920117,-0.8686087815989757,-0.21863040787220614,-1.140458797334844,-0.24314105891951004,-1.3300631201103028,-0.2540777558159759,-1.5212908133757275
OPEN_HAND,0.0,0.0,0.2773426151119666,-0.10767055367752526,0.5177170870379791,-0.34635504095041064,0.6938423812575704,-0.5877462026313844,0.8609777186156811,-0.7669496401515203,0.35066970695897737,-0.9121018026929764,0.4845894839793673,-1.2450225139090099,0.5605117975177872,-1.464836670619735,0.6211265322556554,-1.6580379669076628,0.18586981609534572,-0.9825743796093415,0.26368887413751074,-1.372632621292275,0.3058952347626761,-1.6315505359746634,0.3367555883404742,-1.850028344490049,0.01664796339157667,-0.9587039789533933,0.03029098080734662,-1.3147274527086579,0.051012510871192636,-1.5475916983824196,0.07582995839535556,-1.7531555709832525,-0.16609533289971443,-0.8674980640096853,-0.21764203362971493,-1.1388937428937842,-0.24141869351422918,-1.3294807801613997,-0.2510896565969754,-1.5220081791040445
OPEN_HAND,0.0,0.0,0.2760513966713687,-0.10460808733914541,0.5159681487084659,-0.3506242989754958,0.6909949160250998,-0.593755286074653,0.8584580370132369,-0.7689310370278659,0.3486172149156932,-0.9135345786631222,0.48052478575075896,-1.2448602828736401,0.5566746013410103,-1.4622953681935233,0.6182839496038668,-1.6530275038543756,0.1841545021129813,-0.9828973086500543,0.2601878156157387,-1.37214540565697,0.3032974234481304,-1.6298447870242485,0.33505275221634606,-1.846842390225456,0.016390237611646326,-0.9581735760391572,0.027843399620454387,-1.3137501725980587,0.04921619898946975,-1.5451480091324556,0.07424365206303084,-1.7490695714517415,-0.16403523883661442,-0.8651397074046725,-0.2153616597935909,-1.138729518045275,-0.2398573623412606,-1.329226851659419,-0.25059557069584976,-1.5217150285588232
OPEN_HAND,0.0,0.0,0.274637991614935,-0.10970914528590392,0.5127341057253806,-0.34828449792093047,0.6871570103966608,-0.5880595067324118,0.8546292766068992,-0.7684552544874652,0.34768370991577857,-0.9144474596770771,0.47888983475810426,-1.2456768736203194,0.5543243063256873,-1.4626090993471617,0.6164662082909664,-1.6536836829085884,0.182568639703385,-0.983193110124789,0.2582171727451424,-1.3722465997170747,0.30159977822281264,-1.62866008856099,0.3346876346535446,-1.8450629201039437,0.013832402882747001,-0.957072810690894,0.02509918780540642,-1.3121375618187587,0.04610882953819639,-1.5434152660245193,0.07227970459505367,-1.7479739226146973,-0.16753178105956051,-0.8632650492289863,-0.2192147881838035,-1.1363540948965463,-0.24344057157748616,-1.327599183701696,-0.25345802462284545,-1.5217834181401984
OPEN_HAND,0.0,0.0,0.2754194500015226,-0.10935480336979772,0.5144167893025674,-0.3492838482233177,0.6884038102447497,-0.5897799243767872,0.8543219638006737,-0.7674954458456142,0.3475195776860329,-0.9135992720416746,0.47894460587921434,-1.2435221781855534,0.554707779737352,-1.460047096043483,0.6170906932334251,-1.6515298497636424,0.1830639572927694,-0.9831010057671139,0.25822197808491437,-1.3715779855150814,0.3003779380616259,-1.62788500419505,0.33230311892622505,-1.846127679240501,0.015155559837952845,-0.957506195901486,0.0263698925019543,-1.3130610746388964,0.047095845553248354,-1.5443997751178324,0.07261129501283688,-1.7496504803679287,-0.1656014312103708,-0.8637277303533246,-0.2179018568666441,-1.1368591551136555,-0.2424046819307414,-1.3276008121115552,-0.25273136485679865,-1.520759005461333
OPEN_HAND,0.0,0.0,0.2732534343352411,-0.10900935914068006,0.5106538726528038,-0.349419056951677,0.6822142429292564,-0.5892950316173651,0.8476608720688134,-0.7672969707346429,0.3439238405729448,-0.9146397730689895,0.47463738200017336,-1.244163030150607,0.5507071835851355,-1.4602788625231873,0.6136020724476096,-1.651615615709225,0.17936786792093662,-0.983782073407265,0.2536373121007957,-1.3714266551159113,0.2962734789365033,-1.6268906754054655,0.3289031752316928,-1.8436034728041273,0.011412883729974574,-0.957542202595905,0.022414096353479896,-1.3125313361071531,0.04377955129376856,-1.544160952804207,0.07033790725848968,-1.7498537327019368,-0.16919526766710086,-0.86291558027944,-0.2219736115791513,-1.1357621345597855,-0.24613440556010896,-1.3262312283058282,-0.25590611457351625,-1.5190286533403945
OPEN_HAND,0.0,0.0,0.2759230380604048,-0.10809191942178946,0.5144683970915448,-0.34826824544063106,0.6896222798475048,-0.5915103422597023,0.8568951387636365,-0.771338605971129,0.3472259482754859,-0.912541835659196,0.47859818158031814,-1.2446644815255758,0.5548043297885683,-1.4640330872131477,0.6174880800984165,-1.6575406072443009,0.1821458619112475,-0.9832715214978052,0.25802723505864056,-1.37181235527681,0.2988413154951494,-1.629536871611998,0.3293982975533316,-1.8475789719066689,0.013478225124580754,-0.9593542782855686,0.025954118926997487,-1.3152065382487157,0.04609365844283245,-1.5476373036007807,0.07068226771813976,-1.7526780644311042,-0.16791814200799376,-0.8674662544796721,-0.21963033688483927,-1.1396157356755034,-0.24378977911544258,-1.3300871738183555,-0.2534736531172973,-1.5225447641098393
OPEN_HAND,0.0,0.0,0.275403850765243,-0.10640177680441561,0.514525365451701,-0.3507876026454195,0.688241882039551,-0.5957842870075204,0.8553217527058632,-0.7723578672628941,0.345444088375447,-0.9140474478343832,0.47843270945116173,-1.246075415148013,0.5550931772086016,-1.4645784776651414,0.617470603268654,-1.656363849009237,0.18100020762785035,-0.9834830577283347,0.2579906683957063,-1.3723920424670148,0.30040591378898845,-1.6297894663476267,0.3317716655528163,-1.8475072078080133,0.01359825228034765,-0.9591209702560171,0.02472071822038422,-1.315362444311058,0.04508041225391374,-1.5464931914308397,0.06963397715202838,-1.7504303097460083,-0.16676114103388429,-0.8661861195375351,-0.2189845120145328,-1.1388215757811178,-0.2428401668584832,-1.3285163922767278,-0.2528750577952368,-1.5196686179900907
OPEN_HAND,0.0,0.0,0.2738808652859366,-0.10860073672863838,0.510691132038992,-0.349287988435243,0.6851636218263397,-0.5923618900286829,0.852252653728574,-0.7719044495107142,0.34384338333032916,-0.9139639230888732,0.47697405763378586,-1.2464778654746627,0.5537869045955149,-1.4649966082535382,0.616521375632087,-1.6574400720680065,0.17865495199467943,-0.9839117887939847,0.2554174765780579,-1.3754298607567497,0.29809541726278643,-1.6326914303142466,0.32989051309819456,-1.8501337065605281,0.010265825234102143,-0.9584955047938019,0.02107829081441659,-1.3147925958556403,0.041148392595266405,-1.548459575529476,0.06623229668593757,-1.7551631282964153,-0.17070437651870268,-0.86398767622846,-0.2228680254719567,-1.1369458644936834,-0.24681607301548894,-1.3274966544169158,-0.2565343571448164,-1.5205160032055878
OPEN_HAND,0.0,0.0,0.2751925114033101,-0.1092682134414186,0.5122855287723793,-0.3507237508795662,0.6861941114209908,-0.5928771762547781,0.8532898812882505,-0.7703001746194938,0.34499547420412696,-0.913792874934623,0.47805852028017637,-1.2457053518602157,0.5547390174036524,-1.4644208136560197,0.6171111307383152,-1.6560676615515146,0.18013013593201013,-0.9836427878702286,0.2558824372961079,-1.3726415854619414,0.29643366496747514,-1.629121166032485,0.32591654845873635,-1.8449995668700958,0.011896936009031094,-0.9588317429831245,0.024946731977414288,-1.3153427283800259,0.04482831290437864,-1.548290445101584,0.06900138831288286,-1.7537078515845657,-0.16915581209855263,-0.8654917530192662,-0.22109274764886647,-1.1367698719827346,-0.24509279199795744,-1.326511096760334,-0.2548972049279708,-1.5185037666205132
OPEN_HAND,0.0,0.0,0.2725514538643436,-0.10891375782753249,0.5070035594943556,-0.35350673475374716,0.6794039675114728,-0.59798302950894,0.8467989485186295,-0.7719532889800612,0.3424913424920792,-0.9150443262708713,0.47236657608993965,-1.2443585606879417,0.547206282456517,-1.4613141747732175,0.6079405431078225,-1.6515604064674978,0.17818272397189205,-0.9839974171093929,0.2546519325758224,-1.3700106140754478,0.29611577549253904,-1.6228370659919762,0.32666173910479884,-1.8369652805718872,0.010976518048567302,-0.9584947426809559,0.022708969876540874,-1.3131916355791267,0.042017785570471165,-1.5434496124780999,0.06527432820673632,-1.746551838150199,-0.16886708137706988,-0.8635942754662759,-0.22093132093596785,-1.1367072325128025,-0.2443682446835577,-1.3254027819668897,-0.25380033132252217,-1.516010728391338
OPEN_HAND,0.0,0.0,0.2745317600062154,-0.10745626211532347,0.5137065640789941,-0.3519521217693664,0.6873035697543908,-0.5971213665172754,0.8538463889934593,-0.7732657736754251,0.34600657315025346,-0.9136598796533754,0.477558559752045,-1.2445118854478163,0.5525871507895094,-1.4609398843232226,0.6129410807450609,-1.6514946130955865,0.18127867001257822,-0.9834317687559574,0.2573541122030599,-1.370064178015589,0.2977508899254556,-1.6239280899072235,0.32711931521251136,-1.838217494137004,0.013088087000380902,-0.9594980626333859,0.027956883572121,-1.313090426321109,0.04912803928655892,-1.5423252784045909,0.0737674864179678,-1.744532434769323,-0.1684234023265659,-0.8670360807305212,-0.21834225121759684,-1.1380243904693066,-0.24177062003346836,-1.3261026381039098,-0.2522833075361119,-1.5151728154122435
OPEN_HAND,0.0,0.0,0.26989099517321985,-0.1092886564326531,0.508642992444766,-0.35431878018814994,0.6826923036890853,-0.5972053682759186,0.8475406475831132,-0.7719199516685571,0.34051685303306656,-0.9154573277554049,0.47257248173134336,-1.245102117412012,0.5474642231573851,-1.4586330511883947,0.6079363782446561,-1.6471707495053778,0.1770604741600522,-0.9841999738316484,0.2539024426174165,-1.3693915954491795,0.2946212880354399,-1.6235375783806882,0.3234304645452632,-1.8365609579540951,0.01043527394216757,-0.9593157720612557,0.023146090496505185,-1.3113901961290695,0.04328744582750278,-1.5400794313904869,0.06649317156220942,-1.741112319048231,-0.1689663296888351,-0.8657205868360998,-0.2198716713088244,-1.13520472922654,-0.24359286690187715,-1.3227663617685692,-0.2537036584900783,-1.5118668453275013
OPEN_HAND,0.0,0.0,0.2709608311916882,-0.107789724615827,0.5061205156585699,-0.35138375222117546,0.6797875971559323,-0.5948618528365591,0.8460304714119854,-0.7721042226825386,0.34184768610261695,-0.914397461571333,0.4728047174357657,-1.2440103869245267,0.5473024481388429,-1.4603651425346518,0.607262410605511,-1.6515070870644826,0.1781996006640412,-0.983994360920415,0.25483614862550413,-1.3678962289344725,0.29487714052487085,-1.621452479319128,0.32393649006685193,-1.8350411741009345,0.010667127910792211,-0.9595879208432128,0.025941758564934466,-1.3112916029915191,0.046464763499865724,-1.53945115400071,0.07045897243770134,-1.7404723632893084,-0.16984785848146308,-0.8667594431396621,-0.22045284611831142,-1.1372738840070558,-0.24427530695910474,-1.3251738005290306,-0.2543204282481761,-1.514484479486378
OPEN_HAND,0.0,0.0,0.27134138295861127,-0.10982718702509331,0.5087685663722259,-0.35149689510205956,0.6814242343134354,-0.5934399374454602,0.8448608335518929,-0.7714046345634253,0.3426563442708883,-0.9148488357094514,0.4742157520816988,-1.2444870988903574,0.5487561054402164,-1.4609592514896128,0.6082214538747814,-1.651417423485499,0.17910239733689345,-0.983830438270832,0.25521311091373894,-1.3689859677638878,0.29415322639442887,-1.6232644710659139,0.32158957078303485,-1.8368586237298028,0.011894691565631815,-0.9588671011610432,0.025174956505856758,-1.3118006707429173,0.044733025017854665,-1.5420980276063383,0.06769513074673825,-1.7446585154950212,-0.16897221441269383,-0.8650712312250582,-0.22125729109867878,-1.1356200402156404,-0.24595295859197025,-1.324407915642731,-0.2571341427771149,-1.5142379674024438
OPEN_HAND,0.0,0.0,0.2715488390857438,-0.10956034136132117,0.5092514587743181,-0.352015920535617,0.6812361364015316,-0.5944514987782793,0.8447447049300945,-0.7713633106708554,0.34183627970635516,-0.9142512758448509,0.47407946333744727,-1.2423272717469034,0.5489953338337292,-1.4574793172314493,0.6085206064912553,-1.6473681621591834,0.1786149864636938,-0.9839190447443196,0.25585370325223616,-1.3696452259632645,0.29486171070196754,-1.6254885715901906,0.32154033433133744,-1.8404089396166492,0.01193615121806862,-0.9592989693820542,0.025331596599808093,-1.3115891884086437,0.044273252702230446,-1.5415175174032045,0.06626433655976316,-1.7443451793002973,-0.16769257294121218,-0.8660639122538579,-0.21815682830297448,-1.1346392795034326,-0.2419771045062319,-1.321704540529084,-0.2521290059481688,-1.510298087027225
VICTORY,0.0,0.0,0.19130068816085213,-0.18225755250182904,0.27430285324895326,-0.5306798557962806,0.19561250475307929,-0.8546041883751838,0.035373899104025414,-1.0973938722272687,0.31637200672183724,-0.9757871008287349,0.3623876098638474,-1.3718607337741595,0.3697895093601485,-1.6319837883515704,0.3626498950090649,-1.8511096374408995,0.1649628774842978,-0.9862997764635764,0.19712426405246836,-1.4398202627857866,0.21980238331832208,-1.7243791443096055,0.2243095363560227,-1.958560442623685,0.0034337315408465995,-0.9088448076587698,-0.010029107418890798,-1.1216622313257043,0.028847522029449537,-0.8362511473100233,0.04308030306911481,-0.6481669437609917,-0.1564848016642632,-0.8225464601765692,-0.1357615844309373,-1.0136074143331701,-0.0831436222450724,-0.8087003158861438,-0.05242224134594317,-0.6367796426248042
VICTORY,0.0,0.0,0.1921114602211082,-0.18899158521638154,0.2697883497882004,-0.539110538374538,0.18831438728617475,-0.8557586344336665,0.032337789342633184,-1.0896213799163548,0.30969239664316195,-0.9786427421517553,0.35373878573424594,-1.3656607239948384,0.3623095958610546,-1.620718748260834,0.3573178974967085,-1.8360594315552528,0.16119330897850612,-0.9869228526792557,0.19275714875418717,-1.4299351931368285,0.2159934233256451,-1.7114805502553574,0.22203738308923562,-1.9421500470363782,0.0004023800834831026,-0.9079242201350638,-0.00781185293429644,-1.1219370618593902,0.030995654195214883,-0.8378587557846505,0.04330223369198053,-0.6521649847289533,-0.1590164289152419,-0.8175822046248563,-0.13390102537797563,-1.0149923892512758,-0.08080044913841848,-0.809603466234401,-0.05216780914675916,-0.6361051024073774
VICTORY,0.0,0.0,0.1957721861574241,-0.1858344343917898,0.2785617745521327,-0.5266062251502485,0.20036674948903685,-0.8417703512974245,0.04255447811475943,-1.0797260959661057,0.3171614840396982,-0.9768437273514354,0.3629760087351884,-1.3675197611260859,0.3698782886472384,-1.6282821320333118,0.3626048330601614,-1.8471619565065451,0.16601488248866425,-0.9861232472628738,0.1998206129447706,-1.436457288428866,0.2231581394718632,-1.7219685880893525,0.22897646861993282,-1.9575001036338662,0.0033974289537228503,-0.9073433548374035,-0.006600115512924787,-1.1201055025502133,0.035096138886861805,-0.8343660431612347,0.051402197417702224,-0.6464374558405929,-0.15799561858595,-0.8174112914404928,-0.13092783414092868,-1.005501715964734,-0.076148629473597,-0.7979247605552167,-0.04561152399429829,-0.6249228384798327
VICTORY,0.0,0.0,0.1892029640588008,-0.18834075865573893,0.2696085138984523,-0.5286926536151941,0.19325272248995223,-0.8458540209489321,0.03898414677436983,-1.0906997540504646,0.310795353856662,-0.9807627153889054,0.35625952106147735,-1.3649933623968378,0.36524820314180506,-1.6228781082700725,0.35835055991731013,-1.8380070038218264,0.1619037987834046,-0.9868065463602796,0.19750385293522585,-1.4275758675827093,0.22085702963329046,-1.7109152568627988,0.22522178552511804,-1.945572850456027,0.0013770488505981447,-0.9072478780666002,-0.008187517767748105,-1.1155996865475617,0.029583373748817633,-0.8353590227920162,0.04254137990669255,-0.6512245039462587,-0.15720185445113183,-0.821333306226456,-0.13354741453774957,-1.0075274532002356,-0.07916469892219187,-0.8050139706860248,-0.04680535441475514,-0.6319395887598981
VICTORY,0.0,0.0,0.18755173812201992,-0.1833124420184703,0.2705702773375851,-0.5371436623888256,0.1970170208269556,-0.8617070381376657,0.02752024325781626,-1.097077407423819,0.3085912065269898,-0.9843303790122573,0.35934258881820624,-1.38066152223006,0.3694770271961016,-1.6443455852272624,0.36293663456941905,-1.8601499328448319,0.15606546685974138,-0.9877467135120476,0.19520414698403596,-1.4495018866625367,0.2230482396797237,-1.7372451406481904,0.22844420535335508,-1.974611958597895,-0.007638619809150045,-0.9075547368295322,-0.013954006021776273,-1.1189548351877718,0.03531962795902547,-0.8280792754174369,0.0507042159982356,-0.6355861593225781,-0.16834983765785555,-0.8212437712854913,-0.13525739947599436,-1.015812204271509,-0.07538391436565665,-0.8063418000965911,-0.046310340745968584,-0.6275263934875769
VICTORY,0.0,0.0,0.18973792076619078,-0.17518736147806352,0.27821836636984454,-0.5259077713309289,0.20340736834007503,-0.8580946850493368,0.03511516087714286,-1.0986168700109584,0.31935653661399416,-0.9807979384938725,0.37239348376734355,-1.381324292632903,0.3810650265762784,-1.6487271426678947,0.37275645500891885,-1.8727338112441392,0.16328013733266525,-0.9865797467780423,0.20184800853783288,-1.4545383081699772,0.22788895335433268,-1.746301557869148,0.23102573704853374,-1.9858763528017385,-0.0052889445413575676,-0.9068713660940854,-0.007394775546902332,-1.1249735465250619,0.0457446430794088,-0.8293478305634993,0.062072435884959365,-0.6313362967920627,-0.1718646086300156,-0.8168222687283712,-0.13313851419297618,-1.0185599433657038,-0.07323506864883031,-0.803129948638011,-0.04964596662831363,-0.6195860612824765
VICTORY,0.0,0.0,0.19381849608477852,-0.18126179402577658,0.2771255954997388,-0.5342932557128752,0.20134253789356144,-0.8638265116743078,0.03149859795745511,-1.1158247371042052,0.316443618425735,-0.989250987760595,0.3714052121739415,-1.3875326579443799,0.38356214705757263,-1.661232267765867,0.37746341915041515,-1.8816640325145912,0.15787964339284577,-0.9874583627688551,0.20027797829715005,-1.465630129484662,0.23249500317613014,-1.759674524901869,0.23955685721729147,-2.0035019472604185,-0.010917309130381966,-0.9076418333634142,-0.009682994372902022,-1.1291588771488348,0.042829050104404465,-0.8247611872383689,0.05677113524498908,-0.6274565141899542,-0.17773647305628565,-0.8288458019598547,-0.13545727493361967,-1.026235450940577,-0.07535437500939628,-0.8041387873699709,-0.052509684034742383,-0.6210017528627109
VICTORY,0.0,0.0,0.20413032458834182,-0.19045996677621535,0.28514827803506093,-0.5453471391067554,0.20525383396301905,-0.8708531030769255,0.036954986404827604,-1.116462853875321,0.32366708308136644,-0.9898765605586233,0.37881411517062913,-1.3900432508472287,0.3908295784661508,-1.6663290599658922,0.3836466404181911,-1.8918925519933658,0.1645655884667478,-0.9863661425112852,0.20722487315407523,-1.457604776505051,0.2368645666420536,-1.7542172794633728,0.24091763965183866,-2.0065210415613848,-0.006547503632865573,-0.9059245224441462,0.004178548046380756,-1.133936317457226,0.05973987708415245,-0.8280660500755711,0.07294030958950894,-0.6335237873828753,-0.17821760005942425,-0.822740928835776,-0.12470652656740545,-1.0203886823036628,-0.06356971591655804,-0.7955785646734622,-0.04551611866675836,-0.6137968838748085
VICTORY,0.0,0.0,0.20122480631862547,-0.19451318065817028,0.27707169085835526,-0.5521403409685245,0.19783193527207366,-0.8733833323703851,0.027459320595086757,-1.1251787684680254,0.3188410433224389,-0.9973413324484276,0.3701776301269439,-1.3931170645105173,0.38290943335156663,-1.6701523840215182,0.37685857564008035,-1.8861950473341624,0.15978325389337789,-0.9871521219018092,0.20323523908524863,-1.457628583149319,0.2357081798312979,-1.7488196833835223,0.2437759465025514,-2.004281429793796,-0.00888468283269526,-0.9045554087036837,0.0021216401236419723,-1.1297500450024225,0.056623646221549105,-0.8257031126324741,0.06782471288485399,-0.6368706654351945,-0.17628845357383388,-0.8244141539485337,-0.12702084693861784,-1.0142888103293566,-0.06392447462592693,-0.7896504724800815,-0.0427927872291186,-0.6089387789888702
VICTORY,0.0,0.0,0.2094024049179922,-0.17975330647952384,0.3081008762001077,-0.5470810397423456,0.1971249716496286,-0.8709573285150823,0.025731294352589563,-1.099882200218919,0.32808559652380287,-0.9748456904344198,0.38579685443268197,-1.3822608369839267,0.40164697007460143,-1.6467415238387302,0.39851474475893894,-1.8769071779505884,0.16668531423632457,-0.9860101449873312,0.20312126736729333,-1.455998652069811,0.23388463808085527,-1.746817506782962,0.24217344487297396,-1.990857364184516,-0.004996956216708644,-0.9067314965335158,0.00037927168685563485,-1.116808428126511,0.05647028146691131,-0.8142934658478369,0.07028614521678037,-0.6188350517621936,-0.17675179536562385,-0.8030050882812804,-0.12026469762337448,-0.9995705307080256,-0.05161697504837906,-0.7736361101831551,-0.030130173269101404,-0.59085406315928
VICTORY,0.0,0.0,0.2177222264797853,-0.189205826641481,0.303436174272936,-0.5568952530179239,0.20114392948990417,-0.8840685093434756,0.02675095314735342,-1.112344137805223,0.32491453542996357,-0.9835001131664386,0.38530493866556714,-1.3884142382972908,0.4027193364029385,-1.6598777284485315,0.39812489129239736,-1.89117667547109,0.1653391331193797,-0.9862367723114628,0.2056748306848014,-1.4574301780578505,0.23839134098809273,-1.7560995233187426,0.2446526814825321,-2.0096265461690526,-0.005761789548643811,-0.9055766364895013,0.006109792785235603,-1.1330457360667414,0.06683745761792294,-0.8269201399791479,0.07937515101864429,-0.6329437312226626,-0.17855128500559683,-0.8083285620855701,-0.11556923475832759,-1.011331571714426,-0.04783866805311571,-0.7848431967660042,-0.03134060981618619,-0.6017611399828536
VICTORY,0.0,0.0,0.22276326289876336,-0.17240481266730748,0.32115557792721466,-0.5343100369266056,0.22184642932799328,-0.8657371907884436,0.051058219007622474,-1.0924806432776464,0.33068042768373984,-0.9744351679096696,0.38312537767953236,-1.384096846088712,0.39558111960014053,-1.6498047228015802,0.39145766465807813,-1.8786995487109561,0.17332973119020076,-0.9848638506339507,0.21348063830784902,-1.4536804716341,0.24700427783030748,-1.7511003764772786,0.25964370986315455,-1.9964720760952541,0.005427784098192889,-0.9086047711787186,0.023406583192813624,-1.1391537136128829,0.07526178444093197,-0.8400692141469643,0.08501294817728959,-0.6392640990982403,-0.16614369638387286,-0.808674504217585,-0.10432854559576754,-1.017304818047688,-0.04133021057414569,-0.7902806560207681,-0.02422342207572406,-0.5977633283741037
VICTORY,0.0,0.0,0.21199155388246874,-0.17125723358861758,0.30689288894706496,-0.52882698669365,0.21593865365965642,-0.8585693795206021,0.05020636250015296,-1.0885004712054982,0.3236718986114535,-0.9735827426510998,0.38400734354060095,-1.3729694812778024,0.4025746430658188,-1.6363589942503238,0.40222713667833515,-1.8674727327653244,0.17145259405957972,-0.9851923710576737,0.21669056133618017,-1.4362142374090068,0.2514590356772831,-1.735074205524868,0.2621397429439517,-1.9831114283980968,0.006591114528167252,-0.9075199628677512,0.019279764331786253,-1.1281225920642057,0.06672499808135146,-0.8278806531822256,0.07412568230986699,-0.6256720817320927,-0.16124379484155066,-0.8054208474145719,-0.10233916079626262,-1.0125297959138124,-0.04084075850856056,-0.7929875853993998,-0.024031511441434762,-0.6038090970890798
VICTORY,0.0,0.0,0.21410956598644587,-0.17161070791909533,0.3116034363256605,-0.5306419440223094,0.217405471936585,-0.8570858052361366,0.05412067820519348,-1.0971917647204494,0.33777966691235384,-0.9730174172076476,0.4046254003129187,-1.3761456018851363,0.42376326082850024,-1.640396239762651,0.4218515574373669,-1.8723398313993649,0.175337775685394,-0.9845083363881174,0.21742074052068072,-1.4424181564718646,0.2505658978692302,-1.7358809816448493,0.262962838219766,-1.9884333286934641,0.001950737302775626,-0.9075378068292721,0.03101554123628404,-1.1244868822605016,0.08076205758184941,-0.8205924837709614,0.08708778725301149,-0.6251157650897339,-0.17461338039224933,-0.8045657090641425,-0.10199886927092675,-0.9990754600094993,-0.04069908170272652,-0.7675564500041673,-0.029563300844383092,-0.5823046996145345
VICTORY,0.0,0.0,0.21003370084592227,-0.15552870335549532,0.31160195393868845,-0.5118262220602493,0.2330228204448196,-0.850199687762139,0.06979545799762345,-1.094433898350441,0.3323759272909574,-0.970803453873301,0.3988471366495691,-1.37670459898239,0.41915098720217103,-1.6430841549606992,0.4195873386432282,-1.8752345911211272,0.17625170107212673,-0.9843451314804079,0.22341862837344376,-1.438904559830934,0.259071051657869,-1.7359235313655303,0.272406405379733,-1.987861434889552,0.008773607808206999,-0.9097835789897656,0.029418230485045733,-1.1328746251846937,0.07904951117171406,-0.8338902880180931,0.08690020509670378,-0.6318093598075246,-0.16050392539371716,-0.8118899683114745,-0.09426580212905797,-1.0176156544701256,-0.033696169547290857,-0.7939717775067084,-0.02090459841859008,-0.6028493365673157
VICTORY,0.0,0.0,0.21305487575002682,-0.16962889911164494,0.3123295619678497,-0.5243169517037983,0.21795754421203795,-0.8462576705269625,0.0510672145239417,-1.0739918029255777,0.33177530884844636,-0.973669300882455,0.3927361239640048,-1.3633428016718856,0.41167233730067404,-1.6223674129603667,0.4110976147336804,-1.84790378003588,0.17659479384915344,-0.9842836373654573,0.2199453680972189,-1.4238790685463147,0.2519557002417944,-1.7130015904845068,0.2618387091932998,-1.959692615136199,0.010474375524388306,-0.9067235786492235,0.032650874189403864,-1.1191646436366076,0.08086685702266024,-0.8211461527325238,0.0876842796621795,-0.6227004270608246,-0.15990602567134662,-0.8073298625711018,-0.09860728679985507,-1.0020311912815365,-0.03895567405662987,-0.7819396837689719,-0.02299344195407914,-0.5958246446421263
VICTORY,0.0,0.0,0.20817989496024597,-0.16812570926774986,0.30222401439328733,-0.525817647555022,0.21371420135709332,-0.8496945063171323,0.04796327767762388,-1.0872503653603662,0.3208051791071693,-0.9804588632004739,0.3816720712777362,-1.3714062073769477,0.40194003711596316,-1.6331137406349412,0.4030015347138529,-1.8581076872728377,0.16706032156162812,-0.9859466765295806,0.20865260585411646,-1.4251139200396288,0.24143931644504196,-1.7193146489480744,0.2491605538487723,-1.975160416537239,0.0021928289129121716,-0.9061065971252349,0.024163721001542522,-1.1257591741858555,0.07334855540769904,-0.8194038648501722,0.07758676558279393,-0.6221317078851231,-0.16444309438933977,-0.810966094607578,-0.1053948905609192,-1.015189498521144,-0.0482347068423284,-0.7922945789928234,-0.03700283499025155,-0.6064646106991043
VICTORY,0.0,0.0,0.2063855862512053,-0.18416817099117327,0.2937202503858365,-0.536791407579097,0.20487037522051188,-0.8535713772643134,0.03854631699770826,-1.0853979159683005,0.31726344408972085,-0.9819311477718777,0.3780345414365047,-1.3705399597626728,0.39502205689950126,-1.6321381856930726,0.3932595536417685,-1.8546015740783752,0.16497187780721034,-0.9862982710786645,0.20730953043012088,-1.4230059829726933,0.2384646060765487,-1.7182378242607104,0.24655784027929598,-1.9703590530722945,-6.915693779899113e-05,-0.9058347981096267,0.023348580588309208,-1.124847080533935,0.07123601505357993,-0.8278115414223484,0.07665409911727959,-0.632039235730961,-0.16711898851143894,-0.8116547830370635,-0.10804978847780047,-1.0082302579302536,-0.04984161728616298,-0.7927627054802056,-0.03533907038326678,-0.6099432196081302
VICTORY,0.0,0.0,0.20699416874820864,-0.17840536641375723,0.30095101516678635,-0.5351235152458101,0.20480422035960108,-0.8526906125199237,0.04065922238427957,-1.0794315624834512,0.3195522877967475,-0.9760629040895744,0.3776222923787789,-1.3662355684569187,0.392970148435066,-1.6238586462866857,0.3891353991998614,-1.8476500099042332,0.165632767880829,-0.9861875005312811,0.20652257681984318,-1.424193898273535,0.23679217795600033,-1.7135056578060155,0.24427900396097044,-1.956746273613035,0.0003157463618808847,-0.9072707494886588,0.02161031487060072,-1.1225624780834977,0.07154983503716511,-0.8265282720018393,0.07916886150465756,-0.6288532064571939,-0.16687104762605956,-0.8071055971587734,-0.10553982795321612,-1.002262677489921,-0.046248076482286564,-0.7863802580129859,-0.031195690643321724,-0.6050641106745271
VICTORY,0.0,0.0,0.2110483167040809,-0.18299408554964805,0.29528107939183323,-0.5406723713702232,0.20418952634461948,-0.8626355866130354,0.034840891429897644,-1.1020859825822513,0.30593110190650263,-0.9884891563749193,0.3675007171031035,-1.3778968104175597,0.38275757254960036,-1.6420316823876395,0.3801296643811357,-1.8647706307749052,0.14999504049837514,-0.9886867490898676,0.19254317191645948,-1.4289443012917207,0.22577590594982355,-1.7199010728599522,0.23306135668492542,-1.965032946337111,-0.013631024618126895,-0.9041215635128392,0.00041729283226427783,-1.1212337408454787,0.051309220036091424,-0.8248524122589684,0.0577143090446998,-0.6317536201197231,-0.17529796171293444,-0.8057051535980544,-0.1221372779536854,-0.996896963707066,-0.05590337555921648,-0.7798664713526667,-0.03460414238363696,-0.5949216885703628
VICTORY,0.0,0.0,0.20811671482866034,-0.18797906772524658,0.29669535337923547,-0.5460915079130971,0.19876992271311517,-0.8643449591702143,0.02395573595343915,-1.0859615437110262,0.31302242457285057,-0.9797156895786574,0.3695227655076929,-1.384695871187431,0.38045112624189653,-1.6485307604259822,0.37357141954854267,-1.877306229993616,0.15562613742055276,-0.9878160280900281,0.19359287555736857,-1.4449172009549145,0.22348522323687406,-1.7463090889851418,0.2322589484747871,-1.9954039683025155,-0.012657789067240582,-0.9075644420706075,0.001581379216803957,-1.1149920498188057,0.053822830052350515,-0.8168252965662537,0.06478825041607597,-0.6174583792078935,-0.18105371518496888,-0.8074226309036441,-0.12196065226447943,-1.0034656719842059,-0.060223476321833856,-0.7893718765665771,-0.04265771700007703,-0.6079973777741114
VICTORY,0.0,0.0,0.21347656789963998,-0.18294580451572587,0.30704451686248446,-0.5447491491368439,0.2048207882556244,-0.8613502357989028,0.02998662646747713,-1.079088328452498,0.31841361768141874,-0.9759996197647324,0.37677661302396537,-1.3739065683681426,0.39070087909935824,-1.6354555496830188,0.38636968518434645,-1.863490203098884,0.1618130144671923,-0.9868214369119878,0.20081767504213763,-1.440349424210324,0.23224048060203803,-1.7350251790486135,0.24010271150914017,-1.9781015742613908,-0.004516034317923635,-0.9076541098330616,0.008581075674571843,-1.1169402696472144,0.061368209533708064,-0.8197609563384343,0.0702309198024339,-0.6214197147366018,-0.171536299359485,-0.8048317425089742,-0.11471011634199903,-1.0057890705487493,-0.0511867570781883,-0.7895918810020293,-0.033736551754197056,-0.6039605096926186
VICTORY,0.0,0.0,0.2030245586981363,-0.17700832014178025,0.2939776070407604,-0.5312915452524071,0.2020351910652915,-0.8487042114218228,0.03622193177394763,-1.07837717767233,0.3127052537207683,-0.9778486651715945,0.3760152702759528,-1.373296091982746,0.3926258829889057,-1.6328962714227466,0.3893992053238366,-1.8594001323182554,0.15800407605904157,-0.9874384598286258,0.20217686901094367,-1.4308164618171504,0.23512431307102438,-1.7234784164156003,0.24352010808006844,-1.9673736206114987,-0.00750386225313409,-0.9076377311540703,0.011301945095654522,-1.1165658921997679,0.06061876137377252,-0.8164662209261673,0.06773676399223735,-0.617287054490566,-0.17287575469346886,-0.8069357507799478,-0.11425024682009935,-1.0027389270158837,-0.05244868736736421,-0.7857563997913003,-0.03464826777248351,-0.6015452830308968
VICTORY,0.0,0.0,0.2011333627041317,-0.17824741424237392,0.2908681022779088,-0.5338180866660263,0.19754292874969695,-0.8522211558130369,0.026876975267065777,-1.0724317668978671,0.3129067198470647,-0.974576412916509,0.3775531894622702,-1.3707473398290997,0.39427290070418636,-1.63013340219648,0.3917965882234056,-1.8562800254444685,0.1576844409854062,-0.9874895528921407,0.19915907483702727,-1.4353991940934416,0.23088786942484413,-1.7279556969366283,0.242329998391033,-1.9735316369617608,-0.007316736381266345,-0.9092135345173568,0.009956967599713,-1.1104726851298041,0.059967710413212444,-0.8182041984032192,0.07061084510462903,-0.6225613620645022,-0.17153933105012578,-0.8079297869532519,-0.11746386687278793,-0.9962259582794557,-0.05560157392213056,-0.7872256857991494,-0.03429933842848578,-0.6099795658473608
VICTORY,0.0,0.0,0.20126149611128394,-0.17668498585214804,0.29479783329157566,-0.5275563804832857,0.2037720771579696,-0.8477613739938107,0.03578440777124373,-1.07084071719798,0.3147035474346693,-0.9728815409798199,0.3775503508370299,-1.368218779590978,0.3938546228391413,-1.625477561793369,0.391415565468056,-1.8507476301662769,0.16068975364767005,-0.9870049660830745,0.20050124445455272,-1.4331784073755405,0.23188450786925102,-1.7223361236887416,0.2437589385156032,-1.9645494255713094,-0.0035764963834957267,-0.9092359731723278,0.015466682245102533,-1.114897050622771,0.06464833724189266,-0.8247577593909283,0.07434117074104268,-0.6275294733434379,-0.1683866139444234,-0.8077001130085858,-0.11508515772063473,-0.9997051700749947,-0.05412954283508839,-0.7913176901371558,-0.0336475129212918,-0.6114699073433368
VICTORY,0.0,0.0,0.19187134950419285,-0.1791275860098813,0.2812533647188503,-0.5334081994200244,0.19198495283353334,-0.8475060128235757,0.025954216694290096,-1.0579410063123527,0.3062717716508222,-0.9749935011202142,0.3704911167917507,-1.372620109817982,0.38844592669643546,-1.6287290009371391,0.38683666044471365,-1.8531810125692045,0.15447784462721184,-0.9879962527860777,0.1955874807924876,-1.4303261143211332,0.2254987451059723,-1.7203804031208547,0.23649265589162727,-1.9665061601970353,-0.008503611143798367,-0.9080299781346134,0.004810163131356551,-1.116131834678515,0.05324101352824943,-0.8342343023154558,0.06501575246345807,-0.6418691553446179,-0.17245365525706816,-0.7992222921362675,-0.12242899314804563,-0.9921343303952526,-0.06266435672785486,-0.7869364316940646,-0.043017710954675895,-0.6107928181593012
VICTORY,0.0,0.0,0.19866507971709252,-0.17383252093515572,0.29227263669910647,-0.5255079206824593,0.2039110890189314,-0.852160889715969,0.033820693181742516,-1.0684850693887358,0.31885344429292584,-0.9708662705233957,0.38223581442635784,-1.376723681340883,0.39571148069352663,-1.6398558701063977,0.3915014636716948,-1.8694958371865187,0.16183219809593638,-0.986818291105023,0.20287787504454508,-1.4407194255834141,0.23186090670739537,-1.7366548162403663,0.24387985682293592,-1.9832809650261443,-0.004656250790516515,-0.909456371094106,0.00649409995866956,-1.129443367868028,0.05703305778359139,-0.8463272056320233,0.07165117595069119,-0.6422455033906516,-0.1710022483705943,-0.8025671240919021,-0.12177603995149609,-1.0069928310837755,-0.06028487508279821,-0.8023456173619536,-0.03811033391693378,-0.6177931304755961
VICTORY,0.0,0.0,0.20774857709855546,-0.16896239753972767,0.3022771086548967,-0.525372684030831,0.20719568950574643,-0.8481467200348134,0.04333773470928123,-1.073802870765885,0.32741503912992415,-0.9722776397916394,0.38771809436629323,-1.3755502796909367,0.4037646037644833,-1.6402852852813157,0.4028116778892523,-1.870156671857276,0.16988527448569307,-0.985463846882736,0.2133597222938741,-1.4416871471354702,0.24370532914864734,-1.7389934132548117,0.2550465446885134,-1.9857935915326428,0.0026735288355481347,-0.907472581550329,0.013019063892581168,-1.1230579575183925,0.06280702679451777,-0.8259577775016675,0.07704488288151941,-0.623881841081579,-0.16479874674888495,-0.8032199496643886,-0.11210296230287675,-1.0018506143467754,-0.05211577022995092,-0.7831640364103599,-0.03336473014107184,-0.6010261045493381
VICTORY,0.0,0.0,0.2096150243122747,-0.16608446194006432,0.32047275852632795,-0.520329510608805,0.22773282047605642,-0.8494591883973809,0.06081859043212667,-1.089151773179852,0.336749706357435,-0.9699981467712241,0.39388730288438656,-1.3764840868476622,0.41123909045828944,-1.639150157273911,0.41137325376427325,-1.8689054576440287,0.1775225865353562,-0.9841167264454949,0.22083107669251914,-1.4490788295188715,0.25483559712886084,-1.7379661597903224,0.2691094229143414,-1.9854827652540363,0.007992810897628282,-0.9084003230804859,0.028544904417552946,-1.129914674324194,0.07796172212158048,-0.8293773692085736,0.08728089701707989,-0.6335674296455877,-0.16604095469655245,-0.8047953294133389,-0.10437285498839416,-1.0005597812268676,-0.043026874989174096,-0.7721287365740984,-0.028135259123282456,-0.588719319721328
VICTORY,0.0,0.0,0.2069434516802571,-0.15635008574125042,0.31160312708833215,-0.5126544599407944,0.22380386956708181,-0.8422106333752383,0.06409906118102973,-1.0841952853587566,0.33211299973091635,-0.9763884362453172,0.3906801562009254,-1.3762994103836972,0.4116409588797096,-1.6365881124516342,0.4134806373514029,-1.861992064480688,0.17888195188135583,-0.9838705439696405,0.22388159002099878,-1.4264764167481487,0.26041689034907267,-1.7148902080772828,0.2729226917643232,-1.9579396050455498,0.013996747200861968,-0.905171518882916,0.036479154870292956,-1.1240795045315022,0.08273853306210117,-0.8244638742728834,0.0870582005633263,-0.6271021180988197,-0.1534706438592818,-0.8082372061263587,-0.0934917760923949,-1.0093673949588504,-0.03508062829327599,-0.7904732879627495,-0.020776468939867503,-0.6069967450913941
VICTORY,0.0,0.0,0.21076500171433976,-0.1604137546022502,0.310591433719126,-0.5136230163775407,0.22554388370834008,-0.8390054435499213,0.06566189786397306,-1.0808644721620466,0.33069468982675493,-0.9775057835301635,0.387217608556137,-1.3717662056426638,0.4067231136851537,-1.6295516770131324,0.4071943251467655,-1.8518638196771224,0.17928359736196808,-0.9837974342906937,0.22477266130811707,-1.4259688967976143,0.26057981211029185,-1.7115776702620435,0.2728082226429952,-1.9563767556081453,0.013989997049031479,-0.9040157196738073,0.037233527451433976,-1.1238192763397548,0.08314680787406749,-0.8227647336561362,0.0884545918117384,-0.6311087129412695,-0.1542091549551101,-0.8075623290713378,-0.09369210405352772,-1.0058647653740582,-0.03639291648256666,-0.7849161711644459,-0.022041531151932234,-0.604502360180296
VICTORY,0.0,0.0,0.21943392906152337,-0.169306975838107,0.3212429968824169,-0.5256975324872015,0.23098671939613644,-0.8538581325797993,0.06589305449621494,-1.0926537446889713,0.33516072776108596,-0.9694438410764494,0.39697687119183217,-1.3653918820015816,0.41739730120688845,-1.6270271203813182,0.4202126402154079,-1.8554964001191996,0.18113884081936135,-0.983457533575608,0.22588059776692468,-1.4373111234394416,0.26471551766147,-1.7302964020812308,0.2798536217507751,-1.9783367817717126,0.013532933654104204,-0.9088959882837435,0.031488024705781346,-1.1352439711163809,0.08046831896204192,-0.8254935508701193,0.08701323107018998,-0.6248113083994481,-0.15632084594883908,-0.8122044510033485,-0.09412573651485233,-1.0124485912806098,-0.034680047935284,-0.7828802530887745,-0.022877719357694178,-0.596119924764244
VICTORY,0.0,0.0,0.21735859470004235,-0.17256568754994422,0.31664740130514457,-0.527268241199316,0.2314068649501008,-0.8596923635223466,0.06767327101144804,-1.0958072802439993,0.33591661484375623,-0.9669785915835013,0.40064072785478144,-1.366030436176197,0.42372453232900886,-1.6279840267272119,0.42758958619702847,-1.858139614330755,0.18317561442084884,-0.9830802074508186,0.23417164893679118,-1.4366207061908431,0.27181623384609543,-1.7308029506086862,0.2836226533686812,-1.9766359858038998,0.01593173246893503,-0.9098743813654571,0.03160047298032961,-1.1362467743666431,0.07836175227083018,-0.8302400607123571,0.08619818807476819,-0.6280608940343173,-0.1536007133783568,-0.815054404267967,-0.09432996549946271,-1.012816221256086,-0.03659820994822499,-0.7858657289688229,-0.022764947381192013,-0.5993646454357587
VICTORY,0.0,0.0,0.21058941311260373,-0.16078852777476718,0.3107811272893168,-0.5149325818751911,0.22798474352801304,-0.8448409352413763,0.06594928112404513,-1.0814691513461503,0.3280811794977647,-0.9717454575039493,0.39139354802359205,-1.3643672878093476,0.41600431217571043,-1.6216527265948404,0.42084270588398265,-1.8453687291863607,0.17653589809199285,-0.9842942023017577,0.2276578233311112,-1.4309507487448074,0.2677199148002539,-1.7185933870324326,0.2796722885989338,-1.9557785269421832,0.012607222427477822,-0.9068075621085615,0.028661033168283608,-1.1244416391557148,0.0748331547322596,-0.8231096902329791,0.08077537671522905,-0.6245579728054479,-0.1535604911006293,-0.8070893402910466,-0.09338335531895259,-1.0064617610039381,-0.03450173849026446,-0.7816200640412816,-0.019216769947299688,-0.5939058645674828
VICTORY,0.0,0.0,0.21565138938487124,-0.16907959534875802,0.31616482467429385,-0.5237615182458111,0.2334185755700671,-0.8528560893958091,0.06858255944787134,-1.0873632931013923,0.3343083736604847,-0.9704950452201444,0.39852913898450953,-1.3657761555029981,0.42366680556792613,-1.624642466404206,0.431010185818296,-1.8497925209289272,0.18191271840011525,-0.9833146815156786,0.23196656484455938,-1.4305897049022107,0.2727058118729916,-1.7207337654181423,0.28796648765438715,-1.9580667294001057,0.016194111247793394,-0.9075006249044761,0.033828899280754963,-1.1298755736347812,0.08058849480875097,-0.8307099498810013,0.08564976401042253,-0.6298672083440965,-0.14968209466154,-0.8120070487777192,-0.08834825490086763,-1.0167081422058477,-0.029098657118720332,-0.7938833816756994,-0.01449591973993902,-0.603228016279052
VICTORY,0.0,0.0,0.21519600850652315,-0.17619932818514084,0.30904025482614866,-0.5248459908543862,0.2294081404592924,-0.8451988099036366,0.06732300214478107,-1.0843809865677556,0.3315651575665356,-0.9754457937837263,0.3926120006394877,-1.3656658254897136,0.4174927149384918,-1.6267554384256004,0.4252334379950629,-1.8497250287960447,0.17539536578291365,-0.9844980780386917,0.22192698929398796,-1.4341225199220602,0.2640592117916438,-1.722319126505899,0.284388410366756,-1.9642694356702857,0.005584982305640873,-0.9085353663165597,0.03028294327650735,-1.1281600823403541,0.07843999937355849,-0.8259498921956484,0.08751423178941792,-0.6323645757508868,-0.16361986029332504,-0.8155033288179945,-0.09902661308424254,-0.9998163719269224,-0.039642501783988836,-0.7700384112999652,-0.02439626890956045,-0.587246515295772
VICTORY,0.0,0.0,0.21557234900584235,-0.17784032963754212,0.3118379030855501,-0.5241501098735899,0.23508614845000117,-0.8509427662077912,0.07473649395802665,-1.096143513240691,0.339291018942926,-0.9747430132219803,0.4038267980775675,-1.3690009352324584,0.42839326175197634,-1.635390880520352,0.4336768479277632,-1.860669047677265,0.1820850867178065,-0.9832827778390959,0.23161145084758583,-1.4382153771074855,0.2716733396680447,-1.7328909591760053,0.28720418307484424,-1.976998982539715,0.011967919811903377,-0.90767923974337,0.033550618779737695,-1.1318135377282055,0.08098666620650745,-0.8366867244604611,0.08912039946257538,-0.6402913178303852,-0.15842006253178872,-0.8210282730239573,-0.09393811403893626,-1.0102855575435479,-0.03611569361329995,-0.7844860898484548,-0.020652362270311815,-0.5972728353517607
VICTORY,0.0,0.0,0.2156714987284591,-0.16878155224849228,0.3111246061433111,-0.5214888299190508,0.23244511633269596,-0.8478075045113989,0.0742559737587146,-1.0848095525238644,0.3362622542717376,-0.9715401310960553,0.39953482315384625,-1.366064498761958,0.42592878582686333,-1.6280820727068952,0.4338614965785068,-1.8552713406751367,0.1829116135189822,-0.9831293615999283,0.2340921708605813,-1.4318091169439964,0.2757780783925593,-1.726052147930534,0.2928042349997159,-1.9685597759035698,0.015082155005095335,-0.9083224342560161,0.038584361061051196,-1.131446704782111,0.08408196137585516,-0.8322759091989346,0.09016223027005331,-0.6343213167607066,-0.15298082871108717,-0.8149212859957621,-0.08800658847782408,-1.0122309405255734,-0.030912228704537602,-0.787485520179826,-0.018441536269048608,-0.5991524212949797
VICTORY,0.0,0.0,0.21918602230909023,-0.17940448535376863,0.3128097559379486,-0.5320028442279836,0.2288531835482198,-0.8480351371300863,0.06836696286744333,-1.0806713826399528,0.33942088253790736,-0.9722484015755782,0.402051296657233,-1.3686557138350701,0.4284445340993308,-1.6312125344746704,0.43761733361708716,-1.8579285157318548,0.18280726906820513,-0.9831487691981436,0.2311664572371611,-1.437968361897687,0.27398308995302884,-1.7354529687092564,0.29443486519961026,-1.979428315022169,0.012151046249792179,-0.9097915536427326,0.037001266162120516,-1.128582073727486,0.08219264660114921,-0.8277182578833598,0.08933699569822941,-0.6291906586453907,-0.15760484212387454,-0.821394590354921,-0.0919531430249403,-1.0087317313344462,-0.03497281574144439,-0.7856178586905315,-0.021351660037994796,-0.6022651601295795
VICTORY,0.0,0.0,0.2189106336251674,-0.17654323016818477,0.31284832037508653,-0.5351693005658694,0.23107770657358664,-0.8588847637949822,0.06908116308591923,-1.0954950690794811,0.33629980801296816,-0.9734394228906104,0.40042214528331793,-1.369852297905562,0.42787293292064454,-1.6337209324750483,0.4372768905672309,-1.8617440702727215,0.1805874928642491,-0.9835589242241691,0.23153415191723611,-1.4397728289860248,0.2742242704656913,-1.7352814365719973,0.2920078853569088,-1.9778479161857754,0.011676985987699789,-0.9102932714341309,0.0367028112504152,-1.1381073552060346,0.0840186199838366,-0.8362485225332863,0.09006729267897942,-0.6361407225803575,-0.1577176256882162,-0.822043655265981,-0.08850678478200423,-1.0197627074339934,-0.03157687086286137,-0.7935189088550395,-0.02121081442752574,-0.606453507137506
VICTORY,0.0,0.0,0.21530994000559145,-0.16978182046111082,0.31320047250353644,-0.5266591753620831,0.2327339960131592,-0.8497286030810609,0.07245778291505675,-1.085970118736467,0.3372208569182654,-0.968161953988081,0.4007996267058818,-1.3663315489954992,0.42718378827158093,-1.6259686469279822,0.4351017888916614,-1.8533392779000661,0.1829036894077583,-0.9831308358509717,0.23274167643279844,-1.438866968152409,0.27479299801358914,-1.7313199390634848,0.29185645831909457,-1.9714972857630193,0.014097602258315935,-0.9108680715912547,0.042645530046879904,-1.1335802720381516,0.08826312648015769,-0.8333140102280773,0.09244575500869379,-0.635685548294962,-0.15536196059543175,-0.8188579243830998,-0.08459553409192963,-1.0142595766488114,-0.028280265164136453,-0.7905348408794746,-0.01940419619755781,-0.6061136285579964
VICTORY,0.0,0.0,0.21166249879507956,-0.16850797172798318,0.30778358874806133,-0.5228087069820432,0.22949283444619792,-0.8430856567072244,0.0721366713661759,-1.0825257689711905,0.33301550037902167,-0.9709699316704352,0.39532354844439094,-1.361920994433547,0.421740479959263,-1.6190223898499074,0.43005366836079495,-1.8440682538296742,0.17925068603974675,-0.9838034313592733,0.22827629199109553,-1.4316599802285366,0.2700187858188509,-1.7183090831718502,0.28699559701212657,-1.9548573808505028,0.011249109165083803,-0.9103385539138379,0.0402239448035042,-1.1301290460047044,0.08641709520480577,-0.8308859132278881,0.09090321467094138,-0.6355990088449083,-0.15594470182281958,-0.8168194742626429,-0.08688828137982035,-1.0103459447303402,-0.029298196207408013,-0.7849275297176714,-0.01797568266787832,-0.5987397171945767
VICTORY,0.0,0.0,0.21446270247279198,-0.17129174861683316,0.3160308844625472,-0.5311540640569267,0.23067112311326912,-0.8583066465413108,0.06826524746744568,-1.0895283804230607,0.33518113978033554,-0.9661242927283956,0.39817791831043925,-1.3638880698847489,0.4231723217918022,-1.6217464470312049,0.430980378979772,-1.849163530847915,0.180625272619128,-0.9835519868777989,0.22851984015720747,-1.441480318439462,0.27134635851966604,-1.7288275154213837,0.29118650802681206,-1.9653898540066597,0.012511846324419235,-0.9114136626876742,0.04080575765709019,-1.138617536713198,0.0894147762411007,-0.8370347811358203,0.09554382231101465,-0.6359591467037573,-0.15704595799780466,-0.814872985480135,-0.08746231429307696,-1.016667163767558,-0.030997467761043805,-0.7899413810434466,-0.022163010708484542,-0.6014900172948027
VICTORY,0.0,0.0,0.21364825600164464,-0.17142029745403134,0.3107264196778216,-0.5277064587750973,0.22637165439403414,-0.850174113088257,0.06796931550690974,-1.088886542628144,0.3336933451055221,-0.9716243990902422,0.39488485387031075,-1.3640169282397545,0.41917933328557977,-1.6217342074173164,0.42605981674082,-1.8471245875802793,0.17915942763024414,-0.9838200544262163,0.22694984628102913,-1.4322168851257624,0.2688289835693454,-1.7192369291362297,0.2858590855314375,-1.9545295125084665,0.01100616848801442,-0.90969839601626,0.040455768645188676,-1.131606536117833,0.0878018055313975,-0.8298377701336735,0.0924199702692374,-0.6339514418253747,-0.15739990664524312,-0.8159044893333546,-0.08704424708429409,-1.0140738496068735,-0.02995446968838987,-0.7863572319310911,-0.019656808643439296,-0.5993938658032347
VICTORY,0.0,0.0,0.2237525174710446,-0.18818014931368104,0.31312487241636033,-0.547660246258938,0.22371613603984097,-0.8698852360541182,0.05745279984025016,-1.1271155162007214,0.34173828126072225,-0.9825197998713853,0.40466589969983824,-1.382552804666143,0.4306552815187154,-1.6565855684554343,0.4343097245634508,-1.8825831071104107,0.1795509041501882,-0.9837486837698183,0.23136262616295386,-1.459513093198858,0.2750936280672732,-1.7535487329822,0.28804763436547337,-1.9976775251148637,0.006103474082136832,-0.9082192677983837,0.028708470003313263,-1.125999558178354,0.08479898736405046,-0.8146522251148682,0.09415801274163292,-0.6212634023675062,-0.16813665390808927,-0.8324366162018688,-0.09630334358809096,-1.0146116125772393,-0.03457520398383664,-0.7773689516954726,-0.021307587140673497,-0.5940302711191665
VICTORY,0.0,0.0,0.23080502940755632,-0.18834687683370524,0.32037236488794735,-0.5560345159980955,0.22244095874131856,-0.8773928674494662,0.05386794807647745,-1.1221301566931756,0.3473783011218873,-0.9825634615190033,0.4094597347255036,-1.3879783592536459,0.4363158694377207,-1.6602268873359558,0.4409952405988436,-1.8879147521230064,0.18451675100388384,-0.9828293690152786,0.23417445352170435,-1.4600972784300692,0.2782085259402536,-1.7568139978739594,0.29136820434506266,-2.001043894866672,0.010561007281460894,-0.9065695544179794,0.03184464292819439,-1.132366811682397,0.08715901807797659,-0.8187976169490304,0.09437489338394721,-0.6237993958273554,-0.16491129726942388,-0.8247721770298791,-0.09069424256860864,-1.0196238617022315,-0.02951984607777801,-0.7811542054380161,-0.020411600110078334,-0.5958600406956359
VICTORY,0.0,0.0,0.23515977780056024,-0.19080010909320097,0.32100972719088744,-0.5557332031147622,0.22276226324516796,-0.877956595226193,0.05487637548758801,-1.1307463702987623,0.34702417752883435,-0.9825581059031696,0.41108048840955264,-1.3848687303536162,0.43785123894213807,-1.6611431898302587,0.4417978412551738,-1.8882943752220676,0.18362919012265608,-0.982995585206209,0.23622443287476336,-1.460598961882696,0.279699200264611,-1.7593931394538362,0.29260824115818634,-2.0101755334182005,0.009009666459845043,-0.9089731451908486,0.03183845897223498,-1.136344770961133,0.08711914958722834,-0.8234095720548137,0.0944394054669896,-0.6295361185277003,-0.16618012403369237,-0.8309123944320006,-0.09218947452988653,-1.0241599804394548,-0.028816201759565667,-0.7840204741129093,-0.015683646096479837,-0.5945163189598726
VICTORY,0.0,0.0,0.2352799193792573,-0.1776728533189915,0.33459612345706885,-0.5420132321068399,0.23152040217361236,-0.8613281138849546,0.06235600498392733,-1.101352043884651,0.34772888431538307,-0.9730013898322931,0.4070187065417604,-1.3700549375659212,0.43084718231485103,-1.6344214431801314,0.4367567366474168,-1.8619059540910672,0.18624044908696824,-0.9825041959828388,0.23718055842468044,-1.4512478253116634,0.2835072571773505,-1.7432171088142765,0.30185169869348316,-1.9824176230992412,0.014250383306211437,-0.9096215946999816,0.03932915663763719,-1.132142526112696,0.09170242952167819,-0.8198092343102361,0.0984832559871101,-0.6226703614154178,-0.15824736255256033,-0.8207295300909474,-0.08519693957575727,-1.0141547968154043,-0.02475707185396604,-0.7754106693472833,-0.015176126158905432,-0.5866950448128978
VICTORY,0.0,0.0,0.2322402283242078,-0.17014752766109975,0.3375892261343235,-0.5445285326382876,0.2317381411897116,-0.8732637378911247,0.06336087096755758,-1.1192603986822807,0.3461560797306923,-0.9725215609028619,0.4112283687841253,-1.3794855085205466,0.43789808661661356,-1.6456310028226153,0.4455853439548048,-1.878292999960867,0.18580035768452732,-0.9825875162469253,0.2408935184923436,-1.4540768853909447,0.28845250842039943,-1.7479312890201044,0.3066688857447431,-1.9875755126641825,0.014725394246990407,-0.9111791921669605,0.04288275837790299,-1.1344188219292457,0.09206659964450728,-0.8155886750284478,0.09568932038846938,-0.6183797312751503,-0.1571103802503243,-0.8230865269269989,-0.08276933098159503,-1.0277159982962727,-0.02415205741643343,-0.7854100749791213,-0.018981744528717655,-0.5963022166689058
VICTORY,0.0,0.0,0.22100104831507725,-0.16834668726200794,0.32930796590665146,-0.5297872955043973,0.23200202202203785,-0.854283462759806,0.06592902283701887,-1.0801555393421074,0.3400386325324701,-0.9694030654466089,0.40089303329268716,-1.3641052606490043,0.42559523715182646,-1.6215138456351355,0.4339959923394815,-1.846728000154818,0.18350396814658526,-0.9830189691325681,0.23244080729809896,-1.4319488840207661,0.2787046381862608,-1.7207091247215411,0.302242078214923,-1.9581876475214728,0.015330876108954868,-0.9110996317971599,0.05149650521236113,-1.1340501404101657,0.09898381784403563,-0.8292194849179552,0.10268586073147948,-0.6258979013075197,-0.1545942868152449,-0.816206623153673,-0.076436714904186,-1.014758111902952,-0.020308914254728597,-0.7851866788736725,-0.014282716587261957,-0.5947620563102857
VICTORY,0.0,0.0,0.22040135529178526,-0.16672165543054182,0.32627678199804755,-0.5292433463538612,0.233436048866226,-0.8545052442215285,0.06628622315924215,-1.0848775282426926,0.340536340152999,-0.9726812666915433,0.40338244987787986,-1.3679942845979762,0.42942207803810506,-1.6268633656875509,0.4379573921078256,-1.8517728229462487,0.18430088007869846,-0.9828698721612221,0.2351728450145258,-1.432208025086016,0.28255980149000176,-1.722550315195637,0.3044654956570656,-1.960553342648574,0.01587058409472773,-0.9094662481245273,0.05223048842228544,-1.1321056845976667,0.10032402847109301,-0.8271685346247001,0.10363529318086293,-0.6275524219227705,-0.15221902277773014,-0.8196033379308726,-0.07452830857349642,-1.0122386589058618,-0.017856804180277807,-0.7825351825004465,-0.011268523251993196,-0.5949037328508024
VICTORY,0.0,0.0,0.22329240456902583,-0.16509779166979574,0.3337162151055811,-0.5351201374017742,0.23083667041905648,-0.8611443257216015,0.0599902350595811,-1.0880307939873797,0.34143105320665035,-0.9700570788486932,0.4016084563899293,-1.3669168088958465,0.4260220743761087,-1.6260152893027253,0.43359209907096186,-1.850519769266434,0.18351049588652876,-0.9830177505515759,0.23320238323210862,-1.4391907450226142,0.2806678605722088,-1.727833595213254,0.30247253048427575,-1.9646019765350695,0.015837524578494872,-0.9106361655210723,0.04900927795778342,-1.1372198071683648,0.10025701234598838,-0.8315270366209053,0.10420042236605487,-0.6290548271085906,-0.15412003840441876,-0.8146735755134034,-0.07544432449524542,-1.0155546317057367,-0.01646137560633549,-0.7823571183049874,-0.010196017178723772,-0.5898757522870144
VICTORY,0.0,0.0,0.21528226061694372,-0.16060461441298918,0.3223370891432307,-0.5264538758204194,0.23613693556457424,-0.8497060406340997,0.06811333148892856,-1.0832213015628878,0.33289128389154365,-0.9731429989572404,0.3953480266305514,-1.3605635899351647,0.4214414748358444,-1.6150832631556298,0.4316628916837215,-1.8368643533048807,0.17867402222756057,-0.9839083259028887,0.23016078850995692,-1.428395877903137,0.27886368588576654,-1.7137609355511605,0.3007367781513082,-1.9468752868168568,0.012863302211764571,-0.9083308801696938,0.04328750269238115,-1.1255308719493091,0.09329481825546045,-0.8207202974148587,0.09697228098942055,-0.6217923291768179,-0.15156037714339152,-0.8141521921164181,-0.07690023153185233,-1.0084578778596358,-0.017770822906961133,-0.7773137548050757,-0.008573225615638598,-0.5868216682096328
VICTORY,0.0,0.0,0.216286158197217,-0.16221879873244713,0.3256980290850324,-0.5310681767945715,0.23100825577082368,-0.8604268068049568,0.06295290590160765,-1.09239824374014,0.33639417673559147,-0.9716656148690416,0.39977822392327433,-1.3712581213200525,0.4265768900140594,-1.6286273034479686,0.4359657762851755,-1.8528282034684747,0.1787732788031726,-0.9838902961133233,0.22965038493878054,-1.4437580199852034,0.27879818529781875,-1.7331513262161753,0.30163509218898077,-1.9703306680117152,0.011058677893931907,-0.9094669819989717,0.044325488277416863,-1.1311635469295442,0.09719257090178476,-0.8258860475931075,0.1024003476369447,-0.6236168499508002,-0.1570062173024201,-0.8144380612897433,-0.08042905457304099,-1.0134103413768387,-0.02016966061393443,-0.7845172404117128,-0.011124982683098006,-0.594892462157278
VICTORY,0.0,0.0,0.2193428827243151,-0.17091960467546216,0.3267778394290081,-0.5389141398630374,0.2302833584816084,-0.8665173116292849,0.05998779964045303,-1.104044613124264,0.3367374520172832,-0.9739982803394238,0.4005084253924149,-1.373791597140236,0.4260772583685631,-1.6346281448258162,0.4341107750854144,-1.8607094793393273,0.17924002354883342,-0.9838053740238532,0.23357802313896928,-1.442700919569217,0.28204929978403254,-1.7334060516479355,0.302101690625369,-1.9699155778358226,0.0112917178211499,-0.9105757934345078,0.0422224233539266,-1.1289533852980544,0.0930822229335023,-0.8189003971800501,0.09725854938880861,-0.6178576681593174,-0.15648029399708838,-0.8210018257073235,-0.08053626142072656,-1.0208959207648078,-0.021785402907177356,-0.7893330055802209,-0.014213159749099943,-0.6002790314046424
VICTORY,0.0,0.0,0.21522898865801693,-0.16379284731008306,0.32417132266671644,-0.5292113148553476,0.23323593960025474,-0.8581152761497278,0.06490625353453004,-1.0897669471635818,0.33692205540173725,-0.9701467552058063,0.40101166774904595,-1.3676545753102112,0.427345346495218,-1.6252211379906387,0.4355283515769248,-1.848826378800924,0.18110952073739545,-0.983462933464333,0.23355070002033726,-1.4419058691512783,0.2819113538087059,-1.7310673067479427,0.3035040973224675,-1.9670101093768633,0.01387032763556969,-0.9093443852992132,0.050062797982208945,-1.134382258289144,0.10037825948897316,-0.8319809711976226,0.10332738337624248,-0.6322704626181256,-0.15436930835863505,-0.8149070691892059,-0.07616946885850401,-1.0127660308693855,-0.018581841831147635,-0.7842989796775339,-0.012250000728539167,-0.5961373449054435
VICTORY,0.0,0.0,0.21991501953896492,-0.1669544715859198,0.3299802701698825,-0.5344118089502472,0.23303472334472586,-0.8631709307689794,0.06150059376559013,-1.0940427802983315,0.3375200843530923,-0.9734459084180023,0.4004113344957464,-1.3711105862705393,0.42596043330011474,-1.629465115405327,0.4335210923028069,-1.8545944089907682,0.17967032299950011,-0.9837268803043125,0.2317516799467689,-1.4421822131779207,0.2798648482526937,-1.7298751223813909,0.29980822520423206,-1.9639321370570513,0.011687485672060259,-0.9082535436632841,0.0438014877312695,-1.134414080342628,0.09605893864434976,-0.8281810469740027,0.09997034753201162,-0.6266172694015703,-0.1569255557683201,-0.8132293009356961,-0.07929816919255771,-1.0191978574176501,-0.020454778381661938,-0.7897797741942857,-0.013447594095042467,-0.5989223051314672
VICTORY,0.0,0.0,0.2229303435991245,-0.1679974200212482,0.32911809326464064,-0.5316484059905751,0.2352947636505277,-0.8575980917892769,0.06544644162778225,-1.0934555967953554,0.3399509444485629,-0.9759814967640215,0.4018264804667686,-1.3714021571252897,0.42735237197149367,-1.631861512211779,0.4360508681473199,-1.856637311721632,0.1815510740815752,-0.9833815167572687,0.2321219352403178,-1.4384104735138896,0.27978086777250105,-1.7270459800881395,0.30100844815591465,-1.9627534292756252,0.013183640246333412,-0.9076126828297352,0.04697221252207359,-1.131597966246592,0.09952032498814814,-0.8263880192417372,0.10450426690141545,-0.6268750330166512,-0.15448944905172252,-0.8166268305777902,-0.07727028911664627,-1.0147146068845259,-0.017851580751701797,-0.7827708549198298,-0.009540846238609582,-0.5916494616378377
VICTORY,0.0,0.0,0.2175065593059821,-0.1654179354591153,0.3278921609953546,-0.5318883783082702,0.2346684073586317,-0.8601949245621745,0.06606756554302903,-1.0918791691892489,0.3391558359239951,-0.9714803452142735,0.40107756464565864,-1.3715504300994175,0.4258724480477931,-1.6315534330165151,0.4331524174278371,-1.8583413516105318,0.18117404841008622,-0.9834510481883171,0.2318056030531185,-1.4423699845179463,0.2788949766321813,-1.732195796513668,0.30051060211152275,-1.9714896497054528,0.01272055210964904,-0.9101969003662982,0.04715926988773382,-1.1367380056212713,0.09846380052835511,-0.8334681635150685,0.10245589107368784,-0.6348464090719985,-0.1564564861992289,-0.8161715154385533,-0.07787344892473944,-1.0163079459332636,-0.01998042310056968,-0.7855367058363023,-0.014772187990447997,-0.5961253902508572
VICTORY,0.0,0.0,0.21275340803377732,-0.16515649987287842,0.3208548366588554,-0.5262345641335818,0.23332470364188906,-0.8538158427266583,0.0682210708481622,-1.0819189007162626,0.3353323713560704,-0.9693030832453753,0.39622426448838044,-1.3653658732854776,0.4203449332003978,-1.6226638179995763,0.4266113421572194,-1.8483944977368203,0.18072579083387613,-0.9835335218117733,0.23004783862230563,-1.4358712744365438,0.27430792743110505,-1.7202805810842272,0.2939130580129837,-1.9567792887982203,0.01346859075427711,-0.9102038182703822,0.045473541513237736,-1.1345603370444628,0.09527126531577224,-0.8375414658295852,0.10057138154810187,-0.6416875815189349,-0.1540574141601383,-0.8155717465891342,-0.07908180776081454,-1.007316811723988,-0.022421196434509613,-0.7805160205778312,-0.014266704871902944,-0.5941654406885752
VICTORY,0.0,0.0,0.21742168956381533,-0.17060004190904532,0.3236714145323713,-0.5289347799976872,0.22761275847272455,-0.8469077171246114,0.06251636546455393,-1.0773385673746574,0.3354536683463869,-0.9719091729516695,0.39421304808888724,-1.3670914928508044,0.4182406579452212,-1.6260495941762725,0.424663077057132,-1.8509835888877744,0.1808625052107485,-0.9835083905127052,0.22927264606102227,-1.4315329433878403,0.2731008562843556,-1.7212321628485823,0.29178042369017726,-1.9607809871126163,0.013359339287870073,-0.9100347161390225,0.04558128223454167,-1.1253102159129955,0.09491205185724387,-0.8228907459300403,0.10100012218351187,-0.6277764074331733,-0.15355780300151825,-0.8201833987763705,-0.08109941585462362,-1.0048964586620264,-0.023761579223939188,-0.7787477338598452,-0.014487678317969283,-0.5975779892244519
VICTORY,0.0,0.0,0.22660247639054154,-0.17641624487612895,0.32706719210033597,-0.5285228245661235,0.23333640672318837,-0.8396632870575673,0.0699595500394995,-1.0807252115892951,0.3421529534848062,-0.9771380776244616,0.4025664769786789,-1.3711260860292154,0.42715091454528964,-1.6349751958274985,0.43352021486796033,-1.8580532590403418,0.18488133026674,-0.98276085276063,0.23609831799309913,-1.4337808600614395,0.28137750571601367,-1.7281243770120553,0.29984556476546004,-1.9716486492895968,0.017008830364646257,-0.9066547101625035,0.045525151923990294,-1.1175270736915817,0.09591321838915468,-0.8110177988604137,0.10270332493535257,-0.6183259133976488,-0.15087771359083524,-0.8191983955365275,-0.07814298129519615,-1.0069398166023662,-0.02050354487898779,-0.7800835164946328,-0.011325949256868693,-0.6014019271536983
VICTORY,0.0,0.0,0.2237566831768594,-0.16584969886722895,0.32325012751839044,-0.5104794080896046,0.24206074262320232,-0.8257186050368606,0.08871878552744684,-1.0791378800305622,0.35162775981514505,-0.9735344573548727,0.40941482830120574,-1.368412308106902,0.43305646142103227,-1.6341779566650512,0.44051299854696735,-1.8585685909671594,0.19342615442969852,-0.981114836694736,0.24519773541842324,-1.432112391738649,0.29009633100235277,-1.732475203655417,0.31130900893257707,-1.9811570633969795,0.02302370939128666,-0.9071274815897905,0.052984385040094395,-1.123991933612393,0.09929603058367358,-0.8220239360766324,0.10742295058801936,-0.6246235665665965,-0.1466779715187279,-0.8232705971989617,-0.0793331677614763,-1.0083742845110535,-0.024653740693530875,-0.783088304473113,-0.013067477682242534,-0.6008667164182192
VICTORY,0.0,0.0,0.2277464851832117,-0.16912806752534337,0.3249053981281126,-0.5147762437924874,0.24161977450676791,-0.8305940767074683,0.09096484953178025,-1.0824375232014813,0.34957621323496024,-0.9742214839465061,0.40966032979553374,-1.3690738851832787,0.43611315944199086,-1.6370746931630091,0.44394616063964193,-1.862973039144129,0.19125404986144895,-0.9815405689076709,0.24620673793581255,-1.4296077267875194,0.2907881658386379,-1.728587101303416,0.30937035607799973,-1.9752616099997524,0.020653258493624004,-0.910204045601037,0.05306562168305203,-1.124134472162724,0.09895433287417536,-0.8179793472366967,0.10578599013324012,-0.6201176003521737,-0.15064886677004288,-0.8281834267313544,-0.0745812076464762,-1.0127694553162365,-0.01984642160315852,-0.7832434046549888,-0.009866946834379295,-0.6006547791301998
VICTORY,0.0,0.0,0.22746942077381535,-0.16973165243074995,0.33633591175926236,-0.5212894558715256,0.2483065879320977,-0.8435488339012384,0.08951037689985816,-1.0771767621873896,0.3497703741575916,-0.9650461418720394,0.4099887271551726,-1.3626167101637239,0.43424750075949,-1.6225899198278513,0.4424171062719875,-1.848911294016013,0.1933982864723765,-0.9811203304333004,0.24516255090701697,-1.4330205037904655,0.28983676027080507,-1.7250634800492248,0.3140119301703793,-1.9664004893058198,0.02406557606916052,-0.9123263882360235,0.05903913106414018,-1.1341608168860096,0.10462990845588582,-0.8391212943645954,0.11143912933630307,-0.6360646674964848,-0.14918946679731943,-0.8185924238694394,-0.07615862199504206,-1.0158905094941537,-0.018702648068729618,-0.7903443580199582,-0.006520512834175555,-0.5970528487141296
VICTORY,0.0,0.0,0.23086547533316268,-0.1817074355672825,0.344354147575726,-0.5326793229235673,0.24527134964358546,-0.84318706893087,0.08637880228370777,-1.072931609073679,0.345780792363449,-0.964066231007903,0.4057394918878483,-1.351629430217775,0.43122786290439596,-1.6066596778185016,0.43982620723115057,-1.8282807869862323,0.18991486525416126,-0.9818005622098074,0.2434996942739093,-1.4328255183324998,0.2935591170416276,-1.7163796459529357,0.320563401318152,-1.953218045558686,0.021162850050904913,-0.9139679516932294,0.06175270375768371,-1.1293822989046527,0.10706178667793219,-0.8290374446588652,0.10914289761927552,-0.6344083024962384,-0.15277460943819537,-0.8211272167633229,-0.06803044875238333,-1.005351439130131,-0.012172956173376473,-0.7730870646154863,-0.0071722074677499775,-0.5893306445982974
VICTORY,0.0,0.0,0.21886562771756893,-0.17257501999969452,0.33067702082750816,-0.535303805741821,0.24158028845083898,-0.8608287548781525,0.07753913555461901,-1.0882753787311146,0.3410783598556339,-0.9687565369486726,0.4085106809013793,-1.3616716592160256,0.43686754248568305,-1.6166015333299242,0.44634405408800437,-1.8398724483223352,0.18719887761790532,-0.9823220348839766,0.24266438390591807,-1.4347374960879526,0.2937293924548527,-1.717533527882006,0.31799956668334045,-1.9513418047182427,0.020087568436436644,-0.9103134720668499,0.06084255843914724,-1.1308257421801078,0.11245376564661694,-0.8311280134189263,0.11667060065426199,-0.6351644769341949,-0.14757102503167366,-0.8190770305526995,-0.06502292911450848,-1.0141705319007677,-0.005656697179279619,-0.7879856633494935,0.002705512962410508,-0.6016088616501339
VICTORY,0.0,0.0,0.22171787752509695,-0.17886819334264392,0.3345937174528491,-0.5352219044677397,0.2457117476348548,-0.856108444935251,0.08815468196340312,-1.0921408262360928,0.34580261922584277,-0.9610887816226439,0.4122184696175885,-1.3524287992883184,0.4383902513325761,-1.6084364187900175,0.44626586729768275,-1.8344652456737218,0.19179377491404687,-0.9814352489615501,0.25026057940129165,-1.434694808056406,0.29882466815553244,-1.7189871047861502,0.32320264313924,-1.9605268590240987,0.022865012274104063,-0.9156812878846226,0.06489804334586276,-1.1418104435223257,0.10966200525391455,-0.8360087837815311,0.11189894127223379,-0.6389187470061363,-0.1507033496962491,-0.8245032301526858,-0.06704465798907634,-1.012283472459179,-0.011249632442501456,-0.7805406234512878,-0.005630903512233503,-0.5985822534924669
VICTORY,0.0,0.0,0.2216583319943262,-0.18395161572781882,0.33196748515626295,-0.543051383401271,0.24411403736416568,-0.8578063895202943,0.08455849243745148,-1.0911132257886806,0.3424794395849752,-0.9630886350586269,0.4104615307216,-1.3565692427556817,0.43989617620311583,-1.610336653925499,0.4498683858070838,-1.8326403717999205,0.1913201590315589,-0.981527685166414,0.25395198018323983,-1.442027054883405,0.3055889710140974,-1.7269687143327503,0.32985020124062914,-1.9667819430349245,0.023531752281253742,-0.914553168706172,0.0625402060662619,-1.1348402071220167,0.10589906944329365,-0.8291505678964534,0.10718397579787611,-0.636403393933138,-0.14986372721256727,-0.8270731942407168,-0.06764393775244777,-1.013872846917623,-0.015161499706738645,-0.7822482344793455,-0.012729205257315423,-0.6047245932625133
VICTORY,0.0,0.0,0.22474553454903576,-0.1824692588448944,0.3367405103038957,-0.5338935358894898,0.24957663944972824,-0.8539786670197688,0.09539348944451452,-1.0925049124823951,0.35118558134875894,-0.9609734552759367,0.4218895779907514,-1.3549259539753096,0.4501338975652949,-1.6126400972632686,0.45949826033229957,-1.8396219308254724,0.1976914445931229,-0.9802642973885585,0.25951407573681434,-1.4286986586663641,0.3083122160377119,-1.7123074946152737,0.3330636920033108,-1.9522468033084965,0.027900704793827766,-0.9168233514711733,0.07290812556538265,-1.1361493406977403,0.11393722103651437,-0.8338153465911137,0.11409686112558996,-0.6388263806487706,-0.1454261967551029,-0.8325282881874092,-0.06138225128104991,-1.01240075190418,-0.006534477820075051,-0.7818351066375806,0.000880696022134958,-0.5989181420680161
VICTORY,0.0,0.0,0.22358933793729951,-0.18878292842802036,0.3317320867008167,-0.5438782930982768,0.24479722237479465,-0.8639278167374329,0.0909068019351539,-1.108111515753012,0.3486592643720803,-0.9609982118674073,0.41662161824501004,-1.3557722932435887,0.44538501066787595,-1.61344649592305,0.4563059431420238,-1.8391993847611503,0.1968383939030604,-0.9804359472630854,0.2570503551502869,-1.434829688432193,0.30824612955131153,-1.719337301046675,0.3350744411307971,-1.9644379393052576,0.027372815950643562,-0.9187580813406042,0.07414219807601861,-1.1439312871543539,0.11510321492848742,-0.8378803183081613,0.11304386166893692,-0.6455425614832316,-0.14682862445840872,-0.8364800549604221,-0.058657345185659536,-1.020978580314448,-0.004560415296780801,-0.7877232063885427,-0.0034227172591037676,-0.6065592604723061
VICTORY,0.0,0.0,0.2112447558182801,-0.18184273506804602,0.3120129626907178,-0.5384361333834579,0.238128655975742,-0.8607001703522911,0.07825626695455402,-1.0990825482582707,0.33768390506603674,-0.968676685562801,0.40309572064497173,-1.3517931322575252,0.4270557474917142,-1.6073357639835748,0.43549851547042406,-1.82951484725402,0.1877013591002529,-0.9822261449340055,0.24409251263305243,-1.4196121441357037,0.289427663490911,-1.6992019484761596,0.31270001031038425,-1.9408518499842125,0.021430839120921523,-0.914176051317769,0.05756477556204928,-1.1375204088371071,0.1020638835690251,-0.8456304031039897,0.10675622150017457,-0.6569480533302956,-0.14204772777363148,-0.83246797718569,-0.07516335109160992,-1.017909364476628,-0.02004030128391629,-0.7990778676107686,-0.008530419672455972,-0.6172910373748088
VICTORY,0.0,0.0,0.21947868722459699,-0.1913497064212648,0.31604786705890836,-0.5443523270539187,0.23456092336294193,-0.8577683149793357,0.0765158359122095,-1.1008514650856742,0.3468599551665383,-0.972280352788462,0.41340955434158966,-1.362653414291305,0.4396228309366336,-1.6256373069900423,0.44704823960507933,-1.8496397475366657,0.19234508762068867,-0.9813273496994719,0.25083912065307196,-1.4333672775599131,0.2974670781809676,-1.7225179337135346,0.31881622721462266,-1.9675232871244577,0.021725905468950993,-0.9134864692936226,0.05699051170586907,-1.13912655467366,0.10075396068284302,-0.8369785979602077,0.10489248325773606,-0.6467054477254405,-0.15128787508483174,-0.8342543297126999,-0.07426103179716585,-1.0176804908493946,-0.019418535133863515,-0.7884385043553238,-0.012702292561281829,-0.606637627025754
VICTORY,0.0,0.0,0.2169531764856488,-0.1880654121410964,0.3184178094982652,-0.5406856823484065,0.2373424734085265,-0.8539082439581974,0.07400416383373404,-1.0897245158196376,0.345671589700598,-0.970356813346234,0.4129276754576208,-1.3575869624721928,0.43894639392278,-1.6141719259913794,0.44760957851042893,-1.8348475329037703,0.19122661225482718,-0.9815459147515933,0.2477418453991919,-1.430279602327735,0.2964143097094512,-1.714784315684125,0.32110476619340983,-1.9546760376721317,0.021288330569341842,-0.9132107350127072,0.06042032336909438,-1.131876133124337,0.10502069783369408,-0.8309173287949101,0.10790774974662719,-0.6410084538678763,-0.1498276344717903,-0.8299541328035783,-0.07166667635292726,-1.011281230703052,-0.01607609107175244,-0.7830730152244332,-0.009568811992874135,-0.6008395291014157
VICTORY,0.0,0.0,0.21860648870997598,-0.184397037677379,0.3237481861284991,-0.5359265326356468,0.24048735377659844,-0.8534165648729003,0.07933526769895174,-1.0896468641221744,0.34517190677149884,-0.9662300298617019,0.4104453917329521,-1.3551622734196294,0.43613110695107915,-1.6075821226627098,0.4444828277676882,-1.8293941957253101,0.19233100778489753,-0.9813301093130923,0.25074023299003595,-1.4297548418918473,0.29796176993592477,-1.7135460213707137,0.32074995711571147,-1.951254281588353,0.02360842511693526,-0.9130621953756229,0.059070874941019126,-1.130743755135393,0.10253753221894982,-0.8333554107483018,0.10686906746699731,-0.6399654593830534,-0.14960763769949062,-0.8238646922433536,-0.0740833635448242,-1.01239262322724,-0.01982042179511807,-0.7847040466331545,-0.01217823117771176,-0.6000790067494799
VICTORY,0.0,0.0,0.21436370501291913,-0.17641205004212582,0.3206095797707007,-0.5217254449787766,0.2426618733897812,-0.8405635288311513,0.08576959733340037,-1.0753962816992473,0.344282081173205,-0.9669587787536421,0.4130093835884394,-1.3424844805291725,0.43971201747482586,-1.5939603303637198,0.4479622761191153,-1.8135676104875957,0.19187987051923727,-0.9814184200887616,0.2507025373929656,-1.412308414293968,0.2979190424635955,-1.6920838155533988,0.3195779516781591,-1.9268222696927435,0.02384217624843788,-0.9111372003553404,0.06406599052140857,-1.1254153449883724,0.11183923528658743,-0.8347743412756381,0.1173055439948554,-0.644265259943352,-0.14497247668145485,-0.8218161871655195,-0.06588105245241778,-1.0030797182044535,-0.007362719009280162,-0.7812267452882696,0.003996945916861826,-0.5973359259346801
VICTORY,0.0,0.0,0.21711054573965483,-0.18161548340761619,0.3223254326510291,-0.5307742666840541,0.2404374837282046,-0.8514159131586528,0.08112331577406554,-1.0856189876316211,0.34545713439322795,-0.9635323507991929,0.41381561607864276,-1.3472033134135726,0.44149667641618656,-1.600756904735844,0.45075092507255754,-1.8233472160013167,0.19290125119214357,-0.981218175172324,0.2520384872395149,-1.421481727317517,0.3008536183478511,-1.7052932698221415,0.32435745757256984,-1.9426500924947456,0.02468056753335957,-0.913391535230531,0.06298828365147735,-1.1250214303059456,0.11019151446813091,-0.8312170543554842,0.11617441796300962,-0.6402274492594111,-0.14474301924170427,-0.8251212324875541,-0.06688137533065573,-1.0088114803576869,-0.009102510641072337,-0.7885227818876023,0.0015564526919256438,-0.6054549127768861
VICTORY,0.0,0.0,0.21563781097909288,-0.17701672834116208,0.31617168449591937,-0.5245449338610826,0.24424596383159614,-0.8474657337936902,0.08032581503822918,-1.0955128271059997,0.34345918134373404,-0.9741083420692326,0.4086076875074396,-1.3550023424017452,0.4338920135307747,-1.6191830027777825,0.44414842615522976,-1.8371155282627596,0.1899382291060116,-0.981796042528219,0.2445387789638574,-1.4218584070657847,0.2892073904558373,-1.703874090041772,0.3117756431594307,-1.9432792590272616,0.022832650909210984,-0.9116338242019173,0.051259177006857434,-1.1276702350245356,0.09619377601802559,-0.827030467047029,0.10294238287437112,-0.6304072036274989,-0.14228622175170233,-0.8396463110259662,-0.07782843126581239,-1.0223844410764749,-0.024831435228235433,-0.8029878399301913,-0.014289963321744028,-0.6207802863221171
VICTORY,0.0,0.0,0.21521544551514618,-0.1707141014096127,0.3177263092295622,-0.5194019539463606,0.24296727438233226,-0.8414661151391131,0.08935682826446141,-1.0825710391495669,0.34518212533556125,-0.9658524484064323,0.4097167023097384,-1.3559968881474267,0.4363564593035931,-1.6130133835799445,0.4473519418687122,-1.834234978620048,0.19110571212118077,-0.9815694610136647,0.24490805548580738,-1.4247415508929997,0.29172196766281966,-1.7154083722134856,0.317113664014849,-1.953889661750854,0.022768947387204055,-0.9141468621002139,0.056024336591229414,-1.133433495091122,0.0981655481816061,-0.8377626665935951,0.10348049525907362,-0.641062186784799,-0.14626041130724235,-0.8299034012828989,-0.07542632857170074,-1.017938044257354,-0.022766037860064182,-0.7953506159768502,-0.013503621460869333,-0.6121690642717028
VICTORY,0.0,0.0,0.2123096669968865,-0.17631882183849718,0.3145813782228233,-0.5233496955867657,0.23870464369792893,-0.8418366244200622,0.08028074157775188,-1.0853209262395698,0.3365013824706536,-0.9699389864240088,0.3994232825006719,-1.3563508760123233,0.4251910206897148,-1.6100320502515781,0.43643765256896294,-1.8283711968624587,0.1821287365169969,-0.9832746937324901,0.23591296047511387,-1.4299480357885928,0.2869572153585465,-1.7143275336394006,0.31612500150571393,-1.9515593307170265,0.014001385412339635,-0.9145062009846044,0.05034995155159448,-1.1318734739211251,0.0968799765262997,-0.8352381004388629,0.10167114765165922,-0.6408296444191933,-0.15465493474035094,-0.8260830604924068,-0.07823526457267264,-1.0137357110584602,-0.02161487819134107,-0.7875297226728086,-0.013521488183700494,-0.602331669677886
VICTORY,0.0,0.0,0.21878732526995823,-0.1827235026776795,0.32218366989028674,-0.5339702569723844,0.2347309011277952,-0.8546456670395916,0.07217126939976222,-1.090642302643328,0.34382343023086087,-0.9674452428590576,0.4098052453985706,-1.356397734048748,0.433426809579447,-1.6126423278575257,0.4405209921007462,-1.83643531053998,0.18689764461427236,-0.9823793923111565,0.24159431787301117,-1.4282646455180819,0.28696274300396446,-1.7149655167838171,0.3084230750506964,-1.9511111069542526,0.01632215817761401,-0.9131392908321528,0.04904107826319221,-1.128716506098043,0.09996014737919946,-0.8295512481958017,0.10918666889500751,-0.6350967514850586,-0.153277726425965,-0.8243024332011646,-0.07927702182161565,-1.0094375330741638,-0.020133776563505235,-0.7841557634067214,-0.008463982878728795,-0.601626989109956
VICTORY,0.0,0.0,0.21599732998219562,-0.17705551975757336,0.3213515718454947,-0.5248141833487472,0.2408552989908171,-0.8425638521850496,0.07955597316510013,-1.0805686289087457,0.34141070904009474,-0.9708427861779089,0.40497186046201156,-1.3578465661742214,0.43041117684370156,-1.6115661654119817,0.44084561687313645,-1.8297777189394064,0.18775802130931404,-0.9822153152104742,0.24201913066141253,-1.4241512426392287,0.28963592715360564,-1.7104257894690664,0.3149431076482401,-1.948745494267743,0.019401426395408112,-0.9114869920027219,0.0540689691186267,-1.1292954426471693,0.10073232812750067,-0.8324497722030076,0.10629631010203408,-0.6372903726694249,-0.15069055737932543,-0.8208506162283985,-0.0746942315310465,-1.0096419755454702,-0.01718499216373197,-0.7827919436580835,-0.00882524978349109,-0.5965061131974745
VICTORY,0.0,0.0,0.21563692443000462,-0.1752440589426851,0.31713320900996195,-0.527484594688327,0.23931855742964,-0.8461407833648646,0.07881713359449523,-1.0786078895277167,0.3403069716655987,-0.9694989795303937,0.4064459088034819,-1.35514872157758,0.4331885276332691,-1.609691393384195,0.44302772634146714,-1.8299799656839713,0.18638879506674635,-0.9824760643769224,0.2424960933163584,-1.4221961935551126,0.290583661725668,-1.711345519319199,0.31448841926479754,-1.9499544220165488,0.017369999167107516,-0.9123490444258844,0.054861866821750684,-1.1276966772203592,0.10262440831274788,-0.8320800229111266,0.10845607815284941,-0.6382106840729177,-0.15102772256869312,-0.8241472952257259,-0.0718087248842487,-1.0096601339085045,-0.013722032905807618,-0.7854271692826504,-0.003825821900166645,-0.600690152428198
VICTORY,0.0,0.0,0.22498945563939557,-0.18414330966419976,0.326606817636473,-0.5313037089954862,0.24024351397485194,-0.8464707765358475,0.0838282410719862,-1.0892320831570783,0.3460659801698785,-0.9673550459627309,0.41447209842185495,-1.3551955585426898,0.4410228583896154,-1.6145560743001885,0.44968157618957183,-1.8397595629495689,0.1887900037715062,-0.9820174817567938,0.24669421873558325,-1.4278662099149961,0.29358160673600425,-1.717200489981488,0.3159705643488324,-1.9547733215181953,0.017575595854614028,-0.9144965750815621,0.054219367806713714,-1.1293105420590837,0.10072307100163556,-0.8270090743049042,0.10660634384001942,-0.6328141497262288,-0.15399583004363201,-0.8281199380078684,-0.0738486265827027,-1.0118063560850465,-0.017495404904863014,-0.7821420156956768,-0.009395991995133596,-0.6000101464812887
VICTORY,0.0,0.0,0.22249618344554553,-0.18307825637204586,0.32481144746785,-0.5370638382466334,0.24040734478122142,-0.8516051809569642,0.07903904195895654,-1.0886836013669956,0.34528988076980655,-0.9691551455275996,0.4123573663247296,-1.3586211200052467,0.4394651753819668,-1.6140710997834276,0.44837696612098443,-1.8337263400965094,0.19093375013429503,-0.9816029253520258,0.25032967233916914,-1.4313769745141247,0.29896941522104126,-1.7172035639577952,0.3212970673458651,-1.954183091582276,0.021623454140311582,-0.9136788350646788,0.05697737075156804,-1.1299054955517225,0.10179035687843378,-0.8278221015897819,0.10441463837468806,-0.6344767911374061,-0.15061460217447908,-0.8292477847295454,-0.07281839339125702,-1.0177962866365167,-0.017846143778080553,-0.7855808998892059,-0.01242394640888536,-0.5995442493129111
VICTORY,0.0,0.0,0.21587307513546863,-0.18105891840500332,0.3160392316211177,-0.5285737261541875,0.23989522764304816,-0.8457178605317588,0.08753408296367546,-1.0924085978953826,0.34093547878455627,-0.9697020199183162,0.41180540685082484,-1.3583334702855567,0.44163113248204927,-1.6154135483023324,0.4536969821259664,-1.8364721120978238,0.1864128431548975,-0.9824715018293954,0.24532938116206532,-1.4268287027719915,0.2968107955600141,-1.7164795081101893,0.3243854298397615,-1.9560562902284393,0.017221703683616647,-0.9147903348961137,0.061651091594046505,-1.13160785524979,0.1076184403130467,-0.8339681135046229,0.11233059823179545,-0.6403362641746159,-0.15165839891794675,-0.8322746342611939,-0.0689607113197598,-1.015995982679255,-0.012935955023963441,-0.7903961032847415,-0.004202987016998338,-0.6068103902443137
VICTORY,0.0,0.0,0.22117940304330155,-0.18547067567202943,0.3197275803426962,-0.5310665571337638,0.2412472798821916,-0.84236030081018,0.08396356748329567,-1.0951823320307723,0.34637879811860145,-0.9718194972749872,0.41511989407587485,-1.3591972843626134,0.4420223292839107,-1.6215060357988744,0.4499536044003863,-1.8453299995561079,0.1892720020807597,-0.9819246963124723,0.247739787284745,-1.4284778073627573,0.29691303424206916,-1.7174671676209419,0.3198536324581627,-1.95865579209664,0.01689206029962275,-0.9140111103232661,0.058250772868513885,-1.1297245389204211,0.10362041307733051,-0.8230493700918046,0.10587199523631081,-0.6341439959730147,-0.15658630848367697,-0.8349996173801978,-0.07112645804985429,-1.0172572943060358,-0.01773059190994687,-0.7840266755964248,-0.016019893677583708,-0.6045332772228261
VICTORY,0.0,0.0,0.22152685495999944,-0.1876406767144184,0.31903742541980784,-0.5409128839341927,0.23801408033230154,-0.860482525136613,0.0748199245695711,-1.105827983962876,0.3448020402251137,-0.9708251772326086,0.41242644288214714,-1.3556558866029031,0.43950794814944055,-1.617974487674514,0.446778460361468,-1.839168763189732,0.18904680816625494,-0.981968077038226,0.24661161683057198,-1.4300900924867535,0.293425578015152,-1.7153032826617414,0.31400902182428475,-1.9560355713413458,0.01863958630774473,-0.914064107504547,0.055816533971057965,-1.129421300248662,0.1051170822823036,-0.8259383450148494,0.11146908999838344,-0.6366012661200793,-0.15249752424275975,-0.8379808750687388,-0.07232643377513148,-1.010177603617947,-0.015974010510168335,-0.7823636607535039,-0.007260505060575304,-0.6061189761054812
VICTORY,0.0,0.0,0.21838155120111338,-0.18613567474101217,0.3187566000699104,-0.5374769246482657,0.23310523145709694,-0.8511537576593875,0.0711324824906273,-1.0883627752400162,0.34135603422958977,-0.9723756986067907,0.40506389160461775,-1.3545032162743267,0.4307621094930436,-1.6112137694720177,0.4383559948421025,-1.8289370583307525,0.18577926086876273,-0.9825915052711661,0.24209315850481744,-1.4285257682499015,0.2889630053261821,-1.7118743540951307,0.3103154651398435,-1.9482945443792925,0.01558547218054622,-0.9126117248037745,0.05095061810553181,-1.1252953961174474,0.10005062815236777,-0.8241459701200782,0.10715601721315295,-0.6336197721771856,-0.15553902649516568,-0.830461646698267,-0.0766722934263871,-1.005774782910773,-0.020396395566316415,-0.7773054608961455,-0.012124078276644351,-0.598009240011611
VICTORY,0.0,0.0,0.21716451914002285,-0.1831928075856374,0.31320330028120047,-0.5404310732388242,0.23132849741157652,-0.8595282672575644,0.07182235280798456,-1.1030970388644903,0.34412759003637405,-0.9730983667489793,0.41037215429595136,-1.3600636117907825,0.4366583280653458,-1.6200270195177844,0.4433537333922178,-1.8410306851144802,0.1877997833336451,-0.9822073311576511,0.2470215249092112,-1.4290313580677152,0.29353792237103793,-1.7148948006157463,0.3118533391980578,-1.9537258074760249,0.016641597271054694,-0.9112635143638538,0.050345248574583536,-1.1252174114381404,0.1013722777018436,-0.822159727725871,0.10982176813632415,-0.631605622137099,-0.15359026204509527,-0.8320119905446942,-0.0759502137548524,-1.010530203580306,-0.019193126671633535,-0.7822814121328145,-0.009366538661095228,-0.6021680563052396
VICTORY,0.0,0.0,0.2225182921425621,-0.18348304122759326,0.31949926224631975,-0.5384935041317682,0.2380040851873332,-0.856377252443026,0.07932857182579856,-1.1061143520158083,0.34264037677269776,-0.9723758474619058,0.4087644439065927,-1.3676534799537354,0.4353557471480439,-1.6294676432710051,0.4455145794457905,-1.8524461987014467,0.18498706122872882,-0.9827409562941593,0.24209555537362848,-1.434662354782955,0.28939385900730435,-1.7248944593735895,0.3108292694255243,-1.9604518012511873,0.014436423364589463,-0.916006861709422,0.04909368764520958,-1.1334577928252574,0.09799092144803163,-0.824923971737344,0.10362742456424663,-0.6260736476075628,-0.15429095700453463,-0.8384489258137136,-0.0769143582107442,-1.0349532849035554,-0.020350895911039786,-0.8091938870638897,-0.012331879686155692,-0.6236026664861043
VICTORY,0.0,0.0,0.21717865502746841,-0.18676670921462785,0.3135015792755593,-0.5352098756238189,0.23291649262877254,-0.8516985045248519,0.07821248388209315,-1.0984781370703958,0.34248595175173235,-0.9697576134248653,0.40754597206553467,-1.3599940842245388,0.43247220232028355,-1.622128159842553,0.4410879152652617,-1.8462279747782866,0.18666781373848162,-0.9824230897704388,0.23727246384511194,-1.431760208045333,0.28197461553333225,-1.7226710898962612,0.3051382465700916,-1.964441203200818,0.016661412169935184,-0.9146092303442316,0.04965117838186004,-1.135667152463612,0.09647209264920999,-0.831433691591202,0.10467248267992331,-0.634257186159583,-0.15383553127258934,-0.8359679031778999,-0.08102865634339115,-1.0188158632812556,-0.02658155517576339,-0.7950112113519919,-0.016763354490019138,-0.616169343219457
VICTORY,0.0,0.0,0.2156757662609282,-0.1842599753785213,0.3168719300645736,-0.5263344668938101,0.2395913465980609,-0.8415894206874723,0.08538574314943978,-1.08083628760794,0.3395166511889398,-0.9653345818293886,0.40407617324512557,-1.3534403749356492,0.4292673989843295,-1.6089662052527893,0.43918614655671384,-1.8302642325186202,0.18587884093468454,-0.9825726723722669,0.23690893939743776,-1.426268668777575,0.28300661787692566,-1.712674362727338,0.3092389657422671,-1.950114443185255,0.01759270938465673,-0.9151919436256197,0.05354958629848897,-1.1295858928193205,0.09804042767125061,-0.8378995206381952,0.10450701025521977,-0.643378963009049,-0.1532042192889482,-0.8272064180172392,-0.0779537987779336,-1.0106383826460354,-0.022661283858407735,-0.7921410318375953,-0.01183989876884886,-0.6119913854530701
VICTORY,0.0,0.0,0.20899013914005626,-0.1785139625374748,0.3090037197450251,-0.5274241479058737,0.2263291257492047,-0.8438866430500946,0.06839874370328086,-1.0802624881237444,0.3350948282159396,-0.9703962808612239,0.3982648293141218,-1.3511566788017975,0.4239863923528719,-1.6032928734471943,0.4328966406284009,-1.8232295762900161,0.18152318074939075,-0.9833866659918793,0.23520997552217493,-1.416386076279225,0.27929972295965255,-1.6949614076258281,0.3001446373739495,-1.9287395509733793,0.013619700735429723,-0.9123904082125164,0.04613519516550905,-1.1198965484734085,0.09206560161319373,-0.8262908261185923,0.09966617787473168,-0.6352355874895516,-0.1532851058916089,-0.8232073610502141,-0.08274283605176008,-1.0044069706214418,-0.026357321294085065,-0.7861362246236213,-0.012469281035299644,-0.6063702611771751
VICTORY,0.0,0.0,0.21386962786346841,-0.18644917558865917,0.3095504493228658,-0.5401298593695949,0.22609749888064345,-0.8565601556366559,0.06679570598553639,-1.0944022417484525,0.33908943794795215,-0.9690002586795324,0.40501605599870394,-1.3614445430966269,0.43043912518668676,-1.6201216990017193,0.4372571295298415,-1.841710131674469,0.1842679737572869,-0.9828760419541133,0.2373036060636384,-1.4340528205953023,0.2799408196099994,-1.7207398007898271,0.29857474855521066,-1.955969812413873,0.015140170127990987,-0.9140936503224627,0.0446346599316532,-1.1275710175936615,0.09264236850633625,-0.8280923036490366,0.10267466894041315,-0.6344985036339388,-0.1538274883829506,-0.8321071987347989,-0.08536317154170729,-1.0093304963430705,-0.028630845536932376,-0.7879628487188661,-0.013468331050530682,-0.6119850117227446
VICTORY,0.0,0.0,0.21541041422582854,-0.18637778643919087,0.31343389762857987,-0.5403101287566052,0.2247295183959951,-0.8561953812366409,0.06437231426231169,-1.095575967585211,0.3409038838530376,-0.9707944038110295,0.4055688972020903,-1.3612060759610638,0.4307690753100248,-1.6197017072882547,0.4376310742796654,-1.840959720993341,0.18497084663645172,-0.9827440083229174,0.23615438775755979,-1.4332278710623958,0.2801573226561455,-1.7184226890760335,0.2998849377873712,-1.9537997686587225,0.015255107367548556,-0.9133470264048857,0.04771241557409419,-1.1288784507237861,0.0955429976620497,-0.8274519770510423,0.10300315931629529,-0.635341787685946,-0.15400667027804996,-0.8316248347565749,-0.08199113105098131,-1.0098588630993,-0.024940906874579942,-0.784933264119074,-0.012037439514169827,-0.6075386603593081
VICTORY,0.0,0.0,0.211580569311951,-0.1833876014625697,0.3077399569012329,-0.5323773138675866,0.22598635849595797,-0.8483853971523171,0.06870795124786905,-1.0825023156699805,0.33395880364795205,-0.970999709885352,0.3966493844280528,-1.3557455358593589,0.42269085944168766,-1.6096651258983115,0.4314947310740214,-1.8278706608737902,0.18102731818872547,-0.9834780679147846,0.23102799667057738,-1.4229594087684176,0.27591343459315676,-1.7048254988074623,0.2977100047286305,-1.9385298434138725,0.01395403577207956,-0.912631767114143,0.04852224690848674,-1.1302501102760025,0.09468452347843816,-0.8375455684002826,0.10008991765612245,-0.6452335526243911,-0.1532533081308989,-0.8249573074903644,-0.07968991521720571,-1.0065606769957123,-0.02274150959422699,-0.7868780873622274,-0.010428944691449308,-0.6061724666710507
VICTORY,0.0,0.0,0.21100909610786342,-0.18570299060957343,0.3047466425916937,-0.5362363184776026,0.22471387242902138,-0.8486196843908407,0.06643384618565101,-1.086404284493518,0.3315848808650635,-0.9753316461844077,0.3955900142666237,-1.360435760534376,0.42247588296127464,-1.6165767489691727,0.4315552440031759,-1.8346041249812088,0.17783651317695426,-0.9840600462273952,0.22823777154454422,-1.4255519361839264,0.27299520101995783,-1.7094731171445348,0.2938726174132037,-1.9448642885778336,0.010407873766004072,-0.9118651125729663,0.046344775936215374,-1.1281186314219207,0.09426931506879171,-0.8308307247880367,0.10130338821791557,-0.6401147576818346,-0.15514688459717396,-0.8278851592614384,-0.0825627602635925,-1.006621323356144,-0.025108627264794,-0.7864065829183774,-0.012285765796620957,-0.6089449086225845
VICTORY,0.0,0.0,0.21519446345458207,-0.19366139459791776,0.3105636194588729,-0.5457758125674548,0.22222279833551986,-0.8641139533294055,0.06045381034236591,-1.1008448834032623,0.33538578544383857,-0.9712056420253546,0.40091654526282244,-1.3629865474520246,0.4260270176974251,-1.622401192398371,0.43186034688401403,-1.8465176141738355,0.17903585128493604,-0.9838425503883628,0.2300428119046578,-1.4346544216035702,0.2730696865833785,-1.7222757816239211,0.29202316148199625,-1.9599749481986541,0.008911576268462099,-0.9142495766041745,0.042478828153985106,-1.1286734400830463,0.09247885553199112,-0.8315359537357186,0.1010648758051625,-0.6391933944028364,-0.16065546567992248,-0.829607283003664,-0.08671411081290646,-1.0087272603739699,-0.0288801642076722,-0.786868463088461,-0.01653577803679898,-0.6094702704601603
VICTORY,0.0,0.0,0.21039841269804152,-0.1820088240418159,0.3076552397520027,-0.5286501987156087,0.22594072652811878,-0.8392057179593803,0.06535966336933705,-1.0705985222260583,0.3338305702774689,-0.9731628643058543,0.39518414557073717,-1.354122158883899,0.41998202568976223,-1.607672635670513,0.4272255560933224,-1.8246265452494599,0.18085975398213797,-0.9835088964465551,0.23137494633207442,-1.4232831728818762,0.2743781104588806,-1.7030352640554507,0.29372781140253446,-1.9330362812639637,0.012689445897080232,-0.9105539516660056,0.04710294347949309,-1.1189136673368567,0.09416048756185981,-0.8229378940960008,0.10130447884401961,-0.6332692737102139,-0.15462456164771843,-0.8225892870909196,-0.08163390099796147,-0.9976569080164103,-0.02465212415982986,-0.775424972681239,-0.012422582958847052,-0.5972447892103803
VICTORY,0.0,0.0,0.2220717266220397,-0.1850204894042061,0.321354058150729,-0.5354155541980745,0.23359461876397983,-0.854020884577955,0.0740745006574683,-1.0949360554582421,0.34621192873496276,-0.9704340506121838,0.4094993692422446,-1.3662691573959902,0.434457484532793,-1.6282605537326433,0.4416547471827135,-1.853703344673929,0.18908468889584967,-0.9819607835474693,0.2408086528781752,-1.4403411615377841,0.28418337225985385,-1.7322810159586468,0.303062919975548,-1.9681313326543723,0.01828454481327135,-0.9118204715269032,0.05078437790359904,-1.1326603276966325,0.09976908807199462,-0.8301291015465309,0.10846394006050393,-0.631262552132205,-0.15283592143431227,-0.8302937435546031,-0.08084453906093697,-1.0149447486389829,-0.024679465733340556,-0.7902168573657186,-0.013001277513801961,-0.6077609937046721
VICTORY,0.0,0.0,0.2145433486491799,-0.17866761016746835,0.31214508040306704,-0.5280272459855757,0.2337639692049188,-0.8441639981876196,0.081206167606165,-1.0800688480504608,0.33632262747892355,-0.9683721197021682,0.39718586098867925,-1.353559437757605,0.4222184087458315,-1.6059330624529693,0.43021639448074517,-1.8277168852556982,0.18513868382502702,-0.9827124033772733,0.23333947237954478,-1.4208903659702363,0.2773255781260007,-1.7036511804237189,0.29816947354079804,-1.935956192084354,0.01922199716690608,-0.9123082533071215,0.0528815793891437,-1.1324532830885436,0.09713211962617019,-0.8430919935277865,0.10009608861560354,-0.6503519131304667,-0.14798513731398727,-0.822442325434033,-0.07605207282296464,-1.0142951173608628,-0.02199342831263721,-0.7943209125106421,-0.012529414257899314,-0.6073045310535657
VICTORY,0.0,0.0,0.21984110530584153,-0.18195377071981822,0.31515262962088136,-0.5288604874350256,0.23183741541236097,-0.8463960257820315,0.0746592677888942,-1.0881097903567463,0.34432523226190576,-0.9733572706647098,0.40619960053155885,-1.3608033998363205,0.4305945778286285,-1.6213741135316286,0.43641053584320594,-1.845724817736367,0.18790723353780536,-0.9821867803957497,0.2397869197948944,-1.4265520262511657,0.28136809301951227,-1.7134848104284246,0.29839697735756415,-1.9495404364443683,0.01804918775467258,-0.9109179011252754,0.04883890020975736,-1.1280073867639935,0.0941095317260468,-0.8330383800317831,0.10153453717701477,-0.6401179981487995,-0.14970349824070453,-0.8299637573915533,-0.07913718852670994,-1.0106674151895139,-0.024563779361827857,-0.7878446267781571,-0.011281805691756748,-0.6047253028770823
VICTORY,0.0,0.0,0.21427196904988868,-0.18234887841863234,0.30869139219367464,-0.5400527440307418,0.22904628052240067,-0.8619888965488954,0.06699299093952156,-1.0961334286841806,0.3349949050972828,-0.9694095675044345,0.3957909376568956,-1.3589743530234224,0.4190400142214398,-1.6155205230461325,0.42562809329436735,-1.8391101560151168,0.18145982444933295,-0.9833983588103131,0.23027355332087182,-1.4301496177735582,0.2733444979785206,-1.7146351600033871,0.29321970930978314,-1.9515608547257546,0.013335052897814956,-0.9139709363317362,0.04249558171652418,-1.1382359981034962,0.0875844897240636,-0.8425189929420767,0.09165944652363184,-0.647173028240909,-0.15553728062959052,-0.8273813673581389,-0.08667727635454021,-1.0192122270465047,-0.03180379346034043,-0.7988289892865142,-0.02202810911337306,-0.6137390502896278
VICTORY,0.0,0.0,0.22033423829444074,-0.176886583050995,0.3212754385569663,-0.5283813256386874,0.23210385663932775,-0.8472970678790348,0.07371803961021027,-1.0798795732186381,0.34131969156062364,-0.9670281096215386,0.40234809710808056,-1.3592882517897733,0.42587796590475213,-1.6151854175709917,0.4329418636766049,-1.839020969209051,0.1857874740229796,-0.9825899523688203,0.23495612690272588,-1.4324528894446134,0.2777185334250419,-1.7196124868128315,0.2990441622933353,-1.9540798375632793,0.017004688174785103,-0.9126201460413682,0.04538155549992798,-1.129782213182277,0.09214474863931835,-0.83549807992334,0.10123913724112868,-0.6394042777767073,-0.1529753523898484,-0.8211474804355761,-0.08430945550773826,-1.0103211946287938,-0.02714574894106997,-0.786993661301818,-0.013092643355884026,-0.6027578395187954
VICTORY,0.0,0.0,0.21501189442801022,-0.17598714059641077,0.31483930016097295,-0.5274455478535032,0.2277933897784265,-0.848935864932185,0.07048852543070673,-1.0822925491655953,0.337341211919127,-0.9699869698538105,0.3987479859856942,-1.3562314424119337,0.42374505339779556,-1.60951104693155,0.43202538476940566,-1.8333731041557781,0.182815158248666,-0.9831473022464717,0.23375039740576653,-1.4223847105352467,0.27723647744400925,-1.7053055085775193,0.29781546028190986,-1.9382162871142838,0.015070528354090474,-0.9121271442676296,0.048429934956763725,-1.1260087049449683,0.09458539786771657,-0.8329183070069318,0.10171951080734971,-0.636924284237415,-0.15192594565788856,-0.8212894596023542,-0.08109344123557942,-1.00851110408649,-0.025197958203055464,-0.7877276493819358,-0.011813475307528559,-0.601683488416791
VICTORY,0.0,0.0,0.21470844699361946,-0.17282262264848247,0.31668632204010067,-0.5246811440557625,0.23391638240167076,-0.8480091611835507,0.07451272955477539,-1.0761783579941075,0.3406918167902185,-0.9654450098367325,0.40286642111600485,-1.3542540043658982,0.42764987112925346,-1.6076881642864316,0.4361192680684759,-1.8306403582120119,0.18654719967278954,-0.9824459996835655,0.23650396223284148,-1.4262536754784556,0.27996036119434786,-1.7103700420726553,0.30194296999701375,-1.9428407474530125,0.019185054370900397,-0.9126613646646996,0.05119581496687296,-1.131626443055807,0.0956006392390129,-0.8424057089584067,0.10158801251292653,-0.6440235772520932,-0.14859590240104925,-0.8203999662894502,-0.08038898442175176,-1.0065724731770724,-0.024183233635389503,-0.7887723050475429,-0.009386661058376992,-0.6027403711616434
VICTORY,0.0,0.0,0.21613077194374367,-0.17938742352265022,0.3106813960482586,-0.5278289186091496,0.22888942950827096,-0.8447642509180975,0.07206661078252853,-1.0827184255324782,0.33740462176921726,-0.9738106727642918,0.3990886687540756,-1.3582964057056197,0.42569267706256264,-1.6130667886555108,0.43457815497074337,-1.8336370229648413,0.18309343415400348,-0.9830955164019891,0.23227981645089774,-1.421572118567346,0.27607973929339086,-1.705522538502609,0.2947279386702335,-1.9377186129127166,0.015040738445862347,-0.9109067266750723,0.04734178899208706,-1.125786786980259,0.09410154244559026,-0.8324231063424905,0.09932574775775328,-0.638030671790929,-0.15233181310254357,-0.8252884608988644,-0.07983294468282921,-1.0109797886568817,-0.023406877076246366,-0.7895741503018061,-0.011275875244081739,-0.6028098658315441
VICTORY,0.0,0.0,0.2193836287148341,-0.18631846632444182,0.3175275266339158,-0.5442311232604623,0.2277220071233372,-0.8632656238948518,0.0658792046595292,-1.0940089239344326,0.3391213243324674,-0.9672873535981338,0.401679614186247,-1.358305190049265,0.42669158349999053,-1.6138441643107568,0.4345469704095183,-1.8378286226399783,0.184715881788644,-0.9827919632430069,0.2330097129544109,-1.433819657212999,0.27697460300822896,-1.7197949473711158,0.297184643992228,-1.9531242907773918,0.015860268172631906,-0.9129522029645858,0.04618292783686813,-1.1325108432818278,0.09336761347463934,-0.8333330678783852,0.09985222390785391,-0.6381107913040861,-0.15425575823554105,-0.8256312910077293,-0.08431342241591128,-1.0156174027945004,-0.028773768991984704,-0.7941790973437263,-0.017927102009752092,-0.6133437369245373
VICTORY,0.0,0.0,0.21582295229823265,-0.17947344045417096,0.3145082057472403,-0.533307340670572,0.22542534572860845,-0.851196275194566,0.06717904581145104,-1.080211504522471,0.33666252810425734,-0.9688787947038338,0.3966841802498155,-1.3552666877745674,0.42099490893828784,-1.607975739619647,0.42995400045654025,-1.8295601908231072,0.18215405362902415,-0.9832700039900102,0.23022823931284944,-1.4262448348548595,0.27398860678173265,-1.7099553072177052,0.2960691467584417,-1.9418735652604207,0.014675717664076215,-0.9120085426248556,0.04604102232322519,-1.1320308687474503,0.09207902799035603,-0.8374707413532129,0.09883577201871607,-0.6399390947421568,-0.15294704071138945,-0.8198979654395128,-0.08473428741160265,-1.0099206522556783,-0.029634749613014884,-0.7875179330866217,-0.01769161959441769,-0.6015994068868398
VICTORY,0.0,0.0,0.21845109426257187,-0.17296518677038866,0.3202144622454864,-0.5264324780004893,0.2274261388241064,-0.8426048911381411,0.06507319549169999,-1.0665252102177056,0.3370414907161381,-0.9706687988853168,0.3992287400547364,-1.3530007125393673,0.42441880671031945,-1.604525640914581,0.4316785466865041,-1.8251034636296206,0.1824965378274801,-0.983206495951376,0.23626347565713335,-1.4206718511834144,0.27968445953660853,-1.703015869898974,0.29852134111610895,-1.932391378684262,0.015532777223380298,-0.9102790507926857,0.04683762087662435,-1.1241638247506824,0.09345338629484413,-0.8346724728245299,0.10078254657475084,-0.639693937812037,-0.15195361819677383,-0.8156411136942578,-0.08269764485823423,-1.0050194504971512,-0.025725100202220616,-0.7849476470404301,-0.011482168585802977,-0.5986207825908098
VICTORY,0.0,0.0,0.21655453837107524,-0.1833869149267656,0.3114622975693004,-0.5346013494824073,0.22988857976528687,-0.8516012996943388,0.06704310137766915,-1.0857277757083763,0.3333514141985328,-0.9768574033644093,0.39601600943252036,-1.3641285394933016,0.4224257594733322,-1.6202253115902996,0.4317964226780514,-1.8393624187510058,0.17972473527119895,-0.983716940756688,0.2315000298561142,-1.4233069703358807,0.2755277445198837,-1.7093646510071805,0.29449655042660694,-1.9440267596785268,0.012002925959015524,-0.911850110717305,0.045366733083168125,-1.1277401661766338,0.0937164317476029,-0.834584214766266,0.10013713223308508,-0.6403361970380627,-0.15457137004696433,-0.8294709207633724,-0.08378377153027528,-1.0154641766562502,-0.02613599066803711,-0.7958861462009178,-0.014507602936346647,-0.6106788895048842
VICTORY,0.0,0.0,0.2199108898827757,-0.18499138866323772,0.319205381139619,-0.537772476259241,0.23521319570351873,-0.8576811637146025,0.07467210770466581,-1.0936823112251306,0.3413410019869726,-0.9661149568373488,0.4070217153520793,-1.3594327321295616,0.4321954367405512,-1.6175895514433956,0.43895540080171624,-1.8422983305140601,0.18620827864188366,-0.9825102935670581,0.23746347134241222,-1.4335413191386204,0.27923075473399467,-1.7233195112274173,0.2970516129080808,-1.962486806206632,0.016698258450329545,-0.9139086127769338,0.047930096989245705,-1.1311278521802977,0.09405503687125927,-0.8345743405514102,0.09987013135937096,-0.6393861524529655,-0.15490670592388042,-0.827116400175452,-0.08313684718851726,-1.0126349513135353,-0.02670368547049873,-0.7910959999503082,-0.015356621068512382,-0.6107508492574725
VICTORY,0.0,0.0,0.2122082655981349,-0.17688103873546757,0.31096661897025396,-0.524250298846602,0.2311921033179305,-0.8502104688109182,0.07521574351392356,-1.0888828255465148,0.3361292737837888,-0.970483150107754,0.3980934284693898,-1.361858417871675,0.4230987301461148,-1.617036615128586,0.4307074466646724,-1.839603311840403,0.1816339217034361,-0.9833662178896679,0.23175995931804985,-1.4240828975868143,0.27420728973885294,-1.709304592196082,0.2937270093013681,-1.9471108772666774,0.013120419253477936,-0.912225731795355,0.0454301794234251,-1.128447572383471,0.09185974008935685,-0.8345421246249607,0.09905789080335026,-0.6396505717327485,-0.1557648142468798,-0.8236303769410004,-0.08606052170285762,-1.0137852227677082,-0.03018347870286318,-0.794832235254611,-0.017732754399647915,-0.6117915135668403
VICTORY,0.0,0.0,0.21471505376507777,-0.17499547705330537,0.31388652505652503,-0.5268597452820605,0.22725092529725083,-0.8504201973352455,0.06614944725423458,-1.083414399090102,0.3358830623329821,-0.9683409765288018,0.3970683913563848,-1.3584504328228317,0.4212869631090342,-1.612626270106837,0.4296096460970803,-1.8347738921568992,0.18060702032392373,-0.9835553386615894,0.230072011073425,-1.4318853063075538,0.2727010219451661,-1.7178497635659482,0.29400769664508913,-1.9518686550101896,0.012079857465425331,-0.9121453419302531,0.04253769438641811,-1.130065503288413,0.08910524968425731,-0.8357302419065534,0.09773996223937179,-0.6373883097412004,-0.1565566830919523,-0.8191823812232264,-0.08989369112219461,-1.008108990131475,-0.0318508238042944,-0.7865698920458474,-0.01608477369378795,-0.6005333299109877
VICTORY,0.0,0.0,0.2148585700604967,-0.179425887355566,0.31053022558633614,-0.5323876992492148,0.2205164260591636,-0.8508629790871348,0.06116216507824946,-1.08425799074783,0.33324099479243613,-0.9734141179720205,0.3968062223154953,-1.3586445803516005,0.42361052324844667,-1.611433882754538,0.43264376743074706,-1.8312015751055037,0.17881402098346366,-0.9838828923706954,0.22993781843793012,-1.4247972943244203,0.2739402254850849,-1.7100056120654785,0.2929621361571392,-1.9434440176096917,0.010606272459821502,-0.9101677850348132,0.04275874339133439,-1.1221435001041047,0.0913465846327178,-0.8257835850240169,0.09964844004572652,-0.6325064709655699,-0.1568716641071568,-0.821059706681065,-0.08543688012113422,-1.0051908029180694,-0.028576196819094127,-0.7830358162485722,-0.016053781653936176,-0.6022006368387588
VICTORY,0.0,0.0,0.21911123915663513,-0.18341652850501355,0.3179684524384851,-0.5430624422146332,0.22684748876071045,-0.8656441260265021,0.06440241598321264,-1.098043915971831,0.3393841075384787,-0.9667586207282526,0.40133394206241535,-1.3673978090000083,0.4258396410057483,-1.6249523458682893,0.4336303811032087,-1.8503843549433565,0.18347547499668948,-0.983024287632172,0.2324253801069418,-1.4427475942699093,0.2737524725981798,-1.7319609804806835,0.2927175832666875,-1.9688986317711625,0.014238060367352246,-0.9145855010828834,0.04296206192126409,-1.1357237102049014,0.0898836602666464,-0.837518628700168,0.098325867314227,-0.640865748243582,-0.1560317454088532,-0.827023352268644,-0.08938904445636364,-1.0175060755490282,-0.03356474346860207,-0.7937535958868953,-0.02114192949069944,-0.610957342343966
VICTORY,0.0,0.0,0.2150562747044274,-0.18373351190853718,0.30853738138545744,-0.5382844738029556,0.22010432380239575,-0.8532871087739854,0.05910926595630328,-1.0863118280735837,0.33233913134753146,-0.9754052297242756,0.3936479062052475,-1.3600381075693997,0.4202578124735368,-1.6123462287146437,0.4292266788439244,-1.8323150812083862,0.17801978807694974,-0.9840269076875072,0.22854122819582767,-1.4234660631858451,0.2717115441642029,-1.70435392004982,0.2895838336487812,-1.9338668110255155,0.010071541273505843,-0.9102483662800098,0.042184459161731316,-1.1214758336643487,0.08794016058245384,-0.8262639427880611,0.09330895700230094,-0.6349729280919165,-0.15664125995157965,-0.8206210006740686,-0.08735952439863383,-1.0080298862415724,-0.03169507337433099,-0.7846257024354896,-0.019818190066870967,-0.6007115621154147
VICTORY,0.0,0.0,0.2169085704372311,-0.17899792974460407,0.3128890241621377,-0.5311931055690243,0.22908396243187945,-0.8522639809625882,0.07126019135132299,-1.093293141467909,0.3360833788991714,-0.9715798514468454,0.3978404846318209,-1.365209171277414,0.4222296131132326,-1.6252415827441922,0.43012273793714373,-1.8496680860377852,0.1796005223259875,-0.9837396263139105,0.22933739159168587,-1.4348275327362234,0.27078308973287535,-1.7238062266943193,0.28967270387167393,-1.9602222400737648,0.010376755983717524,-0.913380784464324,0.04112288068687693,-1.1384102612448515,0.0898954240664381,-0.8398837887501203,0.10015060769518837,-0.6415406818279473,-0.15858640747753908,-0.8290541360664881,-0.08989789995251837,-1.0166917655145935,-0.03319122091807541,-0.7928437307841657,-0.01889101079248488,-0.609917395125528
VICTORY,0.0,0.0,0.2186296586116746,-0.173824029378699,0.3179030608589889,-0.5311902808159196,0.22930131804034662,-0.8552075647647881,0.06705818577643921,-1.0899299297222305,0.3390304452980051,-0.9697610914252163,0.39954075981779913,-1.3613208566779156,0.4228904004689765,-1.6169040878429242,0.429133180159291,-1.8408895936326704,0.18383638345417763,-0.9829568577096802,0.234749626836625,-1.4321482355544954,0.27824420751618056,-1.7183434432139246,0.29906885164651115,-1.9549668952987052,0.015294486149000315,-0.9106962284296378,0.04721388898911726,-1.1292522354842665,0.09564839843357319,-0.8334181424299099,0.10382194193555745,-0.6389371072362272,-0.15275243964812657,-0.8192727222468318,-0.08507186961827279,-1.0075225433959138,-0.027285010474074785,-0.7827679857137007,-0.013105910113917879,-0.5961620113960794
VICTORY,0.0,0.0,0.21889959302340461,-0.18366487793834543,0.31049198822812135,-0.5382115437255899,0.23248536110159093,-0.8568749584660528,0.07424727083967739,-1.099606807946775,0.33578913201488925,-0.9761691130790101,0.39834078951342955,-1.3668702185962982,0.4245325267810234,-1.627574458703134,0.4332232251815063,-1.8497378746304378,0.18204933022930514,-0.9832893985816492,0.23327487213278686,-1.4299318424889464,0.2768661107679695,-1.718630047177211,0.2948279931491203,-1.9555131087958169,0.014063260197197773,-0.9128980839192679,0.04576498938087188,-1.1360024308895236,0.09509056463182682,-0.838777228532549,0.1009727130065666,-0.6437619267698329,-0.15338169852199565,-0.8334539795239436,-0.08158126619168447,-1.0278278985278337,-0.023338368944056633,-0.8047219056878852,-0.01164971889777457,-0.6159092537712804
VICTORY,0.0,0.0,0.22069900192105193,-0.18114034880524868,0.3225855436156768,-0.5323821250964458,0.23661729001058263,-0.8530916387241774,0.0735593078819268,-1.086354625971448,0.34155484856197743,-0.9631352189937523,0.4039407023977957,-1.3544427332941067,0.42675704653627033,-1.610327535055057,0.43371262342074435,-1.8348313561289589,0.18585458125625864,-0.9825772614029193,0.23656129290579508,-1.435727419529384,0.27871149457071787,-1.725834070969247,0.29961123939022777,-1.9639133171384953,0.016148752364336657,-0.9143583123296157,0.04664558828803853,-1.132894695905567,0.09151425257517654,-0.8365258920466382,0.09819904980894878,-0.6373288260322957,-0.1553047322004733,-0.8229375152399804,-0.08400600585263483,-1.010822658176988,-0.026620147470829678,-0.7861688766025098,-0.013009613079624437,-0.5993254575831374
VICTORY,0.0,0.0,0.21906418453084758,-0.17721369302678905,0.3102705904203596,-0.5306664958196807,0.22777595285995414,-0.8483041811747571,0.06610409628218057,-1.0831691897966051,0.33021873785812644,-0.9787122241421212,0.3923609331184287,-1.36001044260131,0.41898591903698873,-1.6148917566128336,0.4271305427847152,-1.8347786151683794,0.17695225320756747,-0.984219436957412,0.2271255600052096,-1.4204159933674083,0.27096797394143246,-1.7036609498345567,0.2880975008366153,-1.935948280046398,0.010136860561587762,-0.9099649951806196,0.04425890680840268,-1.1332078154752543,0.09432142549602353,-0.8394947030142244,0.0990523041487532,-0.6446952523735724,-0.15536309618782282,-0.8231581725115433,-0.08048875658089451,-1.0171671418132693,-0.0218877567555511,-0.791940069999877,-0.010757890165832933,-0.5990279155626292
VICTORY,0.0,0.0,0.22021729782875615,-0.18339527258472701,0.3126444205602407,-0.5350979401911723,0.230844640735882,-0.8566468968953593,0.07011184370342566,-1.0988431093034308,0.3377102232660589,-0.9709973802284664,0.4010848327557299,-1.3597695638324703,0.42496759545312285,-1.6203529392928853,0.43075661131786713,-1.8446069272339192,0.18069998615730762,-0.9835382631106677,0.2301138873873495,-1.4332095152143416,0.269487531531538,-1.7233786460878555,0.2849648570476309,-1.962651845101797,0.010634690981712346,-0.9127765582246314,0.03792189264959173,-1.1328328952126612,0.08519820097514072,-0.8331576362611671,0.09291741667372119,-0.6356839595324859,-0.15968537967652838,-0.8279972608463914,-0.0901202073841495,-1.013924071817106,-0.03351602513481344,-0.788184125827366,-0.01997859130955444,-0.6038338569282773
VICTORY,0.0,0.0,0.22042789560941412,-0.1785190175314099,0.3158319967368301,-0.5296595305669656,0.23208161188678053,-0.8495278536850495,0.07166939265857557,-1.0900107434075768,0.33894326734996466,-0.9712964236939785,0.40153475644396214,-1.3571812816597508,0.42668286932221405,-1.6144724257544638,0.4355080038516533,-1.838224563434217,0.18251722593692382,-0.9832026557308976,0.23138789005587324,-1.4275582090013785,0.2744756393503645,-1.7168388194739976,0.29508632009984526,-1.9547366519248364,0.012260564582168872,-0.9116545820781652,0.04634696285804469,-1.1312551529848927,0.0924422331021923,-0.8297325936856986,0.09864723169123864,-0.6324382569410145,-0.1577587142293156,-0.8244515444355168,-0.0843483685093311,-1.0135635600888204,-0.028922172389880162,-0.7872304175467597,-0.01769414905420685,-0.6018744788384561
VICTORY,0.0,0.0,0.21689261512422442,-0.17823720602595597,0.3139479410106541,-0.5284312051531685,0.2339837307569118,-0.8480197911469698,0.0717865522821196,-1.0887656148630458,0.3366097854430415,-0.9724183665540059,0.39779690486253044,-1.3585651307961362,0.4220217531493509,-1.6157319396903183,0.43018083864431905,-1.8375113981172242,0.18040435416364817,-0.9835925319962514,0.22998247131546332,-1.4300298657950634,0.27285801617561817,-1.7186744237397917,0.2931590642922253,-1.9559381299386551,0.01058732588979433,-0.9115404503465343,0.04350048017530029,-1.1275065334186762,0.09026325073799028,-0.8257320585139524,0.09671461919012109,-0.6278965158942316,-0.15910546329108,-0.8234828238326845,-0.08654641007725561,-1.0143297906977227,-0.02940390700717328,-0.7876370564672308,-0.016660462368553293,-0.60038085293847
VICTORY,0.0,0.0,0.21883160556252299,-0.1823749750783512,0.31424457955370727,-0.5357062845136836,0.23243944515239598,-0.8549562107206354,0.06842900157249313,-1.0925991927525711,0.3373461989498339,-0.970057556094526,0.40007536597336646,-1.3545234497266803,0.4240171753332961,-1.6117317405438845,0.43117984852764957,-1.8344807333936075,0.1807315265777256,-0.9835324678427677,0.23054772133957027,-1.4320794463854167,0.27334504781280344,-1.7218137002631784,0.292647536374561,-1.9596280592936017,0.010760641581420363,-0.9123658610066112,0.043848101457317934,-1.131819482863276,0.09162630118954658,-0.8338468647416132,0.09841750999677237,-0.637417458057404,-0.15952416054421786,-0.8247288495571357,-0.08660457570139134,-1.0145892683834494,-0.029421446599394305,-0.7896194572928087,-0.01665265867591737,-0.6035336326678702
VICTORY,0.0,0.0,0.21750649888924356,-0.18026972415142,0.31520091892465424,-0.5322588078419179,0.23358598367884062,-0.8527257157253846,0.07272470311246987,-1.0897805962202163,0.3371009665432675,-0.9677231941451393,0.39982174305929713,-1.3538470510189005,0.42388287323155566,-1.6094198489410025,0.4315526892164643,-1.8331638198702718,0.18169284835307245,-0.9833553319412812,0.2316594362372355,-1.4283216108773673,0.27328998696470114,-1.7147595831779423,0.2932586878233154,-1.9514228140322587,0.012276782749523084,-0.914354268413238,0.04592726681748314,-1.1352074077972798,0.0916157675448683,-0.8379652857070032,0.09817201536453285,-0.6407047114625495,-0.1573480532041622,-0.8262170594700747,-0.0851253840552678,-1.0126463298865453,-0.028542430573663603,-0.7857140959694774,-0.014867025405867604,-0.5983332975324842
PINCH,0.0,0.0,0.2688867475412535,-0.3450339814396796,0.3624820223670529,-0.6753275686341457,0.45784714994800557,-0.9234413642049559,0.6178945141055874,-1.0938288395360698,-0.0038527117296004226,-1.0626177979221088,0.24561371161167378,-1.2094372521443641,0.4190154829077956,-1.1994149877931073,0.5631805370806872,-1.2080424586394956,-0.15417332159986463,-0.988043818313168,0.1604375867425072,-1.0480723108475454,0.19336750897902183,-0.718754192634616,0.10796714171872715,-0.6766736061860928,-0.2602954062556726,-0.8360936748536945,0.05059847304187372,-0.8632952975065957,0.09312608625970688,-0.5815040856220045,-0.0052240020657759985,-0.5667501610166502,-0.3415429735617766,-0.6680484681604186,-0.07868108543739687,-0.7241108155579798,-0.021307751119115547,-0.5250299953684318,-0.10101125355491729,-0.4760853172511925
PINCH,0.0,0.0,0.23529126481157275,-0.31100195365219585,0.3376197384768711,-0.6716544337454734,0.4249686597815294,-0.9253564692270619,0.5951121845867192,-1.0765740848171168,-0.024516925424697737,-1.04999201855823,0.22205590219156845,-1.187589221949091,0.38929790985803975,-1.1780609075261161,0.5283229385496959,-1.1880272473786635,-0.17631922469679212,-0.984333038662384,0.12751470653303673,-1.026367999945072,0.16308638473632986,-0.7111056183253972,0.0931737421872312,-0.6340014467536536,-0.2854534611409032,-0.8358784232689209,0.019245140313545933,-0.8505940137083893,0.06005127973340294,-0.5684464692307452,-0.02260325882937392,-0.5255571290277049,-0.3705415061641786,-0.6586572331195063,-0.1176812649718177,-0.7163830220873473,-0.057332311412453915,-0.5208418196782588,-0.12136738656128244,-0.4620932069324631
PINCH,0.0,0.0,0.24984743223287847,-0.32913289955889724,0.34759125493557974,-0.6781274779163836,0.44030422485655896,-0.9305451331432174,0.6066383479070001,-1.0901929752605912,-0.012262044280226116,-1.0562637026685604,0.23836776007321328,-1.1962387283458271,0.40641784408220544,-1.188512666735843,0.5466019097203558,-1.207511435955141,-0.16412868228276603,-0.9864389366058717,0.14238959288126435,-1.0374183985281018,0.17428553965410826,-0.7164909804122581,0.09623200143016498,-0.6512866546984366,-0.2733653790621326,-0.8373241488440506,0.03199447112285782,-0.8579421994812485,0.07342318202475287,-0.5721394904243098,-0.01631883771856907,-0.5415145020016159,-0.3577332673565834,-0.6672244239830724,-0.10011745819896943,-0.7249498925414796,-0.04112691162025505,-0.5238405365057345,-0.11179031648905977,-0.4702753436608458
PINCH,0.0,0.0,0.24874546201620315,-0.32460890639036993,0.3498473324181047,-0.673823436876338,0.4389440478099007,-0.9262488128675398,0.611422855048004,-1.0848164580747175,-0.007242930332175978,-1.0534982618046447,0.23203474600104304,-1.1898456853401782,0.39845013714629646,-1.1853922891964237,0.5402035284482439,-1.204261061923637,-0.16229178448783488,-0.9867428118247197,0.13699024526348338,-1.031780066454264,0.16686541818134842,-0.7064488134048058,0.08874124298055937,-0.6452105854758419,-0.27431333202007346,-0.836258838437496,0.0258342583684225,-0.8516229860314093,0.06662058583168,-0.5633781068785834,-0.022207898474494704,-0.534753277791138,-0.36062267266220094,-0.6640784368425207,-0.10759841232354068,-0.720668631214806,-0.04603704597959955,-0.5208356662364707,-0.11516833926793232,-0.4682381877406642
PINCH,0.0,0.0,0.2623690056130299,-0.33778436455327776,0.3590542872661024,-0.6805110611862313,0.45003116033924156,-0.9297464845714415,0.6183580620837755,-1.086658881141925,0.005248843599282366,-1.0594792914838513,0.24724798257780442,-1.195961825387892,0.4149075874160857,-1.1830417550502152,0.556101370417455,-1.2035365845180983,-0.14805442751254114,-0.9889792143892276,0.15308033787947906,-1.035897267355356,0.1838718273791927,-0.710530347423274,0.09955162386857516,-0.6665376501106115,-0.26067752788994347,-0.8357273849618185,0.03693327982092743,-0.8547758361029744,0.0826418174072164,-0.5704025054825467,-0.011897768009319121,-0.555204666718572,-0.3498002461379912,-0.663317053868394,-0.09726824887667275,-0.720357211937216,-0.03236387105343377,-0.5227427674665237,-0.10598379960832628,-0.47633797535163186
PINCH,0.0,0.0,0.25448730934590363,-0.3282559648537448,0.35117221615118854,-0.6799442235165948,0.44393454116393544,-0.9317575994494254,0.6160707452844841,-1.0833202847364551,0.0008356294707924295,-1.0539442859665884,0.23628252444649714,-1.1945505295269094,0.40000765742859257,-1.1880018570264441,0.5420660542083823,-1.2087066543938894,-0.15209323084095144,-0.9883661513489628,0.14536751721902927,-1.0401898549234883,0.17246694282133815,-0.7145818797936735,0.09267172433440343,-0.6575757943054864,-0.26571358855211724,-0.8387796933582989,0.033506707885997286,-0.8594161935307174,0.07226473047217631,-0.5702494522123,-0.019654049066632037,-0.5479771706598418,-0.3565485112514065,-0.666102658657843,-0.10204918344817164,-0.726683772953724,-0.042469414659746955,-0.524481086577209,-0.11416817979750121,-0.47538684399986875
PINCH,0.0,0.0,0.23219696845423135,-0.31656072362221227,0.3304194390425962,-0.6653588130534891,0.4202774569216038,-0.9160441328668993,0.5866854262934003,-1.0759784121096068,-0.03902184637913724,-1.0515316116824591,0.2054968648913809,-1.1874275281314433,0.37627595143314346,-1.1855947743580788,0.5176552937830734,-1.1957176298924914,-0.19087670419795816,-0.9816140197626179,0.11675816779693471,-1.0389951029936597,0.15769668078899368,-0.7169466651071541,0.08739765633464629,-0.6300148177534193,-0.30068479685366384,-0.8343991421103963,0.009187586668658859,-0.8544684507734126,0.04695931718113505,-0.5610952554764315,-0.04149292883186734,-0.5120261794300237,-0.3891225841280823,-0.6570665091599112,-0.13594103119041728,-0.7236824090072908,-0.07566092741016109,-0.5220247883290702,-0.14140336297976167,-0.45935302374429726
PINCH,0.0,0.0,0.235641610621012,-0.30237275651460244,0.33389678792387617,-0.6575721079870186,0.42023135824967384,-0.9086518863870433,0.580067507768389,-1.068147244755329,-0.02005800152045873,-1.0439737395963211,0.21388192000055417,-1.1749286607775493,0.3778102833069994,-1.1672490166354155,0.5144794345529597,-1.1763249185006255,-0.17286854937430254,-0.9849449043663429,0.12660124906824352,-1.0164161227805717,0.1539100441444626,-0.6986678714188447,0.0767822181791095,-0.6331280778941646,-0.2839940325710309,-0.8451044801003242,0.019891629252806475,-0.8468783620712323,0.05312307305875262,-0.5679888018040099,-0.032666254092879515,-0.5327332942963365,-0.3714887321324024,-0.6747927710151013,-0.11773603252017638,-0.7163037851204136,-0.06308755923222378,-0.522049656062656,-0.13024367407038442,-0.46588632247799094
PINCH,0.0,0.0,0.24410761534704617,-0.3191379859776023,0.34600212610419007,-0.666804838419616,0.43284409383580175,-0.9152975350286903,0.5987557661191345,-1.0770267779596108,-0.018026312763733458,-1.0549240726414801,0.23058481158852,-1.1897972838062425,0.39782556976878575,-1.1822084294552293,0.5382295963647616,-1.1980704380966287,-0.1719589103323441,-0.9851041230029001,0.13250048791870403,-1.0310914314953086,0.16657181844480562,-0.7102571993562401,0.08995883290106022,-0.6510465254299107,-0.282287001004012,-0.8360217524995662,0.021374494609951042,-0.854619133662304,0.06316926684997486,-0.5720217594673324,-0.0242031703773623,-0.5415448308590919,-0.3671470741723955,-0.6650146037985195,-0.11409999145147334,-0.7230912492872699,-0.05322893087318423,-0.5267789355050927,-0.12202362972643041,-0.47157995855311124
PINCH,0.0,0.0,0.2519536119016923,-0.31861379550154334,0.35102221636213027,-0.6661655085326075,0.4382152905165049,-0.9125163357766816,0.6036677189597539,-1.0719557184125545,-0.010065054652090613,-1.0554123342099027,0.2368055122695496,-1.1876772422693576,0.40328676687785436,-1.1770646249805115,0.5434705084503008,-1.1969695439795631,-0.16283061036631602,-0.986654038824011,0.13958704959634827,-1.0295095558659244,0.17008588613570744,-0.7086846567644433,0.09069304375586529,-0.6587198353235495,-0.27232846124811166,-0.8363538466239451,0.02848895356687842,-0.8514451103537111,0.06958340762368491,-0.5719865483196079,-0.019856129655137146,-0.5515006904659543,-0.35603632726916024,-0.6646695286495127,-0.10496973510610523,-0.7191286363210132,-0.0456506761212096,-0.524931181087715,-0.11690397128939914,-0.47464676394452376
PINCH,0.0,0.0,0.22745793127353836,-0.2810920098224352,0.3296264524885083,-0.6533788671906032,0.41550188193899745,-0.9043398351566218,0.580132863306758,-1.0603750997689068,-0.028375838230246996,-1.0489628611896917,0.21674979538595657,-1.1703639363209006,0.37541955905990115,-1.1470667996899802,0.5065535767450591,-1.1638502090228457,-0.18156395699399475,-0.983379138237477,0.11542708585860147,-1.0123082079438077,0.14860942447410666,-0.6994105246423791,0.07910055113045085,-0.6440480627827745,-0.2918961269010649,-0.836599048075134,0.005603391373241433,-0.8403703287064397,0.04589300252898339,-0.5679199022659224,-0.03234663313371664,-0.5433720393710945,-0.3750050102709116,-0.6600243083360203,-0.1336147025152857,-0.7074923797016106,-0.07900748519108355,-0.5192048805814587,-0.1471243952679796,-0.46597516132282
PINCH,0.0,0.0,0.2333003924154003,-0.28609101797877373,0.33640188237091223,-0.6415815232754442,0.42219368206810604,-0.8870744524637256,0.5763611404393246,-1.046471373746226,-0.016706469257496602,-1.0464371061064506,0.2268123122573981,-1.161761642088321,0.38250866006646944,-1.138029422350668,0.5108303591113036,-1.153351700042783,-0.16864067238231664,-0.9856775961836812,0.12817495616805374,-0.9965971454092909,0.15015632059472792,-0.6911276665967226,0.07515136592459394,-0.6425710842795406,-0.27946274448481917,-0.8393807514242443,0.018241770060210553,-0.8239001793445213,0.0470976651889353,-0.5611356964647686,-0.03475600891264419,-0.54284937847285,-0.3638779246596141,-0.6643743675201559,-0.11991789201222366,-0.6898305811608348,-0.07247064162719197,-0.5026134212562429,-0.1405698378267703,-0.45579409773490304
PINCH,0.0,0.0,0.23235630943115687,-0.2843757629623513,0.33847475142851724,-0.6413556620533364,0.4264035732955193,-0.8888576822227099,0.5802618034973653,-1.0506824405145632,-0.019897638771134818,-1.0480404603787423,0.22982786360733026,-1.168784812779924,0.38918389000830605,-1.1425881880761442,0.5191320832218858,-1.1562876985257788,-0.17148512713352923,-0.985186708787729,0.12818640979332305,-0.9943563002680071,0.15323501467631012,-0.6857012080057998,0.08063193493941377,-0.6407171566473899,-0.28077730350760854,-0.8381016176099518,0.020259091544041336,-0.8267682022539659,0.05029714580217963,-0.5589931350497036,-0.03098435885664144,-0.5409490745808542,-0.364062477494782,-0.6646565502060445,-0.11509893935663336,-0.6987782257242452,-0.06972524624579629,-0.5074094153104286,-0.13851869937958822,-0.4585095977790821
PINCH,0.0,0.0,0.2664307864762558,-0.3207814640274223,0.3712402520790129,-0.6777751506420376,0.4685622995992768,-0.9238124882529094,0.6317902115811832,-1.0831772858395332,0.005048501418010989,-1.0554891781040776,0.25439582568120445,-1.2036641986184067,0.4264178740151754,-1.1664591216452824,0.565168028283137,-1.1744076211233416,-0.14827188159374172,-0.9889466361379927,0.1558359388811735,-1.0314565282041817,0.1797643073499593,-0.7031749578593022,0.0959670686427045,-0.6614827772214168,-0.26148209162077396,-0.8414148638212123,0.045742333211074425,-0.850691096458002,0.0827537446692798,-0.5626235273777045,-0.008234267984279058,-0.5559010286030398,-0.34552309737788356,-0.6722059217953487,-0.09130663462531054,-0.7190565496729642,-0.03913940972216396,-0.5163284629310119,-0.1141669822447847,-0.47364161530220034
PINCH,0.0,0.0,0.22290145199388553,-0.2776975452079538,0.33926769006591173,-0.6384493844933725,0.4329738604624744,-0.8863685240960714,0.6010122934019794,-1.0420310665783672,-0.03212530168331974,-1.0425736599682816,0.2304112948603359,-1.1650704060754227,0.39967353865662497,-1.1471096889941683,0.5372993425914055,-1.1592141704647418,-0.18181819395977458,-0.9833321637906521,0.13155306996819013,-1.0052264583654285,0.15789871896548155,-0.6969868118475825,0.08463294663791816,-0.6181627698779096,-0.29040113085558455,-0.8455367994215233,0.023304621909343584,-0.8394452004529657,0.049175333252942446,-0.5582964828017946,-0.034263054510408605,-0.5132681935229674,-0.37721087975174694,-0.6756895721267329,-0.12138354255355782,-0.7185198640930223,-0.07423490565779008,-0.5213594827000502,-0.14161227080881772,-0.4591218199599843
PINCH,0.0,0.0,0.24662110516462263,-0.29973033212572303,0.3561981416537406,-0.6556542316156918,0.45100759119946415,-0.8960069365732164,0.6135211550114975,-1.050445162537039,-0.005043536586432578,-1.0441930599605438,0.24957882126491443,-1.169297650194999,0.4143460987814009,-1.14605468762985,0.5495077082529654,-1.1645013956240866,-0.15358953375595363,-0.9881347353071992,0.1598005884018118,-1.003502019810574,0.179246976483367,-0.693522411652833,0.10206239237985157,-0.6346445416589857,-0.26002317164831784,-0.8474829789244779,0.0533656798467226,-0.8351845106405217,0.07815487320954348,-0.5616134777723696,-0.007011793147410906,-0.5380138457049423,-0.34035275648854457,-0.6788388541879029,-0.08022782132981825,-0.7045088930501551,-0.03528044777463732,-0.5121754164085289,-0.10434964053100278,-0.46668944759657705
PINCH,0.0,0.0,0.2433436187136782,-0.2938520938375064,0.35419711380377567,-0.6480545216084819,0.44603387806292044,-0.8924437612576044,0.6137799365977786,-1.0517410594366408,-0.017707201503413688,-1.0498668511734943,0.24272003864689742,-1.1720460325249276,0.4071671863440751,-1.1570189163946452,0.5451948553454005,-1.1744417926846173,-0.16659102581159344,-0.9860260798371618,0.15585893765473183,-1.0108887339529422,0.17741613636270123,-0.7034837862958885,0.10038318973845059,-0.6440792266510029,-0.27108412168717033,-0.8413430864417231,0.04823146814693143,-0.8375505919559196,0.07426308317368997,-0.5659985894409248,-0.010959078461041417,-0.5402552711188836,-0.3504176245534877,-0.6711128880821667,-0.0876458341063446,-0.7072073670175841,-0.042748516790103434,-0.5176497665236215,-0.11382075843800918,-0.4700294605411722
PINCH,0.0,0.0,0.2539698946703181,-0.30803234166923166,0.35720797048229197,-0.6870464353729461,0.4676149472983218,-0.9328258278608326,0.6332570107660844,-1.0786336907048395,-0.012628614002216905,-1.0522667369031462,0.24586435162976103,-1.194268791959975,0.4192066640281403,-1.1722452117732889,0.5620996878103359,-1.1940908469309524,-0.16034333758607455,-0.9870613020941293,0.15404675160358064,-1.033049578190703,0.17918572643116712,-0.7111802581973302,0.10341556862999517,-0.6531575168279098,-0.26494923862431585,-0.8441341363813334,0.05609519197625898,-0.8558699162878028,0.08761068108082413,-0.5720245322356116,0.0003070512699018501,-0.5542528659889138,-0.34318697054379793,-0.6764007100851781,-0.07419256319666334,-0.7216663530016293,-0.029851069987801532,-0.5240501454212044,-0.10411044735991112,-0.4770658745942054
PINCH,0.0,0.0,0.243843484518169,-0.3032331518025947,0.3501829802395144,-0.6634315346266513,0.4472632719614075,-0.9098214665722737,0.618108897597851,-1.0612181517427441,-0.02263752520967987,-1.0528228364042485,0.23729491302518774,-1.189631632198227,0.41147791613319756,-1.1793136825209622,0.5533049566980791,-1.1957953385300224,-0.17054899867878176,-0.9853491965032827,0.15131205543022136,-1.028447441451933,0.18012084219167893,-0.711143087108051,0.1038432284863114,-0.631483553962565,-0.27573294041851215,-0.839566039779631,0.046360972336212836,-0.8489126362490271,0.07519124073060504,-0.5633954604245345,-0.014525248709325601,-0.5241263588331615,-0.357318857321639,-0.6663291306365637,-0.09132129709929666,-0.7179520317792268,-0.04327861173016705,-0.5190639103871384,-0.11604107476543041,-0.4607933177759058
PINCH,0.0,0.0,0.24483201922623732,-0.3027624533931073,0.35158814515958237,-0.6612703493983539,0.4572724911370737,-0.902832601129466,0.6242125771720342,-1.0528340319288683,-0.015856767291728316,-1.0446187924703818,0.2537993596362301,-1.1809731065803768,0.4258579752748481,-1.1592780320796505,0.5620984356741219,-1.1723466608418023,-0.16114576523517754,-0.9869306167845686,0.1657832767956364,-1.0184111122606172,0.18664610844018778,-0.7052061075969416,0.10620768427804111,-0.636730153974295,-0.2622664101797948,-0.8478107127335596,0.06298876014983393,-0.8491445228392587,0.08529042500592539,-0.5677821239901208,-0.006922694380624354,-0.5372726618205366,-0.3383750888000007,-0.6785712260491923,-0.07090986826589102,-0.715794613770815,-0.03266862837041979,-0.5189998632489065,-0.11204065980107378,-0.467808124758456
PINCH,0.0,0.0,0.26104789615932306,-0.32339472480657466,0.3731840212357782,-0.6759542367398866,0.48175465870196976,-0.9150050291361894,0.6531863735447816,-1.0675726635010043,0.0039891375181422455,-1.0555850558890778,0.2821892204139341,-1.196511969016366,0.45505835473612466,-1.1812352448296817,0.5951953175479581,-1.1989239952761817,-0.14204355475964237,-0.9898604086189348,0.19291897708514427,-1.0332964069037014,0.21478659817287,-0.7171171195194617,0.138882470386436,-0.6413432554326454,-0.24135726879758485,-0.8429475019289155,0.08778356352959858,-0.8537606721085715,0.11197060370739062,-0.5727474511755541,0.02255910655100675,-0.5418704355825787,-0.3131870158397456,-0.6714332216576523,-0.04286757993983952,-0.7165697330438091,-0.004315717260138787,-0.5185660086774426,-0.080079204880947,-0.46945341403683116
PINCH,0.0,0.0,0.24928982234835734,-0.3181414936735365,0.36427186554455,-0.6688841661633885,0.4733441766502097,-0.9136893857178878,0.6450945806345822,-1.063259981047453,-0.005905805805474398,-1.0570008095867107,0.2640413240315636,-1.186824883381602,0.44015416725468715,-1.1841444646619272,0.5868667636003586,-1.2095307020546797,-0.15330679210148004,-0.988178641489257,0.17938097072627449,-1.0326647973573293,0.20115625984047958,-0.7167276322952272,0.12640915932033783,-0.6392559703933953,-0.2540167330201135,-0.8421367668111563,0.07539095517995482,-0.8484010985322614,0.09568917585513925,-0.5628993734481872,0.007014981334510376,-0.5271616537679682,-0.3289044506351373,-0.6698684297377766,-0.06014064702495502,-0.7145574062740155,-0.0238635118674799,-0.5161545940552996,-0.09987212777692875,-0.46424910558147436
PINCH,0.0,0.0,0.27364151142472953,-0.3470142181236312,0.38368582211382746,-0.684974448990364,0.50032684816848,-0.9255100927834039,0.6776467954754984,-1.0842283200357539,0.007502698337708125,-1.066032364878015,0.2885588128980738,-1.205820090242216,0.4707428984105216,-1.2026830304066654,0.6210259814249492,-1.2329984338255204,-0.13700465015076008,-0.9905704042808204,0.20394130926161813,-1.0463114118919514,0.22922709525606721,-0.722779548399157,0.15062784570706167,-0.6438460182264246,-0.23709643688926466,-0.8379189464840318,0.09551140902141356,-0.8594409823920399,0.12284509342917775,-0.5678011858631153,0.02717032451419513,-0.5360087844724609,-0.30948531836658777,-0.6676997703151514,-0.03632054060040498,-0.7232329694782218,0.004202965957369234,-0.5179658789765793,-0.07680658664962584,-0.46791336987531185
PINCH,0.0,0.0,0.27175986989411893,-0.3361198336086783,0.38470127073830185,-0.6758785439344405,0.49626919875070535,-0.9226558519343374,0.6724063017888593,-1.0823632682231574,0.014337344113220862,-1.0623631029692848,0.2867214050778652,-1.2043322002643875,0.46415738558176767,-1.2075454243466894,0.6111962134765265,-1.2328011200426858,-0.13563399976336102,-0.9907590111163223,0.19710069613483971,-1.0433327922359141,0.22336515070377558,-0.718568898103358,0.14654523609583814,-0.6370774773882673,-0.2400350345317287,-0.8386757002842561,0.08742634279860258,-0.8570660975391842,0.11610625270066646,-0.5640066111149361,0.022852060859331638,-0.5288104517037773,-0.31679467034580816,-0.6663213856385748,-0.04865465535043528,-0.7230845572765577,-0.005592299829227302,-0.5189498624113186,-0.08385127381000042,-0.4673135728995815
PINCH,0.0,0.0,0.2709809539480254,-0.3269205727579893,0.38303403108956796,-0.6699087192548134,0.495047169005029,-0.9122717171087024,0.6712514160114023,-1.0659676707298014,0.0021044855500127048,-1.0633082492567056,0.27185176759414864,-1.2023535482145482,0.4502202358427229,-1.2003912162972503,0.5966599477588114,-1.2240624799217465,-0.14666953561299087,-0.9891855474697706,0.18911835335411045,-1.0456218671173894,0.21959348346103552,-0.7154265086832977,0.14265062213072022,-0.6373702548524943,-0.25170970020726785,-0.8382791063847551,0.081793688114231,-0.8593725584576576,0.10947261067029586,-0.561468641466884,0.012920570499935391,-0.5238355016821027,-0.3316163464626161,-0.666075015276149,-0.0556165843469899,-0.7229348523240363,-0.012232484584699358,-0.5147203544949649,-0.0939233234202061,-0.45920483024171577
PINCH,0.0,0.0,0.2685101700928388,-0.33017757593933905,0.3765481612455484,-0.6750559568095855,0.4861563452450475,-0.9170746032161565,0.6629091130186568,-1.0669317669890137,0.0009311887552349927,-1.0660323771508693,0.270731298761294,-1.1981135466427186,0.44679248290539453,-1.1896460145369951,0.5923469163671395,-1.2144507683770138,-0.14540194709271592,-0.9893726667851942,0.18586529838075164,-1.0406675741606544,0.21353092714581065,-0.7151872177911286,0.13684552645214484,-0.644755984722746,-0.24982542327637441,-0.8355535977192343,0.07852825355486288,-0.8545281314354334,0.1061577445918817,-0.5629486177031545,0.01149619341735183,-0.5335801198196387,-0.3289938798047647,-0.6612341036336654,-0.05711445174075899,-0.7173760337359333,-0.01350038153833029,-0.5132347502018577,-0.0933820586613592,-0.4621511885913341
PINCH,0.0,0.0,0.26710666161675,-0.317241582435185,0.3792674809764727,-0.67748861198804,0.4835408627312772,-0.929529050901355,0.658555307665979,-1.0749237071726345,0.011464672735836866,-1.0590836136625457,0.27792619583545575,-1.1950284336411523,0.45167695098721783,-1.1950817217645293,0.5939359022927021,-1.2255542340227157,-0.1383857341673225,-0.9903784067612597,0.1857843837038254,-1.0267495393288617,0.20854994489010914,-0.7049780119237047,0.12792262818536215,-0.6276184274755077,-0.24416004579378994,-0.8406977492319281,0.07416570566754252,-0.8521591269665326,0.0997551397202437,-0.5559103382443066,0.004092959634134282,-0.5181384892907954,-0.324050446835014,-0.6681864826471585,-0.06228285182703832,-0.7256224444719006,-0.020274313013226828,-0.518840438174,-0.10007145983854117,-0.4645658596005183
PINCH,0.0,0.0,0.2657166521709459,-0.32420025994357543,0.37591807915716124,-0.6770737005817316,0.4801664304404249,-0.9303137394381711,0.6585416180186318,-1.081057379428078,0.00479439677597958,-1.0610820190426282,0.2682701702227506,-1.1990761111827883,0.4446428802108271,-1.203528679000843,0.5916354228681976,-1.2300935409655225,-0.1454177965788881,-0.9893703373550984,0.18006945025317342,-1.027107128095934,0.20571254046746906,-0.7054754406985282,0.1273905567161293,-0.6143316245405298,-0.2525167910680042,-0.8357078492554801,0.06991278453073746,-0.8475790650408729,0.09716515422471121,-0.5505525121852198,0.0015303295741159908,-0.5071293746072397,-0.33402047325146716,-0.6591432231942032,-0.0668302331597841,-0.7198656985944322,-0.022856859558759875,-0.511785695238339,-0.10098629517797549,-0.4551488487209975
PINCH,0.0,0.0,0.25029310075603495,-0.30335697817764,0.36744603596841247,-0.6621670541344636,0.46692211025029645,-0.9146979105576668,0.638926424745102,-1.0732381986507742,-0.006704123916548004,-1.0581163411843333,0.25584013564432245,-1.1969252769046606,0.4336320804202314,-1.1882714332489115,0.580121897548113,-1.2080724800806049,-0.16119598049903888,-0.9869224163382618,0.16472222110091694,-1.0258180198018072,0.1931405392485335,-0.6985648127908537,0.11821002534290695,-0.6206878103747377,-0.2700705423275106,-0.8331133009361973,0.05439376500517434,-0.8373071592509321,0.08235964420664471,-0.538216264008815,-0.007752645998910693,-0.4988538456793805,-0.35066936638037516,-0.6566338201291293,-0.08250139077530896,-0.7078562572390364,-0.03739907021831731,-0.5005467539882956,-0.11316977037739352,-0.4447695654744297
PINCH,0.0,0.0,0.25217457289235184,-0.31270737313551905,0.3667021673351107,-0.6644073305176871,0.4641641587570856,-0.9107910134792028,0.6273550621493227,-1.0675947686226492,-0.003042659402140441,-1.055139379810497,0.2584444505534981,-1.1851806205942546,0.4318668142254069,-1.1783225683158558,0.5744573741463717,-1.202423381900839,-0.15491034750021968,-0.987928531948218,0.16690655934152807,-1.0215040120302794,0.19756957314472207,-0.7065525580379954,0.11880210736239134,-0.6408099834749981,-0.26250636783742315,-0.8401426572847345,0.05570369991342291,-0.8470069715848036,0.09073817411719998,-0.5549091641706532,-0.00016611435667276243,-0.5210635063172522,-0.34535325610062095,-0.6674021708452542,-0.08219216543383062,-0.7217344310854065,-0.02928980937836178,-0.5139972133545803,-0.10197429038267056,-0.4575408753638542
PINCH,0.0,0.0,0.2687887007142232,-0.31635262988492935,0.37875348828541844,-0.6685937886804443,0.48505548315697145,-0.9168051133786282,0.6616385840063944,-1.068149835373747,0.02056482170004592,-1.0553757904470566,0.2855994410910914,-1.194700067316246,0.4546588142146015,-1.1745355635564958,0.5873016954734879,-1.2002425990033128,-0.12970693232908695,-0.991552374665997,0.18751234300740327,-1.020544778036619,0.21293858214673048,-0.6916180633711383,0.12915096359321737,-0.6271195548694212,-0.23881615178636253,-0.8427408977722747,0.06882923625769473,-0.8471285460016701,0.10300617448556341,-0.5444680735098788,0.008086570091805922,-0.5144845040512366,-0.32197332781094123,-0.6733482956097729,-0.07103692124615892,-0.7157921089021307,-0.022169274645371356,-0.5003698172356609,-0.09884069788444891,-0.4493670280062442
PINCH,0.0,0.0,0.2465045637821703,-0.3149820641956591,0.35532587349899475,-0.6753012314106718,0.45873062012942406,-0.9205051054927123,0.6327448802327856,-1.0643089439790454,-0.008223068369782658,-1.0492312899169185,0.2515358959517902,-1.1879971465484094,0.42026467066220596,-1.183972847217112,0.5602019989581093,-1.2106127259893664,-0.15299280181128358,-0.9882273031008268,0.16743518552162492,-1.021636561429357,0.19199878461312084,-0.7119723294005216,0.11781472721362825,-0.623251102099638,-0.25743033472195553,-0.8464510550746416,0.06110694423050763,-0.8557827048655479,0.08670806327647221,-0.567208682111597,-0.0023235014525391224,-0.5198886204176553,-0.33850000028595234,-0.674833048488412,-0.07162787331743843,-0.7217374485026969,-0.03266584606198571,-0.5171687864552157,-0.11016944886574376,-0.4606620155669074
PINCH,0.0,0.0,0.29109638059689735,-0.3509503740078568,0.40236714674758006,-0.6934950060565176,0.518515261575545,-0.9361765488828455,0.692726092222713,-1.0890878645347186,0.03106034606948464,-1.0653854359435049,0.31057325501895494,-1.215724871383361,0.48994080791276157,-1.2055184776571322,0.6366849578076186,-1.2355142183146408,-0.11114884400680655,-0.9938037706086402,0.2201508861446974,-1.046274848740591,0.24150896080283177,-0.7206736334475493,0.158733951534832,-0.6442032778406235,-0.2128109069030672,-0.8463786621047966,0.10450168575645742,-0.8695436379801483,0.1312835309260564,-0.5739337655833743,0.031670766902778216,-0.5438424314841555,-0.28539586938629286,-0.6879237369476442,-0.024582443761630872,-0.7337504922279408,0.009539149188480377,-0.5213337636087294,-0.07777267158702879,-0.47368749248028774
PINCH,0.0,0.0,0.25923224306972686,-0.30919335465760805,0.37268576471567794,-0.6708294226445343,0.4770915588589046,-0.9220864339551795,0.655267504838521,-1.0659144367477444,0.012434090580047338,-1.053450383403467,0.2683844122077677,-1.1926928847582534,0.44035287244594823,-1.1944831171170545,0.586535092428023,-1.2142955241207873,-0.13729766113255784,-0.9905298341027036,0.18208132120533704,-1.0289599042884674,0.20203463880884934,-0.7100063361307085,0.1280064647684892,-0.6160054400300013,-0.24627988227639613,-0.8471385457327842,0.07341208253585688,-0.8559989631551215,0.09356132808146825,-0.5588259846434575,0.004472213653022667,-0.508347002345816,-0.33251739762911176,-0.6755077230435282,-0.06555847106358373,-0.729691130294787,-0.02829843255302323,-0.5203531105087934,-0.10436641451023848,-0.45942037659495427
PINCH,0.0,0.0,0.32562550947824254,-0.3632635127561691,0.4387203691117145,-0.6969835831439057,0.5628512917109468,-0.9416815149484989,0.7411879992542287,-1.1012911334936946,0.06048637296962722,-1.0774908475809084,0.3543539078004142,-1.2254844221969339,0.5412465545016321,-1.2062002039376696,0.692800114875208,-1.2220078689563854,-0.08443257652270479,-0.996429194685572,0.2513985983876005,-1.0583506426534162,0.26848863666514167,-0.7139614457477319,0.1863077264375864,-0.6555027447836714,-0.19044590786930946,-0.8428650415734619,0.13789437193212,-0.8614994145505147,0.16295203705441574,-0.5685881996542642,0.06357849392784187,-0.562150446666203,-0.2712090306494247,-0.6844006265640609,0.004346286647097906,-0.7168895581347218,0.03912925537746275,-0.5033758685265034,-0.04556855561619591,-0.4669659657146022
PINCH,0.0,0.0,0.2584887082802721,-0.3023344362300167,0.3742345409888393,-0.6532613153178678,0.48395184793585727,-0.8951724796180751,0.6648880321577076,-1.0423320459870744,0.009102951711887028,-1.0541854507563324,0.2689496347315549,-1.1861667008985122,0.4404874630788759,-1.1857552180861806,0.5876244537505924,-1.2005171639785763,-0.14595322118403461,-0.9892914925470674,0.17900956956094494,-1.0311575413103342,0.20849401206027832,-0.7049000808740099,0.144824959982971,-0.6004379075022416,-0.2588305439027902,-0.8436323954603654,0.06559496852077107,-0.8447498924758688,0.08887400350664798,-0.5453117785637597,0.004634010976035759,-0.4898370063827027,-0.3488525041608375,-0.6682925404036276,-0.07882962194414936,-0.7160766802030754,-0.036843188856969265,-0.5080153302175281,-0.10819496018487941,-0.4470569909881993
PINCH,0.0,0.0,0.2897150014594903,-0.34446764255669204,0.4015847018226947,-0.6831546947455015,0.5189033782402889,-0.9191194321029266,0.6955219034211579,-1.0734082942708383,0.023657511169327024,-1.0707465707143726,0.3061006430727494,-1.1998925538599652,0.4828051723852549,-1.1848346444945423,0.6266550802358694,-1.2117277423682213,-0.12164774422417997,-0.9925733354897099,0.21314483920328703,-1.0438993726198418,0.23455204415475117,-0.7180862812138508,0.15545165657300064,-0.6610073558552718,-0.22393841567791767,-0.8409752899200978,0.10222025701981707,-0.8545992948212706,0.12812222102608023,-0.5676240233610914,0.033329035088289403,-0.5556831262705544,-0.29985285438466025,-0.6755564267599349,-0.02877330814502582,-0.7221518889244669,0.009171204735393136,-0.5195268502403859,-0.07409018327979937,-0.48022273026549983
PINCH,0.0,0.0,0.24677812743516947,-0.29237516116475276,0.3629273950641937,-0.647424546466342,0.4778276660543896,-0.8902344395759162,0.6518959769175354,-1.0340175611023734,0.01280969154047328,-1.0454697697973154,0.28288773323099914,-1.1637921341885857,0.44881148428377615,-1.1583636642786752,0.5851871901007465,-1.1772802860994755,-0.132603927083306,-0.9911691069247897,0.18904604022358354,-1.0128968143400008,0.21072461968819445,-0.698350782416179,0.14211709941222536,-0.6016375213488541,-0.237218806310549,-0.8523798359557936,0.07930459751969506,-0.8507263487763258,0.10132769095367496,-0.5615518117616579,0.017373082320250113,-0.5073494047903325,-0.3177973298124262,-0.6804472981029503,-0.05461909518391026,-0.7229957007927724,-0.015055524650632961,-0.5221475979102473,-0.08783863967526831,-0.4609307988342364
PINCH,0.0,0.0,0.29548258902392355,-0.3333966398585895,0.40915853297484556,-0.6658545766016746,0.5284589955932382,-0.9090882338809113,0.7077973741408644,-1.0677539104836344,0.050731385041365505,-1.0660490548253116,0.3222034277089291,-1.201906672395998,0.49839856249096753,-1.1987167618088588,0.645290666684513,-1.2266700712510343,-0.09789089156119442,-0.9951971530050487,0.23071242405528014,-1.0360119551338167,0.24884901758297778,-0.7069428463047331,0.16808152452007533,-0.6426501995876134,-0.20682391143727688,-0.8449653377271844,0.11405406187254143,-0.8498616206443469,0.13759099832368257,-0.5586097873287375,0.04008055802518512,-0.5415574973997842,-0.2884006946861693,-0.681410728231693,-0.0199610912497727,-0.7219266293684249,0.019432006160434823,-0.5169059822494172,-0.06357181932473292,-0.4758942461337028
PINCH,0.0,0.0,0.2654556806177532,-0.30664668716123644,0.38055051675334683,-0.654973995072472,0.4924144964966242,-0.8989448942456447,0.6692176098630604,-1.0471794437141013,0.02352543417978566,-1.0504607319779944,0.2816418989353673,-1.1861187903923613,0.45318447411673213,-1.183167549433799,0.597051784337205,-1.2014411187913927,-0.1277990726138141,-0.9918000791687048,0.19952640507860178,-1.0238088089578914,0.22369694216235034,-0.7011872807995452,0.1522607704686594,-0.6153232858731851,-0.23857032351326726,-0.8520265962273027,0.08774352989417006,-0.850960174669563,0.10762873644163024,-0.55520068318306,0.01545501361923927,-0.5131535984915345,-0.3260127843244419,-0.6843508474634235,-0.05048678372857244,-0.7311798845154438,-0.010012047616254452,-0.5274456922110647,-0.0870565536025312,-0.47278030051726283
PINCH,0.0,0.0,0.27173837932184086,-0.30821393067098785,0.38878446171926134,-0.6603593483050084,0.5019186757250822,-0.89762432993898,0.6797849757397457,-1.0427266626456917,0.02707483399754952,-1.0619410832195257,0.29829468150519706,-1.182923638400616,0.4700205760651767,-1.1677780254481764,0.612617974706294,-1.1908114155874754,-0.1228079366329842,-0.9924304563544738,0.19955438178192778,-1.025345729176279,0.21887480819449498,-0.7049632020195716,0.1440752717984656,-0.6434857941917013,-0.23088951225598,-0.845552238414496,0.08656009088428283,-0.8409070671601635,0.10867225349337682,-0.554594954540827,0.017413873461600223,-0.5366109835181009,-0.3138433350950326,-0.6782554793485673,-0.05158695959765723,-0.7184208846917071,-0.012670744534165128,-0.517067967838953,-0.09231119507004011,-0.4730681864418559
PINCH,0.0,0.0,0.26426490847915324,-0.3082870961757288,0.38082186782567695,-0.6590711091726247,0.49582135817819195,-0.8977325337139423,0.6726160527148057,-1.0450396162699982,0.02330315835040553,-1.055944544073516,0.28836796009021476,-1.1824639462948148,0.4626474065977416,-1.1768186961579366,0.6070800021157556,-1.1993175915030188,-0.12691555407336305,-0.9919135255324685,0.19569993486606058,-1.0264461227245707,0.21576649233745168,-0.7053864928732259,0.13916049857705703,-0.6264728139554354,-0.23435705355422085,-0.8464940576793554,0.08440432058874689,-0.8473328186688932,0.10746737296901876,-0.5531432087491828,0.01624625069946554,-0.521442781067819,-0.3172190842620134,-0.6754792704113375,-0.05184115581881622,-0.7263596573697768,-0.01238098155478027,-0.518812424764736,-0.08985195477271583,-0.4668106233327604
PINCH,0.0,0.0,0.2641362464333988,-0.312519092545085,0.38104069108847827,-0.6597563156806414,0.49871214916413276,-0.8957537176020297,0.6726684592148663,-1.0422530498689098,0.028276384725475487,-1.0565375917195994,0.29128845220287114,-1.1884368656948212,0.46641960175862457,-1.1792370948437316,0.612010047961389,-1.199091177736608,-0.12253879885119642,-0.9924637236574977,0.19640291910081775,-1.0228991027039545,0.214620152145418,-0.702586603876037,0.13721054441917144,-0.6255740200419136,-0.23303419304691675,-0.8468707357624223,0.08110430409467359,-0.8474110764414446,0.10342596586137899,-0.5521285858347932,0.011304003255915965,-0.5170564668242823,-0.3197876104828313,-0.6754013561065217,-0.058844393897978325,-0.7275515678804355,-0.019251008626360235,-0.5193044781418825,-0.09661717652038261,-0.4650763173722674
PINCH,0.0,0.0,0.26922226253490006,-0.2946034182626875,0.3917783337078482,-0.6535623720376353,0.5092127586802571,-0.8949723963015492,0.686347763929388,-1.0437902064683662,0.023289719195782276,-1.0589302379976997,0.2970340906053897,-1.1898554541027833,0.47567007807169015,-1.1700575373343642,0.620723068080614,-1.178009918561943,-0.1304521963324205,-0.9914546003080763,0.1879737329710756,-1.024110193042687,0.2152412835826338,-0.6985810561396671,0.14910793911806255,-0.6042729147651767,-0.24409595851564975,-0.8452086300548667,0.07509288511147133,-0.8411949939957437,0.10002774269894632,-0.5448711948502709,0.013940195076747288,-0.501261490854026,-0.3347117094199344,-0.6753519880173123,-0.06774549101632225,-0.7182587255625084,-0.026754213990085353,-0.50984710444823,-0.10030228403132077,-0.4541317977962937
PINCH,0.0,0.0,0.24998818095187292,-0.2789851358405528,0.3745972371414518,-0.6433387522328541,0.48534061631885533,-0.8846822299631844,0.6539326630502145,-1.0330461928889831,0.013862487379033991,-1.0483345601977028,0.27157641546131167,-1.1770227015132848,0.443564168418124,-1.1598647535218138,0.5826820683597526,-1.1720862885650547,-0.13815354853595993,-0.9904108223494543,0.1760440549889482,-1.0079089219323643,0.19868600758975002,-0.6878667143799404,0.12841650987894906,-0.6068443368143199,-0.24861504388449016,-0.852837844002968,0.06566378137005495,-0.8368578958799063,0.08508129965355109,-0.5474684045629692,-0.0011016765039537659,-0.5084111189153012,-0.3352101662100546,-0.6861488691023453,-0.07773284055758899,-0.7204351470632598,-0.03758595344571701,-0.5192478975132871,-0.11007059441550185,-0.4648019989438836
PINCH,0.0,0.0,0.2765348401095309,-0.3140040103217937,0.39592384959841354,-0.6595126779300842,0.5139006398800244,-0.8965025129022803,0.6854688150679427,-1.0493350707439253,0.03186141094882264,-1.0632908427671213,0.30126651105256824,-1.1850339332459539,0.4751559649325981,-1.1680073614943818,0.6145468063416416,-1.1929851643645535,-0.11866850586993676,-0.9929339281717574,0.20582512877238446,-1.025642062770193,0.2259307581734664,-0.7028582765760165,0.14657884563616352,-0.649921561306281,-0.22478210428238982,-0.8445460816871659,0.09019530849308008,-0.8452890652025323,0.11501649759507751,-0.5554798462567136,0.022068892804027882,-0.5421797761102309,-0.3054075430945845,-0.6769339094958543,-0.045698704742414914,-0.7277841233590531,-0.006258644019492068,-0.5249193446198767,-0.08700373666811868,-0.48163223958197715
PINCH,0.0,0.0,0.25764676424237226,-0.2962956992751373,0.3801780342494851,-0.6504523041617344,0.4947800977171822,-0.8942918243479763,0.6677468952681707,-1.0453310599507915,0.02032081094645677,-1.0602843919425002,0.28280836657249375,-1.1832424424930024,0.45769521242458727,-1.174362900812108,0.6022892263627576,-1.1953670479793423,-0.13620356415243248,-0.9906808714778812,0.18577613169054766,-1.021223877087168,0.2073221671496876,-0.6933721776013873,0.13215587908036824,-0.6212460336965058,-0.24840809102754893,-0.8424511003983243,0.06854358928637261,-0.8410882571459837,0.09033840600843447,-0.5418845787523359,-0.0008688778436377917,-0.5122229828786624,-0.33561720818626584,-0.6701837680772301,-0.07439348806416074,-0.7240047630310918,-0.033032790851131894,-0.5143176654151674,-0.10932671712617668,-0.46233978687000526
PINCH,0.0,0.0,0.2622129914633413,-0.2981255877506278,0.380325116268043,-0.651389060510984,0.49568862365547417,-0.891463866700203,0.6662041918443296,-1.0416815303151195,0.023548219264248983,-1.0566275019193991,0.2852733462835441,-1.1797155582511196,0.4587902954012778,-1.163722978800269,0.599433011972003,-1.1834114386521901,-0.1276451732387599,-0.991819897838739,0.19278270743904902,-1.0193218482957507,0.21216615912770956,-0.6954872047749246,0.13517160406201076,-0.6293907468589567,-0.23622196319138794,-0.8482684002687612,0.07718730010440104,-0.8455304146952625,0.09883876414348497,-0.5516379012584346,0.007622288898548519,-0.5262684928844311,-0.32118768596456737,-0.6800385641699489,-0.06280161523480696,-0.7303626246899536,-0.024323829415539244,-0.5243929441863594,-0.10346401630738458,-0.4746862165305255
PINCH,0.0,0.0,0.2721082461749769,-0.3134665643201037,0.3947598391575465,-0.6588387215829203,0.5123788988006642,-0.895713683410843,0.6859489695465741,-1.0489931052239945,0.03166690119437014,-1.0641772078720786,0.2974908700938191,-1.1872104301034518,0.4732157583527471,-1.1773528309616252,0.6172600992805295,-1.2044029434072858,-0.12164640467026597,-0.992573499661762,0.20021773780192298,-1.0257832238283413,0.22094355972354465,-0.7012252414405058,0.14289002809537812,-0.6409923501661361,-0.23110790782975066,-0.8430575204679497,0.08212054296814494,-0.8425154912894215,0.10624772230364984,-0.5495847437831259,0.013684241877672193,-0.5308953186621662,-0.31484311836732276,-0.6746925257400416,-0.05871909525411509,-0.7243785723201999,-0.019264413189157305,-0.518408409641309,-0.09888661449774744,-0.47399069701827246
PINCH,0.0,0.0,0.25527315128183586,-0.2898197031931572,0.3802659433303094,-0.648775110097001,0.49740849709098167,-0.8874854249074299,0.6706511888209554,-1.0344023069050314,0.016084566376991464,-1.0585704898754045,0.2822806743577404,-1.1711717804357813,0.4552541808492107,-1.160421525985694,0.597270809238624,-1.1853140221876433,-0.13796054337348623,-0.9904377256910667,0.1845485868819503,-1.0157200684360321,0.2038571588400252,-0.6940500408402248,0.12910051503679948,-0.6229759270887155,-0.24772709922163344,-0.8449028070885706,0.07238181517961964,-0.8411142954234913,0.09309232642624755,-0.545214091453669,0.004505283565123365,-0.5152444945407336,-0.3318805011671889,-0.6737098607824961,-0.0679817072840313,-0.7253747747322813,-0.028447456859199312,-0.5158956971536401,-0.10489514351551274,-0.4616768623482164
PINCH,0.0,0.0,0.27479582888307824,-0.3137024919061038,0.39715279062573533,-0.6578875322142108,0.5133794011283419,-0.897200185913281,0.6832456910751626,-1.0502180159325791,0.03250848594280121,-1.065146826653378,0.30379691514417184,-1.184717338505028,0.47889203748229275,-1.1667112988479686,0.6204286512522799,-1.1868020431713937,-0.11824856871890578,-0.9929840260527508,0.20786612835509763,-1.0226095779032935,0.22380395735748151,-0.6987813776176991,0.1455880851519961,-0.6333312937468026,-0.22572210710859708,-0.8448357357924784,0.09186553194974365,-0.8452054092712712,0.11174894769964921,-0.5512614746000049,0.01985129279706818,-0.5253561874561657,-0.3085751899608902,-0.6781013472402482,-0.04574994773340952,-0.7275960700124185,-0.009737003348747589,-0.5223616592638349,-0.09007771949380312,-0.4749719414801106
PINCH,0.0,0.0,0.2589267606741027,-0.29760553049440075,0.3828106971064081,-0.6498059201742392,0.5011791764665845,-0.8910350086436405,0.6752557011002178,-1.0421252454070495,0.020670114679096182,-1.059070552579861,0.28757264923939097,-1.1804380970947899,0.464915158829542,-1.1691470776309407,0.609566980435186,-1.1882883805592521,-0.1346436572859772,-0.990894083922523,0.19007623578002697,-1.0231785594696403,0.21045107548153227,-0.7005952953144335,0.13175385484540453,-0.6266078058581313,-0.2455957277967199,-0.8432085472527671,0.07383127611494045,-0.845250119912222,0.09664546943534641,-0.5492216222924647,0.004783650986458764,-0.5174712173482735,-0.3309666942250119,-0.6709261949257627,-0.06547065723546348,-0.7255654059951805,-0.023330072720918266,-0.515825115654307,-0.10007835145527849,-0.4612191684978743
PINCH,0.0,0.0,0.2634230703963083,-0.3056190261887296,0.3860874039897775,-0.6533981014793041,0.5011251336706748,-0.8916057126896716,0.6690157993192815,-1.0432114097413094,0.01870852749747954,-1.060156399254724,0.28830943248976415,-1.1767192213767013,0.4619588691166661,-1.1624070086031655,0.6023906780706482,-1.1841515067285067,-0.1303252458065759,-0.9914712957546755,0.19751551210561683,-1.0177829650823313,0.2166814645817748,-0.69913466246985,0.14037894791189343,-0.6301595653479761,-0.2356633738617192,-0.8466158281899673,0.08447839590316257,-0.8468965739836951,0.10569205727863092,-0.5558705063622289,0.01619968307117998,-0.5243013896757406,-0.3169822949636306,-0.6787223082734293,-0.05180810264875871,-0.7315207848090085,-0.013115246973844027,-0.5278970822449403,-0.09034597157500099,-0.47561191725413543
PINCH,0.0,0.0,0.2784413221250197,-0.3243474204180787,0.4004476652489485,-0.6604579845461593,0.522037086823662,-0.8953691533307909,0.694243693228103,-1.0517185433704357,0.03491019642625566,-1.0635477112017422,0.3128417361531277,-1.1931565241256472,0.4931585747869463,-1.1851719916656758,0.6388960878751364,-1.2105476470429133,-0.11432128545892949,-0.99344383016405,0.2191066447474148,-1.0283717446018794,0.23882015458888112,-0.704697608623605,0.1588738892652503,-0.6337366837035976,-0.219778544065793,-0.8454023984373392,0.10297968036956258,-0.8516294426613329,0.12740710470394198,-0.556097857535445,0.034292085989919084,-0.5298324924955965,-0.2983719786067023,-0.6794359949104386,-0.029854214654522124,-0.7319018551366864,0.00947688536966243,-0.5219832402282277,-0.06905113104056639,-0.4725180147177606
PINCH,0.0,0.0,0.25828177120195245,-0.2987278866343133,0.38241509230156184,-0.6468346820093628,0.49781439876083006,-0.888934044173905,0.6708239340445836,-1.0418614460543725,0.019294239694097753,-1.0582190645367544,0.2840472068192846,-1.177764359082279,0.45926820533165835,-1.1685925807841748,0.6035728531688883,-1.1885767401621816,-0.13686324333229458,-0.9905899518088023,0.1898335124371728,-1.0214929003767146,0.21100271848651128,-0.6968799989786492,0.13347314564744076,-0.6247223604313045,-0.2478596687274663,-0.8447424441442387,0.0750901582521061,-0.842916407033934,0.0980539180132957,-0.5458481865236021,0.006549933303220027,-0.5143809630270769,-0.3330899075251592,-0.6737530454548335,-0.06610283223154709,-0.7243436895459573,-0.021310910226231133,-0.5158646687259402,-0.09564044112524069,-0.46222596952288614
PINCH,0.0,0.0,0.25215646464440533,-0.2974105239008462,0.37762958185494677,-0.6451556178302673,0.4884485997410698,-0.8841264519188332,0.654966749456546,-1.0391836315874552,0.015314137032891176,-1.0554410613777994,0.27690438208717977,-1.1705927102860993,0.4464985383582413,-1.1595406463637465,0.5851956068598717,-1.1816254432737567,-0.1362120768465165,-0.9906797010745495,0.18621432536539873,-1.0151945101871718,0.20805248229096956,-0.6980630215554404,0.13618461554811076,-0.6250846494700121,-0.24399346576799383,-0.8473977897086552,0.07392877180416632,-0.8443389535715348,0.09598951875718749,-0.5547900933886105,0.011158213496107525,-0.5209193393060999,-0.32683334362128974,-0.6758717907932242,-0.06447401164456934,-0.7277930894261627,-0.023042189878652655,-0.5244152819901011,-0.09542522603114806,-0.4690044085104728
PINCH,0.0,0.0,0.25176707197894327,-0.2980389616460232,0.37509164629783387,-0.6457531625248856,0.48792534242508295,-0.882678228465025,0.6557756513660442,-1.0348895153764137,0.014035351240435673,-1.054839352357834,0.2775909117094289,-1.1724985757627613,0.4473275919965427,-1.1604589112864336,0.5856364298146369,-1.1819094539122774,-0.13626728166958463,-0.9906721091998009,0.18643693503342615,-1.0121627946243543,0.2092785276925282,-0.6985420768056753,0.13764806920769262,-0.6262879874691315,-0.2431944298974019,-0.8464900624167966,0.07483649598913963,-0.8453119733326259,0.09901663552951516,-0.5571078839727742,0.014801976637830583,-0.5215109737224923,-0.3245182686427306,-0.673916851149661,-0.05897487420287968,-0.7273929557134495,-0.017422598327616303,-0.5235609780023689,-0.08986923702068349,-0.4658880232118834
PINCH,0.0,0.0,0.2568678174774998,-0.3048595498583064,0.3798841959670814,-0.6501830820637912,0.49620330501225035,-0.8859050943310459,0.6641284207935737,-1.0397881817524746,0.017670857529692705,-1.0560038432256689,0.28046853472500693,-1.1819191982875021,0.45338292674444125,-1.170327173282349,0.594610517384891,-1.1905335936446688,-0.1319911053903716,-0.9912509006794534,0.1945316590624574,-1.0196571039590734,0.22005794972287018,-0.700741598781163,0.14813142429464735,-0.6239574753773255,-0.2382804632590762,-0.8471388312034985,0.08176226948972197,-0.8522518519032878,0.10728661950820806,-0.5584005362964233,0.02000624885535222,-0.5196856431022294,-0.3193164475077347,-0.6764228440207809,-0.053699559831126155,-0.73177634447278,-0.01214282484611049,-0.52368245222795,-0.08726792771344354,-0.4658321447041538
PINCH,0.0,0.0,0.25440320894466273,-0.29609811520105717,0.3797822699274636,-0.6448965469703769,0.49235638952568334,-0.8857642914895311,0.6624996485514029,-1.037491685732081,0.018936624084185068,-1.0547128439291513,0.2796325741301676,-1.170918990175698,0.4475480487055237,-1.1635947110744365,0.5854595521198609,-1.1872239861329792,-0.13369803540429154,-0.9910221164681607,0.18563264018026027,-1.0185810112133284,0.21170528069429606,-0.6993774029513768,0.14330496375140195,-0.6235720495783155,-0.24265655357362276,-0.8491541883215872,0.07589398111961468,-0.8462601559077516,0.09970547345630265,-0.5542382326640029,0.01445105634517817,-0.5177979708276135,-0.32634638298521707,-0.679864014130452,-0.06288241275577833,-0.7283266240835948,-0.020267466082782983,-0.5237073997766909,-0.09243024188530868,-0.4689080770410233
PINCH,0.0,0.0,0.2406380943569836,-0.2796327610131351,0.3661325254135023,-0.6338005082815135,0.47555947966882334,-0.8754128190390995,0.642439641328187,-1.0261287803780657,0.010317212914701508,-1.0489736595315817,0.2658113191799006,-1.1586182698551373,0.43086398058709396,-1.1476359279207458,0.5661194924729495,-1.1681493086009753,-0.14173576247197078,-0.9899045275361099,0.17368087224040668,-1.002145288621349,0.19715597437059537,-0.68903988435728,0.1284174180587422,-0.6160301795817594,-0.2510247815573037,-0.8505468799948745,0.06471118714861386,-0.8348759808824104,0.08803805119611727,-0.5502345404966914,0.0062982887618696325,-0.5138399236447828,-0.3349728579130278,-0.6793429856070398,-0.07362613423519444,-0.7204791943023796,-0.029573694545957038,-0.5208596414957255,-0.09893887063004235,-0.46356981689303217
PINCH,0.0,0.0,0.25155180583539344,-0.2944726580031382,0.3776951252018431,-0.6414862354531337,0.48961144682917684,-0.8775135450622581,0.6544730296345905,-1.0271663187923727,0.018535757249473952,-1.053515092886885,0.2798930195786448,-1.164761843592616,0.44889181612918566,-1.1504845574045357,0.5868471576069619,-1.1716776919065819,-0.130863596600186,-0.9914003828347374,0.1931517735493227,-1.0083356113141422,0.21441011352339656,-0.6902077189492177,0.14098462723718294,-0.6227258187957025,-0.23763710501473312,-0.850888354010068,0.08155029151483038,-0.8414576312168872,0.1048705709041894,-0.5513467333590829,0.018795901091082326,-0.5167428560996487,-0.32013372343209545,-0.6814643092944653,-0.05637482038969209,-0.7265243416749494,-0.012525327032365748,-0.5212215792667309,-0.08530503052845294,-0.4625789193403763
PINCH,0.0,0.0,0.24709702396128183,-0.2885610981236771,0.3712371833249281,-0.6361059805878626,0.4814018866292768,-0.8716551128627871,0.6489117669148543,-1.0220437307534298,0.014782091835699436,-1.0518637497684435,0.2775919888608146,-1.1638582613182769,0.4470457448228106,-1.1521290215593438,0.5852191258845197,-1.1753825625537153,-0.13634475515386002,-0.9906614496093173,0.1863752032965239,-1.005907637117864,0.20862871185839396,-0.6889769667490246,0.13660047789389052,-0.6205405619177192,-0.24351195104314402,-0.8492249292770915,0.07450044565863359,-0.8408521771600912,0.09741082722973654,-0.5514447504965333,0.01179314229304444,-0.5185867993796778,-0.3253846096701469,-0.678395157514491,-0.063784863365907,-0.7242901264187753,-0.022052398560243252,-0.5214284634340194,-0.09624605575334928,-0.46659006744731224
PINCH,0.0,0.0,0.27713612923744646,-0.3180035453262211,0.3991040415586523,-0.6502527378493989,0.5166110329125418,-0.8841550613833157,0.6865451873442623,-1.0416575568711517,0.03759277533155921,-1.060128605960864,0.30834452068902,-1.1815374890182402,0.48467482924074545,-1.1742369690777228,0.6293379355284944,-1.2022232858925554,-0.11199069124387126,-0.9937092558061035,0.2195203472462512,-1.0215221044233702,0.2401629484824374,-0.6975540185359103,0.16122097714053668,-0.6389491935605686,-0.2169680335488612,-0.8488431985836528,0.10470188440628575,-0.8493106942333516,0.12904365495960698,-0.5542935134714326,0.03597379595803012,-0.5324214363870163,-0.29573373697590977,-0.6848919828553373,-0.029333609337430743,-0.733564553641185,0.010969920835079259,-0.5242293493335803,-0.06903422896293249,-0.4744359774398749
PINCH,0.0,0.0,0.2612867241635313,-0.3049198905235647,0.38496841984681396,-0.6489484702865824,0.5046119556657289,-0.8894197181542125,0.6778976684420956,-1.0430668126645257,0.031124190050745702,-1.0524480589222758,0.2942587597022618,-1.1737450505429396,0.46726375090232874,-1.1738278376799012,0.6134230690457048,-1.2009374233223762,-0.12296479795513161,-0.9924110330220306,0.1993379328725919,-1.0201691941352882,0.22009657877198766,-0.6968159014003333,0.14552120541158775,-0.6223470421533033,-0.2309511845045326,-0.8514785105009183,0.08670300284404224,-0.8512019054120918,0.11016286495399881,-0.5509264418802026,0.021119410287674934,-0.5179316513134951,-0.312605915783744,-0.6844614077181661,-0.04833202246385495,-0.7352087792069407,-0.00681284394163824,-0.5248466641872815,-0.082100140941159,-0.47110066026800496
PINCH,0.0,0.0,0.2591722619721986,-0.30567695506767495,0.3807766242386253,-0.6441427307666303,0.4978809743952177,-0.8846489356552957,0.6679032058230021,-1.0399177965851867,0.024329871335514876,-1.0512473664723723,0.28955650818437817,-1.1728775377157517,0.46324601251872527,-1.1688604732321701,0.6072704960251775,-1.1923030182361685,-0.1265013872451821,-0.9919664303922004,0.19979665491019574,-1.0148200510858214,0.2199460429744328,-0.6930119144276217,0.14375674392032084,-0.6197671798258894,-0.23271029506275642,-0.8511820012844341,0.0867616152856621,-0.8499095958808617,0.10884502073566488,-0.5541004633331377,0.017921251120321943,-0.5195520643085486,-0.31427314302739157,-0.6833952155374011,-0.047669922725287125,-0.7298922572990021,-0.008014886433461512,-0.5225564119442679,-0.08584111414085005,-0.4692857699217176
PINCH,0.0,0.0,0.2585415601596279,-0.3062614582738176,0.3811399457789933,-0.6477603355066808,0.49955868136173404,-0.8846227018554403,0.6689570423939222,-1.038631842688571,0.01877987564270305,-1.052059824916891,0.2901491928778505,-1.1718930180229552,0.4672297735169726,-1.1673665483917612,0.6125330230784616,-1.1906307545710266,-0.1301910168259241,-0.9914889304161858,0.19936079898940987,-1.0164609690079571,0.2225785265466832,-0.697031329157003,0.1471368711684033,-0.6185973412675299,-0.23480131924873227,-0.8513113478558952,0.08766319190135623,-0.8534672935674099,0.11050035432892868,-0.5570993866849306,0.019130863467499933,-0.5167335599705644,-0.31517684593868844,-0.684296415127379,-0.04676965582034399,-0.7342073748652764,-0.005722294914213351,-0.5253251389556852,-0.08263122443171654,-0.4673513373821088
PINCH,0.0,0.0,0.2678967970785708,-0.30983235246630825,0.39132690508482576,-0.6466566477044795,0.5092799333573541,-0.8824603417398074,0.6799111539552037,-1.0384195645285688,0.02841799190990996,-1.0563756166955418,0.3058691754085542,-1.1731719257593598,0.4833178990957648,-1.1673516574327478,0.6287945611226092,-1.196552162747108,-0.12081952127655265,-0.992674490091543,0.2093976509634025,-1.0157733444214094,0.22937319206394283,-0.6952845520192922,0.1529922522989039,-0.6295214377611691,-0.22603041635561105,-0.8500901401839001,0.09654909603455557,-0.8468987376065846,0.11901915209037356,-0.5532673086945665,0.028409709229156234,-0.5250856302348508,-0.3062681435721708,-0.6852637649898796,-0.03824033733285052,-0.7316312400440957,0.002493543882361702,-0.5235970325766293,-0.0741037737771263,-0.47122741295083637
PINCH,0.0,0.0,0.27870599734335777,-0.3224929425159383,0.40248907047902654,-0.6517198543298444,0.524258318463988,-0.8894108423162063,0.6999659755275957,-1.051452787770452,0.04140796069416794,-1.058346013355033,0.31723183440017494,-1.1836261647765913,0.4989986108057326,-1.1790113073705892,0.6482791804939337,-1.203404965273258,-0.10860373488623304,-0.9940851214904893,0.22352478956751307,-1.027322635019783,0.24432382204656006,-0.7042693548523938,0.16484882309086155,-0.6311348549195549,-0.21543731481264475,-0.8497351541125241,0.10564255970328244,-0.8562505928796214,0.13060214825515767,-0.5593027738867956,0.03791124156115805,-0.5294202517741847,-0.2955052291902274,-0.6857296628276022,-0.029817020613120398,-0.7363784666695148,0.011258877461711676,-0.5251737249832753,-0.06617006453147027,-0.47315238796013837
PINCH,0.0,0.0,0.26539274519496237,-0.2976693784320293,0.39265316848619247,-0.6420634221882302,0.5076537777643751,-0.8838586172255815,0.6826468592631176,-1.0365185072569283,0.03815821998994661,-1.054306305958363,0.3028938733589045,-1.1729521255324582,0.47704159708604255,-1.1720027502512274,0.6239716739793845,-1.197539910888065,-0.11736990976816979,-0.9930882661078075,0.2035251993257343,-1.0191219523154584,0.2240928516048748,-0.6946877767600508,0.15011289775143455,-0.6217274818421359,-0.22901581069030824,-0.8505366942191254,0.0850567842003776,-0.8486774818039692,0.10925464756547888,-0.5510751113367047,0.02160868939896476,-0.5189666876303983,-0.3145295248459562,-0.6824580761033814,-0.05526059502435708,-0.7322761417083093,-0.010865289765205463,-0.523556101066179,-0.0836722594258368,-0.47041016477205505
PINCH,0.0,0.0,0.2699222927533735,-0.30719079376652686,0.3945602101265095,-0.6500400922502222,0.5120900548811965,-0.8901213765577585,0.6855630680272979,-1.043721379352325,0.0372655071708064,-1.0567626717635947,0.3056204083077482,-1.1801169216565675,0.4825171104731975,-1.175295568852306,0.6303613362078938,-1.19813916169875,-0.1155206886704005,-0.9933050742290187,0.20819755419879166,-1.0181678985907248,0.22887544755053654,-0.6968052914835919,0.1555548091254769,-0.6217296281303922,-0.22505945003595046,-0.8493241717475475,0.09250587107126501,-0.8478683583324325,0.11467049501774672,-0.554823699950997,0.025267683965245227,-0.5223096508804284,-0.3090301932323499,-0.6821667841802034,-0.04302773250650093,-0.7296129673997307,-0.002405840195262655,-0.5247986853486025,-0.07769101493886041,-0.47329814870455567
PINCH,0.0,0.0,0.2601227106097457,-0.29833511736851076,0.3863795963034905,-0.6476455593311247,0.5044656605202636,-0.8852476417063877,0.6767751104971333,-1.0349479081000512,0.031203867069116296,-1.0522174047660562,0.29616364851000754,-1.1729836295694365,0.4700313287201429,-1.1673332824644806,0.6144220571373358,-1.1881417833062657,-0.12291539720191369,-0.992417152779362,0.19974275066383532,-1.0188325541537195,0.22188686104345443,-0.696841752517865,0.14922281263646858,-0.617717175870515,-0.23332339743878652,-0.8515106331247585,0.08537171229011065,-0.8514596206585036,0.10808819400458557,-0.5546327527698042,0.019895836234844356,-0.516594648156973,-0.31854399246228915,-0.6818172629060992,-0.05241393345986989,-0.7341872339371854,-0.010529660843550696,-0.525967185777204,-0.0845712751089308,-0.46840678228074584
PINCH,0.0,0.0,0.25725619625672863,-0.30304409768703483,0.3830017139804065,-0.6489469040730219,0.4968985208105855,-0.8884310603159611,0.6664655554877782,-1.03969595736343,0.019426592301536507,-1.0545234097489846,0.28765769650842804,-1.1695220350507476,0.4626381471103321,-1.16383869526739,0.6076756373150429,-1.1886177511056166,-0.12994313592174955,-0.9915214477896188,0.19757508460899564,-1.014419703374085,0.21918518645148158,-0.6996741156222425,0.14820404943871443,-0.6234383581951842,-0.23654720904500823,-0.8502380316983982,0.08671711638684486,-0.8468597071050765,0.1072694177591991,-0.5564374862437843,0.022094641967279994,-0.5171659025543688,-0.3192278119787338,-0.6819296153684289,-0.0505235997834357,-0.7299477812116933,-0.010378213150684218,-0.5281257006983336,-0.08231793907590577,-0.4721637680644941
PINCH,0.0,0.0,0.2716577185698664,-0.3084101196687253,0.39579270971886193,-0.6489066895686564,0.5112157159944493,-0.884280646872418,0.6829071701328353,-1.0365021322275032,0.03891066181623267,-1.0534966483599584,0.30882903629122244,-1.1711206898442172,0.4828812322609153,-1.1593894296263394,0.6257856246260172,-1.1794160933203524,-0.10966946697739952,-0.9939681121710561,0.2165567694056328,-1.015066473372738,0.2342201851729765,-0.6964432177085739,0.1590193259820949,-0.6178819124636704,-0.2165926521346842,-0.8548013332120055,0.1031991844055878,-0.849803267752132,0.12259135031923109,-0.5572697178574152,0.03271542321043574,-0.5210226936710536,-0.30059816477066714,-0.6906901340640884,-0.033624964956820075,-0.7298506080225743,0.0023250869291064928,-0.5246016256752997,-0.07526339766151408,-0.47446331489559035
PINCH,0.0,0.0,0.26127468050359903,-0.301938897972177,0.38976854978582814,-0.6491287093762684,0.5065374427905956,-0.8916732424507491,0.6802701664348003,-1.0449552765062655,0.02514316082263184,-1.052107683159462,0.2950300845317465,-1.1736018940077209,0.4702723740357328,-1.1732729685191015,0.6148417874845278,-1.1997224137368303,-0.12687703512413387,-0.9919184532803638,0.20129746055885528,-1.0198779237510147,0.2216157300747858,-0.6981409041462722,0.1467590534289886,-0.6145639694827922,-0.23509834450791522,-0.8526166712774559,0.08787926627282842,-0.852008319911109,0.10651282629415035,-0.5548812205411282,0.01658627449055004,-0.5123781671792939,-0.3185256318558676,-0.6859683641016492,-0.051618102359660106,-0.7334861529855089,-0.012073024005555752,-0.5284824234171428,-0.08696449968174809,-0.4725209886103419
PINCH,0.0,0.0,0.2690746438231185,-0.31210645610404597,0.39165002932591847,-0.6525674116597335,0.5088469176375983,-0.89155613690074,0.6784098051626303,-1.0457499108946913,0.03261433653549101,-1.0558515633363714,0.2989103877657382,-1.178277565217786,0.4749058141567687,-1.1748136967249732,0.6212003425101542,-1.2010366464342268,-0.11856692499562654,-0.9929460631358993,0.2074078257429613,-1.0167556374507718,0.23001283005949053,-0.6968080865718027,0.15719192044568636,-0.6180761643594573,-0.22645080336335383,-0.8507180889202259,0.09324388282623577,-0.8536169324665572,0.1171354178100063,-0.5599264434188133,0.027867028071051965,-0.5231725779880367,-0.3090119543547622,-0.6849599621673057,-0.04047597871274258,-0.7340173144898365,-0.00045467566600964254,-0.5298523725032247,-0.07726985148120039,-0.4784669250912417
PINCH,0.0,0.0,0.2693856869575991,-0.30808805587539123,0.39557072893282064,-0.6513174871907639,0.5161312191083492,-0.8904693684828273,0.6888396614959129,-1.0431745240442938,0.037417596460234896,-1.054561148372121,0.3052298439128255,-1.1781042055836344,0.4825236137324799,-1.1731281629046846,0.6295088958522153,-1.1939464555194035,-0.11474075322823626,-0.9933954698651576,0.21255455602592865,-1.018931781317169,0.23106604190654342,-0.6965574374602453,0.15441301122997655,-0.6168053035785672,-0.2242742886733997,-0.85163666532951,0.09527288887035545,-0.8536920023034963,0.11635001021393832,-0.5564976348338353,0.025307608501451435,-0.5204184508142828,-0.30868326996466894,-0.685263030209517,-0.0409340911739095,-0.7348346534571247,-0.0025104431973729273,-0.52789240344696,-0.08009530329140464,-0.4755724353404868
PINCH,0.0,0.0,0.2565152453259275,-0.2908145354977666,0.3857424498039773,-0.64307097235902,0.5003213702167082,-0.8866120478142397,0.6715732527330907,-1.0345540372431994,0.03546441765816097,-1.0505201103853226,0.29391257328342163,-1.1659563681930798,0.464066049632434,-1.1646871141427877,0.6073606094778612,-1.1920005158473497,-0.11969316974889525,-0.9928109312026445,0.19791866686418974,-1.007775897710452,0.21433130814622756,-0.6854731450479999,0.14040494729773606,-0.6072016371865324,-0.2333120604528216,-0.8535980179248404,0.0813334599122811,-0.8409962367740949,0.09880079141582374,-0.5426415611646889,0.011628326860139843,-0.5054199001707635,-0.3229015808027951,-0.6855068786125259,-0.05939511159887473,-0.7295025606353026,-0.019600922089800476,-0.520756739068464,-0.09242566405049087,-0.4649919441866587
PINCH,0.0,0.0,0.26348784127192726,-0.2985294153734912,0.3896581561033686,-0.6452470260639392,0.501787786183184,-0.8858143709816634,0.6734452412109292,-1.037213969769698,0.03615669541878255,-1.0534959872021827,0.2967045882504967,-1.1667999045685262,0.46875602575213693,-1.161397565666469,0.6135962622382835,-1.1869784155276553,-0.11642959550151961,-0.993198947488041,0.2012827419214437,-1.0106854354261798,0.22096014284485546,-0.6919898567741111,0.14878400562305097,-0.6176652803015233,-0.2278858196697732,-0.8517264265419563,0.08651236599403955,-0.8421772105909591,0.10791112505063875,-0.5485020342994865,0.02205158550057504,-0.5141009389613468,-0.31531803069971603,-0.6835035703239271,-0.05128123212993413,-0.7261842427933876,-0.00976318524870308,-0.5213398810150726,-0.08187306801791845,-0.4688773302805184
PINCH,0.0,0.0,0.27351807937745726,-0.30854898144595644,0.4012164637043206,-0.6505516471109645,0.5183705619675419,-0.8865680317721122,0.6924093250137354,-1.0379524410358547,0.044017107230912476,-1.0541310354396516,0.31262308255730253,-1.1808078630351693,0.48886805413839474,-1.1675204994568675,0.6340514025594773,-1.1835091036179872,-0.10808140328978898,-0.9941420473266935,0.21346035916218767,-1.015990810297938,0.23324784868384255,-0.6955663467867144,0.15794665845341568,-0.6207421435539342,-0.2173955018927735,-0.8505491919353545,0.09675595044795261,-0.8462411373219096,0.12041950527446071,-0.5528396538084515,0.032243401547914094,-0.5218060751851711,-0.3007325437940372,-0.6822270318534881,-0.03905362650805057,-0.72240083071794,-2.3791881569368977e-05,-0.5160040743077713,-0.07498172387862947,-0.4673789853380262
PINCH,0.0,0.0,0.23369703647098583,-0.27341593835848066,0.3620338209884971,-0.6275393733174095,0.4732036737276553,-0.868183084697229,0.6441022736999208,-1.013533524816501,0.00471344215717877,-1.0456952720717123,0.2651792555389811,-1.1570299280863727,0.4361036488216783,-1.1481258718918737,0.5780631816567074,-1.1627876569269624,-0.14794694768112313,-0.9889952986095731,0.17131477389478542,-1.0058729116182599,0.1929206659206338,-0.6890728533728966,0.12303985430908243,-0.6022146794016966,-0.25764133175982934,-0.8516007252022018,0.0635714369038288,-0.8359974843363528,0.08270316839783864,-0.5472034829946866,0.0004965782906580021,-0.49991589937599856,-0.34190271284494766,-0.6795542087860296,-0.07912040910104802,-0.7159325916483774,-0.0378422102941979,-0.5146530100079234,-0.10626290368889497,-0.4554703733518787
PINCH,0.0,0.0,0.27763606383524486,-0.3047308725270358,0.4027142510575785,-0.6492070229688099,0.524945860172265,-0.8833147566612407,0.6922807551391391,-1.0313656469832735,0.047486249832514,-1.0572572871402575,0.3189199457013245,-1.1772100487632626,0.49273372319217656,-1.166149351606043,0.6352276758929946,-1.1956133416210866,-0.09864299352700084,-0.9951228867974207,0.22032318150325875,-1.0120427063321986,0.23489064604196175,-0.694337644424194,0.15977424614581434,-0.6283717802703097,-0.20598542791578617,-0.8523384645987717,0.10745981668486407,-0.8418397552837373,0.12627366044027452,-0.5535395328208343,0.03714845303881647,-0.5299996733825474,-0.28983624216604287,-0.6871141538518026,-0.0247977566072247,-0.7252167687542924,0.009295253641538345,-0.5204505891398994,-0.06799989719929164,-0.473026533547431
PINCH,0.0,0.0,0.2356261769579781,-0.27276332674177217,0.36792537217192606,-0.6393264546183135,0.4820058686342688,-0.8794424936030804,0.6527313963821414,-1.0227623102599261,0.019712251814958327,-1.043134136117064,0.28783027837298775,-1.158129865915118,0.45142944360081255,-1.1412433338949526,0.5867700641241135,-1.164599235676459,-0.13140146971396588,-0.9913292358026216,0.18575869823450825,-1.003852164226737,0.19922637640969879,-0.6905005116979268,0.12315247334264666,-0.6203881389263551,-0.24130286823371175,-0.8572205608741829,0.07595757696619808,-0.8430662612952056,0.0948393849960436,-0.5566008085010754,0.008746454588430186,-0.5210578818360769,-0.3268693851574314,-0.6900127613512682,-0.06679177604314068,-0.723730832830655,-0.030626142797738284,-0.5226075497575361,-0.1076400819677845,-0.46994173529002914
PINCH,0.0,0.0,0.2689348641792805,-0.31203465519715934,0.39268153345059936,-0.6544294943867501,0.5101330742472479,-0.885370017939446,0.6848266743965098,-1.028786502036034,0.04019583132541254,-1.0574748075469282,0.3059224577989395,-1.1811996207095488,0.4764516724038375,-1.1601627745855272,0.6187103519089013,-1.1793465186600531,-0.10750484849473302,-0.994204560213905,0.22046643879452926,-1.021456623415168,0.23228956909533205,-0.6991962690284889,0.15389899256331552,-0.6335013596367237,-0.21357760961716551,-0.8518534475824704,0.10764190450969664,-0.8485586391961688,0.12453365993531476,-0.5561102447420665,0.034113629159703444,-0.5301039797366188,-0.2950159180566808,-0.6869495627877528,-0.026540828997365505,-0.7301736604238545,0.0047904719914568595,-0.5244994815300417,-0.07611219103409554,-0.47679328793615133
PINCH,0.0,0.0,0.2355104194711344,-0.2775098748326789,0.3684025007576757,-0.6343238259208643,0.4831018451031657,-0.8723919110295073,0.6549781696411646,-1.0181261495003657,0.015121443574911317,-1.0432296062008832,0.28030718085749906,-1.1575556385708385,0.4477482438098482,-1.1476596617496997,0.588975598849977,-1.1671060062055778,-0.13612711390228238,-0.9906913792199037,0.18849563314657097,-1.008559340372888,0.20208531518566897,-0.6959816759494277,0.12548057167633553,-0.6195908970716224,-0.24452587552705327,-0.8575432160533124,0.08005875203349891,-0.8438696373560626,0.09656876976054567,-0.5578384521533307,0.010577735704965965,-0.5190827006057523,-0.3284536711634002,-0.6893095830605975,-0.06426833114617035,-0.7232664457618923,-0.028355719099744707,-0.5265586248313445,-0.10422588824515294,-0.47411093867339055
PINCH,0.0,0.0,0.24876877515721763,-0.28702427362709665,0.3781212550731234,-0.6391583669850016,0.49004396098431646,-0.8744941963883808,0.6567991180727522,-1.0218360295153353,0.023230619627655477,-1.0458564153635672,0.29198890596237576,-1.1542558981000837,0.4583492353005554,-1.1348705863149386,0.5958118492261371,-1.1554247698217475,-0.1197505591162482,-0.992804010664414,0.20770967857233352,-1.0047576809955672,0.22371116374409528,-0.6949486574408378,0.1495942667605308,-0.6263969937828116,-0.2205449020575917,-0.8579230564844073,0.1031475318336785,-0.8472826368391169,0.12017616704445465,-0.5657906019583167,0.03543324402399391,-0.5320964933485535,-0.2957610278422055,-0.6899235165902712,-0.028992436427837436,-0.7214904713195188,0.0024439793452822652,-0.524054452178588,-0.07433783887241359,-0.4739082277342638
PINCH,0.0,0.0,0.2473634163439693,-0.29588525346588646,0.3787104976062252,-0.6406228828939716,0.49801448267660686,-0.8712899749537532,0.6672490259293574,-1.0180473174959321,0.026629276635361437,-1.0456057624811963,0.30254846211396663,-1.1679365812994214,0.47647635473014655,-1.149224065216658,0.6199636737835199,-1.1579638993771286,-0.11872147121777774,-0.9929275966916654,0.20912700561333653,-1.0079481724317676,0.22540650514362928,-0.6971031126824483,0.1511404095508832,-0.6152306508061139,-0.22184287452854,-0.8567828619525071,0.10129983045352742,-0.8497803851499276,0.11966462885328578,-0.5648531069700851,0.03403844994905762,-0.5226012116993124,-0.29926277062528306,-0.6881311682952149,-0.033197078355613606,-0.7266339350237723,0.0001506366273976658,-0.5286244385095222,-0.07635872484786886,-0.4747477826436156
PINCH,0.0,0.0,0.24414835628618195,-0.28460625119773636,0.37428039845266436,-0.6368613470898606,0.48916533444133053,-0.8655870205380916,0.655979229595446,-1.0077189770256494,0.024748386649468417,-1.0418479107840335,0.2953722192232286,-1.156393744472001,0.46405893208544813,-1.1305286858007348,0.6027261088629048,-1.1439438138367701,-0.12073592915728786,-0.9926846606100683,0.20388087864219662,-0.9981159881804905,0.2160472755669715,-0.6898943135482069,0.1397926638969032,-0.6199314499292085,-0.22520281451880952,-0.8609352154002726,0.09570947638957615,-0.8398763934509541,0.11231165276801301,-0.560300550255884,0.02720015542278332,-0.5284276119945476,-0.30539124720236427,-0.695169089447724,-0.04038034436894644,-0.716454091181023,-0.008406144068161472,-0.5232510295878289,-0.08567901110019975,-0.4765664956059409
PINCH,0.0,0.0,0.26552924714794535,-0.2929241562163268,0.39483665414027763,-0.6426465047685618,0.5154750938527765,-0.8749854733181456,0.6844370268553182,-1.0180861495097746,0.05304589578212338,-1.0461009763733131,0.3248991915615067,-1.1600447979907351,0.4952243710151318,-1.1387222310529594,0.6371221562690339,-1.1503450861331015,-0.09188937998895977,-0.9957692211779016,0.23048292085874944,-1.004288725440734,0.23793675717917828,-0.6966130972271622,0.16125852376304103,-0.6271144787283611,-0.19754659463675742,-0.8615716447908597,0.122205443221695,-0.8452727645484804,0.13475011791608274,-0.5628525682196603,0.048233714415443184,-0.5332919052238639,-0.2789563263409008,-0.6972655240707202,-0.010220474247822964,-0.72591548453618,0.019129974797691084,-0.5275981615619424,-0.0568481069197226,-0.4817032457840558
PINCH,0.0,0.0,0.27026635704975055,-0.2960273556545692,0.404042897293751,-0.64931281437015,0.52922231404996,-0.8814732420580262,0.7069198792184422,-1.0202106335943444,0.05652340151083601,-1.0517352500354056,0.3396452911657089,-1.1719240728129527,0.5119898591619197,-1.1521410681759499,0.6561411059825675,-1.1674003246149471,-0.0928902988811544,-0.9956763492088029,0.23482199773336607,-1.0243439518366086,0.24029087698743232,-0.7094397139240072,0.16011408938410668,-0.6342302981250056,-0.20283614086407478,-0.8578919819799213,0.12175998018367949,-0.8497671952302654,0.13338685385541763,-0.5602661857242462,0.042501498021231085,-0.5317646845601781,-0.28866735632627544,-0.693346175133055,-0.01869059008606469,-0.7275188058183298,0.01047485935316399,-0.5279054566120706,-0.06929513981693095,-0.4834119993704103
PINCH,0.0,0.0,0.2598351766191375,-0.2920516860886288,0.3891428184480072,-0.6457659926098792,0.5120155473961534,-0.8751889723116671,0.6820504987495934,-1.0093508840026935,0.043640073857731936,-1.0460276271122968,0.32616618167560524,-1.1468605292354623,0.4972106259415151,-1.1235912509220076,0.6385715704130345,-1.1414906611775082,-0.10023228926302283,-0.9949640637676789,0.22412913004740181,-1.0013487100413094,0.2323843238431467,-0.6837572018723018,0.15392366038068214,-0.6210381955179091,-0.2036373347956703,-0.8628441908198338,0.11789959599046985,-0.8395029424201609,0.13074052126416977,-0.5521846389394941,0.040198104484347394,-0.5274046635350158,-0.28586180886082635,-0.7008125379603749,-0.022525118867284716,-0.7199198086784842,0.006334829479576299,-0.5191535180566207,-0.07293988312997172,-0.4756210619684369
PINCH,0.0,0.0,0.24928077967296564,-0.28016612327638973,0.38169061218359135,-0.6327443564786606,0.5070373253171168,-0.8656963228188385,0.67998350394645,-1.001896764596481,0.032541307100414495,-1.0438029326256157,0.30980546169402096,-1.1465828549646144,0.48194490052669997,-1.1268859995351217,0.6257311045713901,-1.1403894060864137,-0.11403168199515135,-0.9934771137280197,0.21731096059240015,-1.010942996247587,0.23053799458310942,-0.6941016775745505,0.15606405220875294,-0.6086064564011819,-0.21984704517422266,-0.8607265012413362,0.11195803584083935,-0.8466547872833049,0.12361804990830928,-0.5574247117970539,0.035206433699837565,-0.5129472452552373,-0.30251197505310556,-0.6927242449113248,-0.028527146169103765,-0.718697245159875,-0.0008474062071305124,-0.5197646622695998,-0.07992846667113838,-0.46720434906899244
PINCH,0.0,0.0,0.2575451500026594,-0.2827805324922036,0.3905608953364727,-0.6362620655415038,0.5134326370521338,-0.8669230840877726,0.6811698260336326,-1.0061615817328782,0.04054013285671402,-1.0449383249883144,0.3236121188516115,-1.1514979230452642,0.5007098961708893,-1.1207354176846556,0.6449662911130534,-1.1297551306714326,-0.10411598102981433,-0.9945651625178711,0.22750524171183462,-1.0056332869982236,0.23725183950865972,-0.6886694222614888,0.15938275274729,-0.61134532985475,-0.20772239797981226,-0.8618756239499454,0.12150756330003214,-0.8492407817441167,0.13184902864087675,-0.5591425434794742,0.04197235094021928,-0.5207715558553534,-0.288644242974006,-0.6960426429868217,-0.014314225948509857,-0.7234849705244459,0.010884202990073344,-0.5221691335109349,-0.06999978577099848,-0.4712993830167378
PINCH,0.0,0.0,0.2864904085032145,-0.3117900047571914,0.41413126844242104,-0.6603337079375424,0.5557051909991799,-0.883606079728695,0.7279207355191997,-1.0203607411547773,0.06962193156759089,-1.0497761735187334,0.35061243784779694,-1.1670676066034462,0.5259356871827968,-1.1324622715266663,0.6695401410523686,-1.138057567065912,-0.07840191398280902,-0.9969218323839799,0.25991088479868685,-1.0111903250580236,0.26464602950696364,-0.6920726407133946,0.1815001103992913,-0.6253106675073957,-0.18754216655408698,-0.8589713599297466,0.1496409291126214,-0.8394495607826297,0.1581060790631531,-0.5523615919763756,0.05795989728448696,-0.5271222925833254,-0.2692471172629891,-0.6937670515476443,0.010786579096212803,-0.7169620111864479,0.04108149410914481,-0.5166324799075901,-0.04289028486660295,-0.4702144834657346
PINCH,0.0,0.0,0.245045357060738,-0.27447076305513596,0.378663043444144,-0.6276090584802242,0.5102272313865658,-0.8521335281142731,0.6860518537550362,-0.9836508776933176,0.03365813887125793,-1.0366412099925417,0.3157872017092902,-1.1439697280769177,0.49649745190820366,-1.116664553822782,0.6456715002563413,-1.1185940215490944,-0.11302745089443486,-0.9935918655787728,0.21969272865855935,-1.0094795066475861,0.2311683550567115,-0.7013711817691809,0.1559371897008558,-0.6123063285268879,-0.21839250933344526,-0.8658925247270721,0.11834246828428654,-0.8462046098452034,0.12799969754112542,-0.560244123408763,0.040055213403405315,-0.5115099431680874,-0.300963428127092,-0.7004425998466897,-0.02014890896802221,-0.7162831751814297,0.00796309020089326,-0.5190008981187229,-0.06998231283854196,-0.4651786164428102
PINCH,0.0,0.0,0.29035675572987235,-0.31167631687240704,0.41457805571230233,-0.6701472388752601,0.5555053705687699,-0.8869636252524589,0.722597980496611,-1.0138084203718365,0.07247444765177499,-1.0392981169790896,0.35907799129343554,-1.161117289089092,0.53770412875515,-1.122355249881902,0.6843097844564483,-1.1281853016931502,-0.06860536715830531,-0.9976438761387121,0.270682345602069,-1.0107097295183838,0.26270376894546527,-0.6962704922003677,0.17330723664058717,-0.6415593022643802,-0.1683046069723331,-0.8711640439534055,0.16870823027897552,-0.8531894503817247,0.1660752672956839,-0.5698480306554077,0.06278703744253061,-0.5550944209524565,-0.24127713096927783,-0.7166749409087695,0.03542518693320237,-0.7278222028542979,0.050812578778921084,-0.5332261755717941,-0.038785483398137005,-0.5009809451731639
PINCH,0.0,0.0,0.23893775208805154,-0.27839585377008225,0.3685355148520859,-0.6308504981481786,0.5020955522695096,-0.854666193899561,0.6769043015394968,-0.9817849328595797,0.03347556011071617,-1.0329317058065004,0.30884535505172855,-1.1395238293270096,0.4866141493596058,-1.116316141127344,0.6382206651951344,-1.1162415555622673,-0.10851019708210542,-0.9940953360363395,0.22361476001263123,-1.0031472405931638,0.22725954506662,-0.6972834156749371,0.15381547310092364,-0.6046188662324826,-0.20972191831711973,-0.8714214514679295,0.12981227975493373,-0.8451921573087509,0.13086939098772069,-0.5637940675617277,0.04511101958440233,-0.5166105711638466,-0.2879631779781075,-0.71040079013713,-0.006408124579206763,-0.713775619974237,0.010209427998117424,-0.5211302337640098,-0.07173873424717665,-0.47545982244153306
PINCH,0.0,0.0,0.2817963315582067,-0.3034909039537219,0.41648821102905015,-0.6526553354692414,0.5553547572881069,-0.8734005405535474,0.72904657646963,-1.0015148787905177,0.07108326970240866,-1.0440317425594536,0.36072295259838993,-1.1547517307907873,0.5397324274936294,-1.1091113581110992,0.6851356125718607,-1.1157360681463238,-0.07153194298676183,-0.9974383094369992,0.2652284609849463,-1.0079320005260746,0.2648960006894302,-0.6880475454823478,0.18347433235263705,-0.6307013346662929,-0.1741943833910918,-0.8685276843578896,0.1608900469867019,-0.8421081424917269,0.16373601193587853,-0.5530573860068227,0.06846916105939216,-0.536611653006144,-0.25185257383840964,-0.7120039416566795,0.026227904368884412,-0.7139236207242433,0.0392409107610623,-0.5163694011681833,-0.05239827191486422,-0.48500602203572996
PINCH,0.0,0.0,0.2701122066830977,-0.30546008855754864,0.4073019909985491,-0.6505524457373246,0.5585655347923674,-0.8686111573872534,0.7364214779004964,-0.9925045729250198,0.047757495342365716,-1.0420319709822958,0.3603813040362359,-1.1512414401711963,0.5457009871000505,-1.1207541950620978,0.696441159228522,-1.1308270138001597,-0.08897588903742779,-0.9960337801349909,0.28350407218645013,-1.0242620259578143,0.2817587483218296,-0.7054169494651137,0.19431182161825963,-0.6226171166716253,-0.17852216524740824,-0.8701023494695189,0.19062409209862088,-0.8638072323727991,0.18620440892723045,-0.570179943530491,0.08372807900650002,-0.5268404401542205,-0.23867653364446512,-0.7130447363344313,0.060131368005042506,-0.743114479229661,0.07589092092163979,-0.5403017578216948,-0.012947078510721403,-0.48695031909798886
PINCH,0.0,0.0,0.283015367611711,-0.3192674482620884,0.4238233351553798,-0.6511649950932065,0.5801535389575084,-0.8661571745170011,0.7566633242934044,-1.000661809008594,0.06585002710375508,-1.0458275992984127,0.3845794431113123,-1.1633195784606232,0.5774141123562562,-1.1281259593944732,0.7321919439364201,-1.134575145252324,-0.06690620259384816,-0.9977592695908523,0.3033229704170048,-1.0245293175999763,0.2939625579837016,-0.7013478475703807,0.20295177883673368,-0.6206794725921477,-0.15608650616740152,-0.8717944540430195,0.20559861862554268,-0.8657107003325527,0.1987996603651286,-0.5626523453116047,0.09709327550566084,-0.5269655014359579,-0.2193410162956649,-0.7187944035664722,0.07591661401517462,-0.7440944930471768,0.08004575724072896,-0.5361105638018006,-0.015544982895097096,-0.49144691408860286
PINCH,0.0,0.0,0.25287249208906326,-0.29657596811178455,0.390865916873897,-0.6352112371749741,0.5433972871504654,-0.8554525838672377,0.7194472321930719,-0.9840987637002814,0.0476915965656359,-1.0357921337736222,0.3460262232157908,-1.1368022508608469,0.5272658616124148,-1.1239864813950098,0.6796803983214326,-1.1371296981967216,-0.08571197003957838,-0.9963199577404512,0.27154247380174906,-1.0068075609808822,0.2631952525660823,-0.6922466094964287,0.17980193644037565,-0.5978859339003201,-0.17771180182242197,-0.8778694091385093,0.17689049765359602,-0.8604888492316843,0.17002115390171663,-0.560072145450993,0.07842677040932901,-0.5066010922162132,-0.24731528778117953,-0.721624096710309,0.0463213760665073,-0.7485043223725677,0.05647627222233286,-0.544894077347774,-0.03212419514679538,-0.4873967424143949
PINCH,0.0,0.0,0.24450869359351837,-0.2826267035658954,0.38228370746357354,-0.6251437825929097,0.5250492333057577,-0.8513254604710495,0.6970286257859395,-0.9827280583888327,0.042269512790956365,-1.033276633763057,0.3374456061238221,-1.1302602564900273,0.5195915533751551,-1.1154684605223832,0.6707126482100162,-1.1254010415436528,-0.09130455307015897,-0.9958230156953888,0.2623417028574574,-1.0021413092095635,0.2577686909273589,-0.6896906922651415,0.1764041802022401,-0.5921849996003107,-0.18327026851682765,-0.8782491461636333,0.1699957939876113,-0.8563286678298926,0.1652428193826872,-0.5602552111098086,0.07610806381024007,-0.501484925118613,-0.2527035657175238,-0.7197969109534966,0.040335916303953154,-0.7419728561040998,0.05442590238499374,-0.5413553439097127,-0.02947156071568732,-0.4804045695688355
PINCH,0.0,0.0,0.3093269895683963,-0.3334813478206304,0.4465705643839161,-0.656334796622857,0.6023096917495623,-0.8730373330512624,0.7811110842863163,-1.0141262667174116,0.08797782275732077,-1.0530175998193898,0.3972017451687212,-1.1780584187638974,0.5905367701280986,-1.1570595906478618,0.7501538283578718,-1.1632396648945504,-0.04024632886347779,-0.9991897882849948,0.3281725749350022,-1.0354060284498638,0.3212300829152307,-0.7062749056890756,0.22860295421698826,-0.5991372939635169,-0.13417052167064203,-0.8690725047082686,0.22401879230306176,-0.8742409852786179,0.22638759198467379,-0.5691354449881285,0.12472998887284488,-0.5129494196765082,-0.20036028479201867,-0.7177579363904107,0.09914606821392566,-0.7527434197595496,0.11461312148049427,-0.5458690230895626,0.02103372670192591,-0.4897500030628516
PINCH,0.0,0.0,0.23571049920409098,-0.2741875870482819,0.37485626986142434,-0.619854689110228,0.5130862229690696,-0.8397237145704269,0.6816692419492334,-0.9655300679795358,0.030854148264140964,-1.0344444438035874,0.32235457933796463,-1.1360774865231063,0.5040033216796791,-1.1089388418230948,0.6558177526427016,-1.108565378853089,-0.10699831531856557,-0.9942592018779555,0.25227060115471805,-0.9969780212474988,0.2458196127575739,-0.6825720850441386,0.16117952664394491,-0.5831829519096029,-0.20318510694539202,-0.8739090541001229,0.15671049806366386,-0.8484872876839064,0.15248093765312903,-0.5529558277274786,0.06233464951780976,-0.4892396224727675,-0.2778931919982019,-0.7108852534482628,0.02156041208452551,-0.7294886083297282,0.03672676678470503,-0.5308102229927371,-0.048902621506133545,-0.46907396427742265
PINCH,0.0,0.0,0.26748864001145906,-0.28582837322795007,0.40850606107109644,-0.6435903971199273,0.5516252602769981,-0.8669581153108036,0.7115630175109074,-0.9977585434340764,0.06777171261179522,-1.036910817476131,0.3453527188838814,-1.158071662988688,0.5222728845877332,-1.1342670557422425,0.6728515547482681,-1.1374600299423097,-0.07324821694451758,-0.997313741364496,0.2676626384626715,-1.0016298379396895,0.2678709577093066,-0.6785010313290175,0.19465409697323163,-0.5815306454606144,-0.17569077428774918,-0.8781423617606906,0.16947973651943662,-0.8461629059168156,0.16724557816225646,-0.5502973533550974,0.07801709716962231,-0.49348378042467395,-0.25206024523193243,-0.7257509606844443,0.0398953591708563,-0.7391438244344528,0.056282797838422216,-0.5352055532203803,-0.027312397779276524,-0.474263222807386
PINCH,0.0,0.0,0.2604038341499981,-0.29551836314530006,0.39393768790923334,-0.6430806475832269,0.5311738206021822,-0.8724212465073339,0.7051114019742366,-1.0005088907154305,0.05272399705536957,-1.038597478961052,0.33002486072467746,-1.1673243738020276,0.5115424222308561,-1.1461736402055798,0.665385691714251,-1.1430118082291088,-0.09052898215796046,-0.9958938213431408,0.25899279415731574,-1.0203547067856202,0.26338201022013563,-0.6926236008363074,0.18531201146137716,-0.591434456827479,-0.19086314273982635,-0.8739061605445314,0.15954140553618504,-0.8624888469154359,0.16104358734539775,-0.5548892185892522,0.06919859511889132,-0.4942194162164704,-0.2671148794122205,-0.7151783987029678,0.02653804975296516,-0.7440087166019188,0.04744749196562504,-0.5335636345066377,-0.03600879374469622,-0.46938241354115745
PINCH,0.0,0.0,0.25032683132615163,-0.2840392634404943,0.3857590077117035,-0.6437364297349137,0.5144868294031226,-0.8761234778644916,0.6737121800852667,-1.0149332148075818,0.04004821803938205,-1.0378031459645456,0.30920426936312523,-1.1547010256634143,0.48686750606258183,-1.1359008313100842,0.6375553334198798,-1.1489912830459763,-0.10590307947865865,-0.9943764567591779,0.23347647731086055,-1.0113144568375332,0.23879158499239758,-0.6845464855666188,0.1597652276654084,-0.5986071303849817,-0.20983935853694513,-0.8720780998368265,0.12958390745805023,-0.8543021123347325,0.13678955210248797,-0.5552692255032374,0.044868979160025725,-0.507651916222841,-0.2891014496257603,-0.7147179029071113,-0.0023613215302170625,-0.7445501186009397,0.023998288849373533,-0.5391644321542718,-0.0621292208027119,-0.47934997802490265
PINCH,0.0,0.0,0.25643118084182787,-0.31031192568680377,0.3830802771889764,-0.6492331248396905,0.5175751464900585,-0.8688515802705741,0.6880944483570584,-1.0039192634734466,0.03150224169440503,-1.0481219189435063,0.31740484113017586,-1.1670638873832206,0.5025465509658251,-1.1444267865652749,0.6551360323033069,-1.1557068053484216,-0.11189664414133592,-0.9937198503752992,0.2412786189856955,-1.024770606918283,0.24790353572372084,-0.6995955652788742,0.16393543965887264,-0.6181204424694862,-0.21045377703460907,-0.8595395413410062,0.1375501061322137,-0.8577417428348261,0.1481690093710517,-0.5519666867341355,0.054835549358751234,-0.5154396228706105,-0.28337396149092997,-0.6939139853088426,0.00542825746571629,-0.7342137081795954,0.02844150034529828,-0.5199248876007065,-0.057741017429975235,-0.4665769342247434
PINCH,0.0,0.0,0.22318904428892308,-0.2671086974221663,0.3570951731746463,-0.6299018282810358,0.48162038443599997,-0.8623605174030565,0.6438820965895081,-0.9971415780333487,0.021382902561519847,-1.0358003439691004,0.27878714400987237,-1.1377973901735903,0.4480462767085173,-1.1234622915733565,0.5917992003670416,-1.1360473007498508,-0.1283034026360606,-0.9917349630178464,0.2127002563457689,-1.0002922360522029,0.21919610207542653,-0.6734794164275063,0.14040863968612707,-0.5892799165922669,-0.23396883599889576,-0.86720071437243,0.10713638058633819,-0.8364762068072132,0.11333952803966556,-0.5359396943120791,0.0254528884741508,-0.4847022453686769,-0.3150442816146155,-0.7023301353746257,-0.034626398134281706,-0.7286596501028572,-0.004050103667693041,-0.5225713698719514,-0.08122439300180291,-0.4589328225177305
PINCH,0.0,0.0,0.24394645969786483,-0.288738757601994,0.3696084463238397,-0.641997247350103,0.4989371135966662,-0.8689043395993389,0.6693576880462219,-1.0033774829693192,0.021849920795030904,-1.0427816160795358,0.28967424071269987,-1.1490171756474115,0.4609009060445939,-1.1359511711272559,0.6062436776091693,-1.155399504062614,-0.12244976780577523,-0.9924747122039491,0.21272763355339194,-1.0071163508593652,0.22530830371521474,-0.6887550586039158,0.152592368415704,-0.6004798213451724,-0.22495712866734724,-0.8608546674694714,0.11173938285363581,-0.8438180240677554,0.1228432790827489,-0.5489374486925858,0.036448315205703165,-0.5009506382731914,-0.30296600062077017,-0.6926032288763461,-0.02033716674267867,-0.7263412309055697,0.009172773971706055,-0.5182916939174351,-0.06711881340698027,-0.4573472733446317
PINCH,0.0,0.0,0.26554856312315167,-0.3141108083618713,0.38918611409628,-0.6514759562122199,0.5233671928647543,-0.8778203643173127,0.6978304514992073,-1.022406492146947,0.04077442132673674,-1.05194694079754,0.32118583362387904,-1.1646452449435252,0.501255417568027,-1.1477034952360352,0.6514405340856773,-1.1695157300257852,-0.10189317993390672,-0.994795345728435,0.24067030827997063,-1.0215587684389111,0.2498272145780347,-0.6988739712982944,0.16789274074757243,-0.6278916980176267,-0.20327371342801145,-0.8583927608425809,0.13628130135872746,-0.8542978942334202,0.15061316253871923,-0.5555409155244465,0.058065463006962956,-0.5283286979097161,-0.2793511558298506,-0.6941040208599759,0.0074532051826040726,-0.7320475379311424,0.03398552431019986,-0.5198835585492037,-0.048506303498419216,-0.4707907838553401
PINCH,0.0,0.0,0.22019329677445854,-0.2646182055623855,0.3486078799734678,-0.619857010116345,0.47167164335774625,-0.861678441893147,0.6370655472026002,-1.0066487223274856,0.013599076194396353,-1.0351535728890364,0.2729036927118472,-1.1437266453821868,0.441902983564935,-1.1397023273411695,0.5869408225693902,-1.1590946923773586,-0.13597344793855676,-0.990712481730043,0.19878130393111468,-1.0106616108616657,0.21229584704028973,-0.6809193201389718,0.13770405633519578,-0.580997365850638,-0.2438975281375382,-0.8654440683239689,0.09448603557121146,-0.848505086537576,0.10457150030237335,-0.5423140302151516,0.018099699129250874,-0.4798505305523506,-0.3286421158170426,-0.6978507199752847,-0.05118665029815873,-0.734770516654829,-0.016423748671248926,-0.5244824152611206,-0.09089219123324888,-0.45442338590614606
PINCH,0.0,0.0,0.22822375766025982,-0.27390495585667474,0.357570286294305,-0.6276596341508489,0.48317778964321506,-0.8575579259792929,0.6461797942276654,-1.0007664850254867,0.012205384177393992,-1.037075971298934,0.2710053218477265,-1.1423547327017047,0.44169656641650085,-1.1279798775980445,0.5854322605009499,-1.1405887464738613,-0.13212128250773753,-0.9912335581024841,0.20057616775137455,-1.001120442508226,0.21614414801479315,-0.6806396681844855,0.1429513082035584,-0.5931097615289608,-0.2349171987504714,-0.8617041253491207,0.10057468210910563,-0.8437151250955812,0.11599654031632069,-0.5466049357976939,0.03288472961875452,-0.4960417851695724,-0.31365227933613504,-0.6904990498925794,-0.036645444023173046,-0.7247163187522597,-0.001977958238984854,-0.5155215210753062,-0.07500818555538559,-0.4504364988906497
PINCH,0.0,0.0,0.2469644789563129,-0.28925191843669923,0.3680252225918799,-0.6445628008672224,0.4949328587553135,-0.8830929719424016,0.6617616695305661,-1.0304851249283917,0.0257801192589528,-1.0401742805393086,0.2881129707816333,-1.1641574507900578,0.4595060692500761,-1.1568692281052482,0.6071648037373465,-1.1767328921326428,-0.12102211027732793,-0.9926498117785659,0.21109198965250503,-1.0173296167406918,0.22706478733970986,-0.6853292642937681,0.1585081370827223,-0.5994904740587573,-0.22721263640863068,-0.8638878877139622,0.10838095823744467,-0.8545343098364884,0.12042810823261385,-0.5520552812108955,0.03272449372600405,-0.5046209947174793,-0.3100015439345621,-0.7015509695705661,-0.028567159178839587,-0.739202292767957,0.0040290853931273934,-0.5313029366496963,-0.07245465413843571,-0.4707509822666795
PINCH,0.0,0.0,0.27432999682375764,-0.32894375843050616,0.39685671817188883,-0.6563205607566336,0.5239231398398707,-0.885550689765623,0.6972357381231733,-1.039009384151432,0.0412995010428354,-1.053124386628785,0.32322414850632686,-1.181874903755,0.5084478841337832,-1.1747178166858212,0.6639784735993393,-1.192980201132727,-0.10617529571736818,-0.9943474275017405,0.24139773317782828,-1.0343333109141861,0.2560517388936884,-0.7037611880137792,0.17273889352503347,-0.6283197364566496,-0.20950147500419278,-0.8564565648296646,0.13271176222933165,-0.8586731750953307,0.15300085446814768,-0.5553144590381378,0.05667372260791301,-0.5290954042570192,-0.28632617896091744,-0.6942241212536774,0.0007834201197690293,-0.7358102139797559,0.0348809364676901,-0.521942835916624,-0.04782512473070222,-0.4718482086205183
PINCH,0.0,0.0,0.2583008974066328,-0.30477372917700557,0.38071406822192866,-0.649772780165903,0.5073080795794115,-0.8908647743212892,0.6831766609517622,-1.0423236878370448,0.031213626413235655,-1.0499082041471803,0.30271350067048775,-1.173759998167474,0.475240285015239,-1.1724010812209558,0.6240003423185484,-1.197673140890077,-0.11611390354611398,-0.9932359042056846,0.21799644441749122,-1.0304823052461145,0.2324607724985058,-0.6986592853667589,0.15645711701015835,-0.6204696311068901,-0.2222157003858429,-0.8589576574527822,0.11031075885406338,-0.8618062648175233,0.1252479187223938,-0.5564065022135267,0.03365024558479629,-0.5158326811762476,-0.3048055886771482,-0.6978477307349661,-0.02680925179694313,-0.7428196580031307,0.0068060288490684375,-0.5301255200344727,-0.07411710151329325,-0.47223600316153364
PINCH,0.0,0.0,0.28968486979605473,-0.32954244264047877,0.4117013250731261,-0.6596297804184214,0.543869576148497,-0.8987958875319717,0.7214385928436872,-1.0601021316503918,0.056142183267466166,-1.0556099582142966,0.33977248098959284,-1.1958176897758273,0.5238617881059476,-1.1933425392317754,0.678239595959775,-1.2161762847178497,-0.08916042293128476,-0.9960172784559084,0.2531420951678566,-1.0327527399629781,0.2665634953507921,-0.6996458236232265,0.1830726210754718,-0.633460566669115,-0.1928808503297468,-0.8577762376380615,0.14296432172866141,-0.860569613482068,0.1616141927848351,-0.5602491286518559,0.0639018590495187,-0.5351292993228774,-0.2705460995772166,-0.7007036161982687,0.010762788374212658,-0.740396646126129,0.04226896154855819,-0.5285125486823505,-0.04383690723290404,-0.478386400113038
PINCH,0.0,0.0,0.2516220946326294,-0.28980037813066717,0.3781310804314809,-0.6405201639927821,0.5017251131656941,-0.882682365786912,0.6727162804515712,-1.032961718542196,0.0402203575885171,-1.04422686049294,0.29969688140786666,-1.1663750983888999,0.46708598408253216,-1.1652065870790616,0.611938192726385,-1.1844821800621481,-0.10825967237736596,-0.9941226500471385,0.21524586914992022,-1.0083805850337115,0.22912360773255075,-0.6858246227743052,0.15701894944099584,-0.6009077103666837,-0.21795613614097326,-0.8611113484117983,0.10568172194056265,-0.8508330531821986,0.11937107183742678,-0.5529211346276128,0.03357569603604391,-0.5032710856535473,-0.3052922419138479,-0.6951847938341927,-0.03247032285803528,-0.7385169267863915,0.003024760988858457,-0.53231553803721,-0.07132295351498401,-0.46978576604086253
PINCH,0.0,0.0,0.2609318551086028,-0.30017715059114025,0.3858011042535362,-0.6482033257268042,0.5114354239344252,-0.8881563729937475,0.6857050970046803,-1.04089983676851,0.042548448090791675,-1.045487745560612,0.31181978919607906,-1.1778758071164175,0.48389391326787173,-1.1759997042111723,0.6324218315319996,-1.1977264959372895,-0.1071095893038306,-0.9942472207047726,0.22312863872487326,-1.0212279006094596,0.23878629755581351,-0.6941027576208453,0.16589669952247474,-0.6072234779602914,-0.21582709537418224,-0.8613971909526222,0.11514488718706348,-0.8593786802362327,0.13146521093695662,-0.5589197999063517,0.041607825068545656,-0.5156406260205745,-0.30040567741167257,-0.6979137095107324,-0.02041511978021142,-0.7410032729962779,0.013258727248263102,-0.530648306342704,-0.06572983388788421,-0.47204372042132914
PINCH,0.0,0.0,0.2564304212985392,-0.29785524566360494,0.38134702141435395,-0.6452940226306526,0.505522596621689,-0.8872673657089711,0.6807250562428729,-1.0402658593741414,0.033678617509739904,-1.0446736525587001,0.30177944349632807,-1.171452347272255,0.47127351476050533,-1.170673646977923,0.6172785716668888,-1.1907993387878575,-0.1133255180021957,-0.9935579132438802,0.22264910431832854,-1.0248358597063172,0.23561329537415343,-0.6936639979813721,0.16164130661573317,-0.6075283066364097,-0.21833731527964642,-0.8634726360214002,0.11772201991900647,-0.8635729524102358,0.12973275136058227,-0.5600736615937755,0.04156814970341334,-0.5137063826572748,-0.3000899520970255,-0.7012519568681107,-0.019596931387107417,-0.7459297444053088,0.012553563394058604,-0.5371466005815853,-0.06428442147096328,-0.47724455275773814
PINCH,0.0,0.0,0.26670162669991315,-0.31187137231596057,0.3923636822593295,-0.6525436589259748,0.5188913352829787,-0.8977938109913068,0.6928021952430898,-1.060652429762666,0.03908528117854501,-1.052598263546724,0.3073589635558643,-1.199407310770341,0.4821443101512868,-1.1896758618713046,0.6289707893857197,-1.2012744984719281,-0.10751082999242077,-0.9942039134072753,0.22842208538554704,-1.0326873284375437,0.24729806700488374,-0.695046826384169,0.1738182163264693,-0.604887312005467,-0.2129205254625996,-0.8585299960066219,0.12016849011106782,-0.862596156834204,0.13614221509519325,-0.5549359427338058,0.044173581236364105,-0.5076723355536714,-0.2937944348215489,-0.7000628586355585,-0.015308941975618499,-0.7455116895903339,0.017470049541694673,-0.5345566522081954,-0.06435407757240276,-0.47640069347494035
PINCH,0.0,0.0,0.2500887949361283,-0.2932307784654398,0.3779483410647246,-0.6371149772411083,0.4995421557537297,-0.8801883227676413,0.6704960292727759,-1.0389115521338588,0.0260375761597058,-1.0457204158735622,0.2928027820335903,-1.1761154503531734,0.4638337914722718,-1.1727958793551445,0.6099235431495391,-1.1920215813158386,-0.12300651532026312,-0.9924058631370363,0.2107448182303891,-1.020667941521098,0.22439480874540163,-0.6917131216653496,0.1493982464570866,-0.6162303417981849,-0.22854310806999795,-0.8602406785841459,0.10796046690186677,-0.8539843761303128,0.12051442302418278,-0.5559320914775984,0.03239663183785419,-0.5186694213751545,-0.30937950700745853,-0.6961406552910703,-0.028447250032081612,-0.734520830609202,0.00382027286222992,-0.528865449444526,-0.07393199571555809,-0.47353684262962975
PINCH,0.0,0.0,0.2909583221113129,-0.3354276937137396,0.41543820669984416,-0.6617358653592712,0.5461886911683975,-0.9070418128373573,0.7266939204075317,-1.0800564187399495,0.04717793450137916,-1.0645940244319547,0.33078923480012007,-1.2088277252258395,0.5111645388509005,-1.2138401022291723,0.6646845894276218,-1.2386977854071533,-0.09728891244492824,-0.9952561818523326,0.24396277805129793,-1.0519893947705181,0.2596306710918705,-0.7087013450608196,0.18114442108002352,-0.6322126653450508,-0.20033173045231006,-0.8564209787440478,0.13332086921800435,-0.8723179504061915,0.15105754381941525,-0.5656881393212345,0.05686484764849144,-0.5285771668278192,-0.2784586229558972,-0.7038863317283618,-0.0025453311173954892,-0.7518547820082456,0.030085875115326066,-0.5379725735972503,-0.05224825908191331,-0.4831203284240703
PINCH,0.0,0.0,0.24109963984141636,-0.28843697275722335,0.3692914551479877,-0.6355807416621554,0.49077487196369873,-0.8787513104118551,0.664801076654863,-1.0347431002345446,0.021744583379581486,-1.0437088066979034,0.283762522301284,-1.1671941819586944,0.45288898814848033,-1.1669958918769854,0.6005369400592578,-1.187400939541544,-0.12759155674400668,-0.9918267966977102,0.2029420713890738,-1.0184596049376822,0.2166772895717998,-0.6906448083454255,0.1439578052528867,-0.601068511754274,-0.2350792444086595,-0.8585048494373592,0.098820607425607,-0.86104541274969,0.11317587914759002,-0.5561653370611852,0.029934996042345178,-0.5000013729910442,-0.3174577698473416,-0.6890487320012348,-0.04243498499181655,-0.7426517138719124,-0.005665390392305918,-0.5349237956537652,-0.07816554183193736,-0.46753602307993447
PINCH,0.0,0.0,0.2752177385764797,-0.3184971455669216,0.40215086941883676,-0.6502487177798093,0.5268042555616896,-0.8908610162519465,0.7032303344884947,-1.0569729216701549,0.04305052882538269,-1.054754929469753,0.32165723991826206,-1.1987000048771856,0.5012380257832588,-1.1979537612623303,0.6534339533925103,-1.2163795252393108,-0.1030729152276808,-0.9946738028853819,0.23705921260680995,-1.0306019398114903,0.25149307722812553,-0.7022475660576595,0.17198876215500755,-0.6150433052240574,-0.20817375703704433,-0.8551693462126443,0.12618068880592215,-0.8607668105449685,0.14320896939796482,-0.5579408967483539,0.049544331261468386,-0.515715163497285,-0.28793446663270145,-0.6941168589619741,-0.007923552370741948,-0.7432674456301983,0.026371445292053524,-0.5320294090950173,-0.05491367050799075,-0.47383816387154026
PINCH,0.0,0.0,0.24302269237952356,-0.28785218835424714,0.37293413355525973,-0.6345832334173176,0.49170888010953645,-0.879527348151986,0.6628217514979637,-1.043517124857612,0.018353403614424113,-1.043214014445578,0.28643576066982623,-1.1697565901610267,0.45554489954811656,-1.1718026990518566,0.6012237626296112,-1.1899562633803857,-0.13127231376589749,-0.9913463469638387,0.19959508206045765,-1.0186304876020964,0.21835077726746524,-0.6931944259092172,0.14885010464308146,-0.599778932545262,-0.23753762090538338,-0.8593112015406688,0.0978172405000327,-0.8582609944009224,0.11257228726274923,-0.5566740870989806,0.02797352368931573,-0.49853732829548214,-0.3196646372226626,-0.6923728012840933,-0.04403990925671874,-0.7425332573109464,-0.006721882381414962,-0.538098008669119,-0.07947099429039049,-0.4722092124388087
PINCH,0.0,0.0,0.24799377430238753,-0.29273547251965554,0.3707848062772104,-0.6419920303549507,0.49393341868312163,-0.8879219153205551,0.6664292653949359,-1.0450473640925635,0.027249989265613676,-1.0381456418907449,0.2899655008463978,-1.1730903231860053,0.4598745351409925,-1.1788195537934079,0.6047274059058668,-1.2077328424492029,-0.1162286196711173,-0.9932224866410078,0.212276130632928,-1.0143754515267156,0.22802487613136563,-0.6877364517360068,0.1554582910084035,-0.5881066680137501,-0.22099548716186238,-0.8655053331386972,0.1078276924311813,-0.8610607139181304,0.11984164593737895,-0.5587362755888583,0.031230582341235873,-0.4998057495519024,-0.30313412934032113,-0.7035041486568475,-0.02902960726635226,-0.7404494359643627,0.0016298223266552434,-0.5314460003654419,-0.07658008785425413,-0.46652342040200984
PINCH,0.0,0.0,0.2825625145744953,-0.33465076497741536,0.4039971744968804,-0.6647444470445931,0.5343377896979733,-0.9084717901745858,0.7098716338083934,-1.0815929101123203,0.05272926141294665,-1.0580954294977984,0.32703481739743445,-1.2086349154145857,0.504977771723768,-1.2108291700714413,0.6513226196207736,-1.2356392164697023,-0.08912990836488109,-0.9960200095554647,0.24542817610822013,-1.0404717944302788,0.26164796383869493,-0.7084716918762473,0.18254381274521253,-0.6143740501905042,-0.19318551648773527,-0.8576693506173672,0.13399566615896502,-0.8720345956275539,0.152930584638466,-0.5682881739584937,0.05928293886046185,-0.5201714871791224,-0.271878492563965,-0.7014704083956327,0.003965501502511777,-0.7512984785754206,0.036846854034025364,-0.5407673102434828,-0.04601773565997067,-0.48176421987434925
PINCH,0.0,0.0,0.23638011299922032,-0.28540023367654505,0.3640635252446716,-0.6329241855997909,0.4801795636722027,-0.8779714254840895,0.6466250243182025,-1.0408787104997794,0.015605061256315753,-1.0392670535048458,0.27019197504833586,-1.1706870426946603,0.44079379043323585,-1.1691602693195442,0.5873224980597537,-1.1861811327653347,-0.13295072380052209,-0.9911226488386374,0.1969806452029229,-1.0139549844316085,0.2158201684978418,-0.694505214570459,0.14609133062813853,-0.6023733258677415,-0.23789194685724857,-0.8625363012346483,0.09663224845819791,-0.8568306506668403,0.11095143605243939,-0.5621197024997612,0.02778767155067271,-0.5059595678469536,-0.31911979893637915,-0.6961959830990624,-0.03983995719406997,-0.7371734939768456,-0.005543749210276191,-0.5359486111939715,-0.08016601458429441,-0.47269220592442696
PINCH,0.0,0.0,0.2600330715245096,-0.3107877819271162,0.3860597309801981,-0.6573299614230453,0.508830481788753,-0.9023483195553829,0.676377522387985,-1.0653314199888502,0.03644723723351683,-1.0505622073159138,0.2984166654398261,-1.1977028502616158,0.4703292641126014,-1.2007701691962251,0.6173230213628431,-1.2253496182588954,-0.11142593331578003,-0.9937727413170012,0.2178957704600334,-1.0345192940555206,0.23377889512465938,-0.7063628258614576,0.15804036798011575,-0.6231923433444975,-0.21725799853056868,-0.8598337238613912,0.11078165233392825,-0.8683919181034694,0.12861956639507832,-0.5654649977795134,0.03887874271460102,-0.5222695436853888,-0.29831666796244616,-0.6992302868988458,-0.022397130843766707,-0.7518382915625251,0.012493060415638805,-0.5389354827034673,-0.06428311336342228,-0.47787849763245194
PINCH,0.0,0.0,0.2365611956507777,-0.2946494181061345,0.36270354609086874,-0.6423052593470947,0.4862830152525233,-0.8858768654817906,0.6572133229263573,-1.0469486578740939,0.0073258481191901875,-1.0410028140462553,0.26853768869090944,-1.1726709528874117,0.436867319150816,-1.175967573224899,0.5828635123875266,-1.1978057026347906,-0.1370278627651774,-0.9905671934937114,0.19671477407876053,-1.0292951269627586,0.21227515702969144,-0.7057070358412021,0.14213857484474404,-0.6089778445168723,-0.23894799766087935,-0.8627569559482302,0.09775290668486383,-0.872408498876429,0.1093615774702932,-0.5709671285302841,0.026795281356341037,-0.5109048605759127,-0.31711689510654284,-0.6986161109617697,-0.039552258295644196,-0.7479804317499654,-0.009945253558637727,-0.5426674784122186,-0.08570019023815822,-0.47798120591883847
PINCH,0.0,0.0,0.23504524601616258,-0.2858005763509408,0.36077415779420174,-0.6339219265016888,0.47716176488190465,-0.8701681527418244,0.6403129546834756,-1.0283838838571782,0.019541289862505272,-1.039810029025577,0.2744824641300289,-1.156953587590784,0.4418533594463542,-1.1545582151985503,0.5850612763250039,-1.178306369450269,-0.12408742511702706,-0.9922712889768736,0.19919628502631403,-1.0067884605559478,0.21096378081018252,-0.6893413211259227,0.13463400901684355,-0.6031320339891352,-0.22772457617618347,-0.8626759701294011,0.0960880766774882,-0.8569759619946653,0.11203318141672859,-0.5606006629296789,0.028551795992707622,-0.5086747244243812,-0.30677203261283675,-0.6947664175121185,-0.039654121473549055,-0.7389468124149697,-0.00415583487293274,-0.5319942084069508,-0.07696630080331138,-0.46707126426271833
PINCH,0.0,0.0,0.2426684508453051,-0.2863239446967208,0.36931844926994173,-0.6343595407208007,0.48693789880186594,-0.8737610996417705,0.6510730568154133,-1.0332432720821678,0.0324324580668111,-1.0411723565200504,0.2877274417084815,-1.169496783019598,0.4558220332118474,-1.1652285801871922,0.5996457824711932,-1.1876764482325763,-0.11279793203760181,-0.9936179479699633,0.21076224801802382,-1.0044837095552541,0.2201150398246365,-0.6847485641156007,0.14240588043818464,-0.602505323422835,-0.21908599581561353,-0.86287029966979,0.10373729216895726,-0.8543176134396419,0.11828975970474115,-0.5570964688245669,0.03285704398280896,-0.5086315836930104,-0.30177891695094733,-0.6964612519376683,-0.03235408679367438,-0.7410999796556431,0.0020180041433900723,-0.5323906547866619,-0.07284093351157805,-0.46721988858423685
PINCH,0.0,0.0,0.23698960105750655,-0.2803163362412491,0.36555978604463957,-0.6319546627260968,0.48352399560473774,-0.8752828661703868,0.6481763893648259,-1.0347192009147081,0.024016876390988675,-1.0361820979523535,0.27686172123866,-1.1679670151943722,0.4425448971781508,-1.1631317117416031,0.5848600433154865,-1.1783620466450946,-0.12012040089176179,-0.9927593310010249,0.20339803714498758,-1.0192812935422506,0.21775178013838953,-0.6983357089534029,0.1462089561635952,-0.6049149490400273,-0.22440028024210518,-0.8693230526339825,0.10201568740001361,-0.8643181623616845,0.11515456391289414,-0.5667382475198494,0.031646766091480746,-0.5117509856028766,-0.3057432893881214,-0.7071537740345899,-0.03483334626002323,-0.7456974079376449,-0.005413236003747918,-0.5398291235516675,-0.08291789641935449,-0.4763933137586838
PINCH,0.0,0.0,0.2682861165706967,-0.31927065732404847,0.392303060500128,-0.65867395616312,0.5169166852044871,-0.8942082433171465,0.6879418955933071,-1.0535740443466637,0.04309732009498118,-1.0480438211536824,0.3145024601809749,-1.1908716713875827,0.4920466562249581,-1.179685361759175,0.6399041294300748,-1.1960023957484693,-0.1008562815608065,-0.994901005361703,0.2277946676779794,-1.0340563411938677,0.23830841343424633,-0.707190983992961,0.15603150914896843,-0.6272670262708903,-0.204002635118558,-0.863412942599446,0.12172755659201005,-0.8714725262929148,0.1383197095999221,-0.5691063408295184,0.04559986476412267,-0.5350769367415744,-0.2833947265006137,-0.7043819400770311,-0.008841122539802735,-0.7465011669874085,0.01891006782548858,-0.5368766784096105,-0.0647562388532719,-0.4874543024695616
PINCH,0.0,0.0,0.2571024553231427,-0.3115299361139846,0.3803227915466407,-0.6526339148327509,0.5090189744312709,-0.8937238956957451,0.6818044656385523,-1.0515397957737067,0.0311664509025568,-1.04778219329479,0.30456618507714167,-1.1845195047841248,0.47782188719977015,-1.1772178463858187,0.623111386647749,-1.19604840923727,-0.11030615909660434,-0.9938976563335656,0.23148401665656376,-1.03875502876963,0.23975571200354304,-0.7134768698402242,0.15892641026823712,-0.626550144369879,-0.20998276019639567,-0.8623831581218627,0.12612692956508326,-0.8755767499155137,0.1385220478521471,-0.5726465448039785,0.047671205781680465,-0.5295085512289791,-0.28642323760865446,-0.7024599324840978,-0.00609311195541008,-0.7473688193399419,0.019347522535409004,-0.5388542201072709,-0.06531801492310328,-0.48498102993454445
